0.00066,0.69121,45.78666,1.00000,1.74351,0
0.00010,0.90592,45.06398,1.00000,1.68585,0
0.00017,1.00000,45.98688,1.00000,1.67329,0
0.00179,0.89189,44.89194,1.00000,1.71809,0
0.00013,0.78590,45.76872,1.00000,1.71819,0
0.00032,0.57169,44.67403,1.00000,1.72234,0
0.00062,0.69265,45.80246,1.00000,1.71408,0
0.00030,0.62195,45.16698,1.00000,1.73454,0
0.00029,0.87241,44.78009,1.00000,1.70069,0
0.00032,0.61224,46.24237,1.00000,1.72216,0
0.00003,1.00000,45.42025,1.00000,1.76775,0
0.00095,0.45691,44.51503,1.00000,1.71859,0
0.00029,0.66953,46.12324,1.00000,1.71175,0
0.00050,0.50436,44.25475,1.00000,1.71945,0
0.00012,0.87900,45.28030,1.00000,1.71167,0
0.01020,0.48264,45.85832,1.00000,1.70855,0
0.00001,1.00000,44.50787,1.00000,1.69258,0
0.00052,0.58317,44.87943,1.00000,1.70252,0
0.00000,1.00000,46.76057,1.00000,1.69266,0
0.00030,0.47260,45.19465,1.00000,1.70651,0
0.00008,0.95853,45.54221,1.00000,1.70861,0
0.00003,0.99099,44.76361,1.00000,1.69378,0
0.00041,0.40741,46.68502,1.00000,1.69103,0
0.00033,0.41743,45.76558,1.00000,1.69114,0
0.00040,0.47981,44.55110,1.00000,1.70196,0
0.00095,0.39846,45.75054,1.00000,1.70102,0
0.00021,0.67347,45.04185,1.00000,1.69308,0
0.00025,0.49650,44.41440,1.00000,1.66969,0
0.00081,0.46865,45.96346,1.00000,1.71182,0
0.00013,0.80580,43.26388,1.00000,1.68042,0
0.00020,0.86707,46.14859,1.00000,1.71050,0
0.00002,0.97917,45.32888,1.00000,1.77074,0
0.00030,0.63115,46.36413,1.00000,1.69551,0
0.00725,0.50175,45.04824,1.00000,1.69669,0
0.00032,0.46463,46.68602,1.00000,1.68894,0
0.00026,0.46895,45.31825,1.00000,1.69891,0
0.00042,0.61431,45.02903,1.00000,1.68095,0
0.00008,0.99225,45.99907,1.00000,1.74222,0
0.00002,1.00000,44.66368,1.00000,1.66999,0
0.00002,1.00000,46.03910,1.00000,1.71608,0
0.00028,0.46895,45.30474,1.00000,1.69314,0
0.00060,0.43260,45.45679,1.00000,1.71307,0
0.00049,0.45946,46.00568,1.00000,1.68528,0
0.00111,0.41275,45.29593,1.00000,1.69271,0
0.00030,0.69794,45.42557,1.00000,1.71021,0
0.00023,0.65632,45.77259,1.00000,1.67503,0
0.00011,0.99338,45.76599,1.00000,1.71023,0
0.00021,0.93069,45.00790,1.00000,1.69495,0
0.00056,0.39264,43.52158,1.00000,1.71476,0
0.00041,0.47848,44.69267,1.00000,1.67770,0
0.00059,0.46895,46.54323,1.00000,1.68028,0
0.00187,0.56169,46.13512,1.00000,1.69248,0
0.00109,0.62105,45.25336,1.00000,1.68713,0
0.00111,0.58918,44.37884,1.00000,1.69952,0
0.00013,0.77686,45.42031,1.00000,1.70920,0
0.00306,0.44207,45.43921,1.00000,1.72029,0
0.00035,0.75827,44.33387,1.00000,1.72407,0
0.00209,0.60377,44.56235,1.00000,1.70423,0
0.00051,0.61885,44.91654,1.00000,1.72498,0
0.00037,0.46346,45.50192,1.00000,1.69571,0
0.00070,0.42723,45.71688,1.00000,1.71495,0
0.00003,1.00000,45.97220,1.00000,1.73174,0
0.00043,0.46557,45.14637,1.00000,1.69910,0
0.00002,0.95349,45.60068,1.00000,1.69249,0
0.00019,0.66590,46.59782,1.00000,1.70874,0
0.00053,0.56757,45.78354,1.00000,1.69646,0
0.00018,0.89711,46.37840,1.00000,1.72580,0
0.00010,0.96685,45.90462,1.00000,1.73000,0
0.00003,0.97590,46.18062,1.00000,1.75858,0
0.00003,1.00000,44.15040,1.00000,1.70872,0
0.00035,0.76546,45.79876,1.00000,1.68522,0
0.00086,0.41886,44.22621,1.00000,1.71173,0
0.00052,0.42748,43.31317,1.00000,1.72986,0
0.00050,0.40152,44.41028,1.00000,1.72806,0
0.00041,0.39521,45.89071,1.00000,1.70896,0
0.00029,0.48604,46.58515,1.00000,1.71149,0
0.00215,0.41835,46.35535,1.00000,1.70636,0
0.00016,0.69340,45.02419,1.00000,1.72335,0
0.00167,0.43849,44.29161,1.00000,1.70037,0
0.00034,0.78994,44.29316,1.00000,1.73874,0
0.00034,0.43218,44.80793,1.00000,1.72832,0
0.00026,0.65126,44.48963,1.00000,1.68041,0
0.00002,1.00000,45.42857,1.00000,1.80875,0
0.00021,0.57865,46.52913,1.00000,1.69463,0
0.00089,0.57547,46.40455,1.00000,1.70282,0
0.00054,0.46500,45.75127,1.00000,1.69185,0
0.00007,0.99310,46.07067,1.00000,1.70659,0
0.00017,0.71495,44.99129,1.00000,1.70668,0
0.00006,1.00000,45.79819,1.00000,1.65989,0
0.00014,0.72596,44.60187,1.00000,1.72594,0
0.00004,1.00000,45.67509,1.00000,1.67876,0
0.00207,0.40763,44.58747,1.00000,1.69302,0
0.00731,0.66667,46.31586,1.00000,1.70605,0
0.00031,0.58318,46.43528,1.00000,1.67384,0
0.00105,0.48505,45.76313,1.00000,1.69297,0
0.00126,0.52415,46.58625,1.00000,1.70215,0
0.00019,0.71395,45.32092,1.00000,1.71433,0
0.00029,0.68519,44.61734,1.00000,1.72986,0
0.00027,0.59429,44.38260,1.00000,1.69186,0
0.00067,0.64043,45.51775,1.00000,1.72081,0
0.00049,0.37630,44.88962,1.00000,1.73374,0
0.00024,0.49470,45.06970,1.00000,1.68747,0
0.00027,0.82029,44.27427,1.00000,1.69311,0
0.00021,0.93600,45.95547,1.00000,1.68790,0
0.00025,0.55064,44.78137,1.00000,1.73695,0
0.00044,0.62500,45.29804,1.00000,1.69215,0
0.00003,1.00000,44.83746,1.00000,1.69428,0
0.00026,0.84118,46.32906,1.00000,1.70970,0
0.00017,0.78515,45.70056,1.00000,1.71637,0
0.00011,1.00000,45.11928,1.00000,1.68068,0
0.00130,0.53310,44.79661,1.00000,1.70549,0
0.00055,0.39201,46.68005,1.00000,1.70082,0
0.00050,0.49169,44.19281,1.00000,1.70042,0
0.00017,0.68646,45.32203,1.00000,1.69154,0
0.00021,0.62963,45.53308,1.00000,1.69582,0
0.00021,0.70302,45.66127,1.00000,1.70205,0
0.00004,0.99145,45.65516,1.00000,1.66451,0
0.00063,0.50174,45.82690,1.00000,1.67824,0
0.00013,0.96000,43.94602,1.00000,1.70753,0
0.00029,0.52531,44.96823,1.00000,1.70408,0
0.00055,0.59117,45.61220,1.00000,1.71437,0
0.00064,0.81667,45.41856,1.00000,1.72689,0
0.00051,0.44408,45.72547,1.00000,1.69776,0
0.00031,0.53370,45.36667,1.00000,1.71292,0
0.00070,0.43146,45.98513,1.00000,1.71721,0
0.00037,0.40271,44.45326,1.00000,1.68569,0
0.00114,0.58027,46.04634,1.00000,1.70446,0
0.00267,0.63270,44.34593,1.00000,1.70279,0
0.00108,0.77482,44.17228,1.00000,1.69697,0
0.00004,0.98675,45.21962,1.00000,1.71217,0
0.00668,0.47317,44.74891,1.00000,1.68399,0
0.00010,0.89437,45.15286,1.00000,1.70634,0
0.00005,0.99254,45.79772,1.00000,1.71055,0
0.00048,0.69647,45.89208,1.00000,1.69837,0
0.00018,0.69585,43.83353,1.00000,1.67796,0
0.00009,0.93750,46.13215,1.00000,1.75127,0
0.00105,0.42902,45.17114,1.00000,1.71553,0
0.00195,0.56903,43.79584,1.00000,1.69172,0
0.00048,0.43631,45.29400,1.00000,1.70510,0
0.00030,0.76658,45.57618,1.00000,1.70505,0
0.00027,0.70406,44.21766,1.00000,1.70454,0
0.00065,0.75448,45.98946,1.00000,1.69122,0
0.00040,0.46040,45.47362,1.00000,1.71034,0
0.00021,0.64017,45.69967,1.00000,1.68529,0
0.00025,0.80926,47.06076,1.00000,1.69756,0
0.00015,0.68213,44.99014,1.00000,1.69063,0
0.00011,0.87261,46.46965,1.00000,1.71092,0
0.00073,0.45820,45.25364,1.00000,1.69624,0
0.00028,0.52212,44.22988,1.00000,1.71364,0
0.00101,0.54991,44.31605,1.00000,1.70589,0
0.00020,0.59188,44.60964,1.00000,1.73546,0
0.00018,0.86022,46.17062,1.00000,1.70942,0
0.00081,0.50000,45.23293,1.00000,1.70071,0
0.00021,0.53962,44.03699,1.00000,1.73321,0
0.00033,0.41159,44.23476,1.00000,1.70675,0
0.00072,0.46602,45.86953,1.00000,1.71484,0
0.00277,0.45600,44.27919,1.00000,1.70753,0
0.00039,0.61157,45.12768,1.00000,1.70026,0
0.00006,1.00000,45.68606,1.00000,1.68814,0
0.00034,0.93981,45.11098,1.00000,1.72010,0
0.00028,0.41915,45.21132,1.00000,1.72297,0
0.00049,0.49832,43.18306,1.00000,1.68029,0
0.00123,0.44164,45.85096,1.00000,1.71555,0
0.00036,0.41088,45.52920,1.00000,1.69431,0
0.00641,0.46732,43.64679,1.00000,1.70356,0
0.00009,0.94068,46.39193,1.00000,1.70505,0
0.00087,0.60200,45.00381,1.00000,1.72956,0
0.00042,0.60077,44.21096,1.00000,1.68108,0
0.00010,0.88112,46.50486,1.00000,1.69672,0
0.00064,0.53427,44.52903,1.00000,1.69347,0
0.00061,0.46952,46.10792,1.00000,1.66883,0
0.00014,0.89051,44.96511,1.00000,1.71928,0
0.00049,0.42523,45.78777,1.00000,1.69783,0
0.00032,0.41705,44.99989,1.00000,1.69976,0
0.00026,0.48067,44.04921,1.00000,1.71098,0
0.00039,0.48211,45.90825,1.00000,1.70770,0
0.00110,0.72947,46.89085,1.00000,1.73209,0
0.00029,0.63975,45.72471,1.00000,1.70807,0
0.00025,0.51318,45.65603,1.00000,1.71230,0
0.00430,0.54414,45.19135,1.00000,1.71798,0
0.00158,0.47455,44.88254,1.00000,1.71362,0
0.00029,0.49497,45.71437,1.00000,1.68246,0
0.00002,1.00000,43.93133,1.00000,1.76587,0
0.00003,1.00000,45.87706,1.00000,1.74543,0
0.00103,0.44444,45.18997,1.00000,1.72051,0
0.00032,0.43239,45.31827,1.00000,1.70245,0
0.00143,0.55910,44.72034,1.00000,1.72090,0
0.00022,0.57280,44.75238,1.00000,1.69056,0
0.00010,0.98883,45.53082,1.00000,1.70374,0
0.00013,0.83041,45.00196,1.00000,1.71081,0
0.00015,0.74519,44.85138,1.00000,1.71045,0
0.00036,0.42121,44.08271,1.00000,1.70397,0
0.00129,0.86469,45.72710,1.00000,1.70418,0
0.00009,0.94393,45.08040,1.00000,1.69333,0
0.01521,0.37113,45.49753,1.00000,1.69144,0
0.00006,0.98507,44.23551,1.00000,1.70904,0
0.00006,0.99048,44.58670,1.00000,1.72391,0
0.00062,0.75750,44.84507,1.00000,1.70571,0
0.00091,0.40483,45.84664,1.00000,1.68526,0
0.00056,0.62348,44.71314,1.00000,1.72381,0
0.00092,0.97590,44.74214,1.00000,1.67095,0
0.00017,0.84762,46.92459,1.00000,1.71211,0
0.00034,0.49490,44.69142,1.00000,1.70471,0
0.00045,0.75750,45.24616,1.00000,1.68759,0
0.00026,0.50351,44.80780,1.00000,1.72160,0
0.00008,1.00000,45.49168,1.00000,1.68774,0
0.00029,0.48241,44.80841,1.00000,1.70435,0
0.00032,0.47906,44.69887,1.00000,1.70902,0
0.00133,0.66667,45.89001,1.00000,1.70302,0
0.00118,0.99387,45.93729,1.00000,1.68927,0
0.00010,1.00000,45.96707,1.00000,1.77302,0
0.00038,0.39117,46.57745,1.00000,1.68929,0
0.00039,0.44968,44.80251,1.00000,1.68563,0
0.00043,0.88449,43.86180,1.00000,1.72002,0
0.00026,0.57455,44.98513,1.00000,1.71412,0
0.00024,0.61826,45.27835,1.00000,1.70859,0
0.00007,0.95853,45.15271,1.00000,1.71138,0
0.00029,0.65659,45.12407,1.00000,1.72535,0
0.00449,0.47078,44.62488,1.00000,1.71831,0
0.00448,0.69417,45.58398,1.00000,1.67913,0
0.00068,0.37941,46.98700,1.00000,1.71492,0
0.00305,0.40399,45.29349,1.00000,1.70829,0
0.00161,0.42925,44.83829,1.00000,1.71284,0
0.00075,0.43678,44.38914,1.00000,1.70159,0
0.00016,0.86275,44.71654,1.00000,1.71225,0
0.00031,0.61847,44.67316,1.00000,1.70721,0
0.00031,0.76454,45.64775,1.00000,1.68533,0
0.00084,0.50171,45.58310,1.00000,1.69781,0
0.00029,0.79348,45.96713,1.00000,1.70231,0
0.00099,0.69438,44.89592,1.00000,1.71114,0
0.00015,0.71795,44.95606,1.00000,1.70300,0
0.00036,0.74442,44.57001,1.00000,1.68809,0
0.00058,0.41258,45.48623,1.00000,1.71179,0
0.00035,0.44201,45.45894,1.00000,1.68679,0
0.00076,0.38095,45.19018,1.00000,1.69829,0
0.00040,0.71256,45.12355,1.00000,1.72239,0
0.00121,0.76071,45.55340,1.00000,1.68464,0
0.00062,0.40888,45.14125,1.00000,1.70240,0
0.00012,1.00000,44.38809,1.00000,1.72357,0
0.00049,0.55102,45.46144,1.00000,1.70851,0
0.00006,0.96410,44.97137,1.00000,1.66557,0
0.00040,0.46423,44.23493,1.00000,1.71167,0
0.00592,0.49916,45.79689,1.00000,1.72199,0
0.00013,0.91154,44.68189,1.00000,1.69114,0
0.00029,0.56497,44.78843,1.00000,1.71385,0
0.01116,0.78142,44.75069,1.00000,1.68588,0
0.00036,0.45265,45.58015,1.00000,1.70681,0
0.00046,0.85015,45.02138,1.00000,1.72435,0
0.00022,0.55277,44.51157,1.00000,1.70215,0
0.00039,0.47377,44.32810,1.00000,1.71879,0
0.00072,0.41950,46.15309,1.00000,1.70290,0
0.00099,0.45932,47.07296,1.00000,1.69072,0
0.00031,0.82000,45.73705,1.00000,1.72066,0
0.00015,0.95327,46.40593,1.00000,1.71563,0
0.00084,0.38166,45.17456,1.00000,1.69408,0
0.00022,0.97931,45.14711,1.00000,1.67050,0
0.00044,0.41975,44.85696,1.00000,1.70074,0
0.00006,0.97283,44.30219,1.00000,1.69465,0
0.00053,0.46091,46.03889,1.00000,1.70111,0
0.00015,0.73349,44.41760,1.00000,1.72293,0
0.00089,0.70546,44.35967,1.00000,1.66331,0
0.00035,0.50436,44.36255,1.00000,1.69797,0
0.00102,0.89964,44.07970,1.00000,1.72535,0
0.00013,0.93103,45.00236,1.00000,1.70990,0
0.00014,0.97207,44.86021,1.00000,1.71420,0
0.00105,0.46353,45.88762,1.00000,1.71441,0
0.00005,0.99254,45.14018,1.00000,1.71525,0
0.00064,0.97949,44.75656,1.00000,1.72268,0
0.00373,0.47245,44.75041,1.00000,1.70423,0
0.00095,0.50436,44.55272,1.00000,1.73297,0
0.00031,0.39339,43.84915,1.00000,1.68601,0
0.00035,0.64490,46.38459,1.00000,1.72296,0
0.00012,0.87543,44.35453,1.00000,1.73386,0
0.00078,0.39222,45.78922,1.00000,1.67241,0
0.00006,0.95408,45.02479,1.00000,1.70037,0
0.00028,0.62527,45.45774,1.00000,1.72516,0
0.00010,0.96774,45.24963,1.00000,1.70807,0
0.00407,0.66968,45.26001,1.00000,1.71221,0
0.00065,0.38623,44.97728,1.00000,1.72084,0
0.00078,0.61188,46.34755,1.00000,1.71491,0
0.00032,0.39275,45.06004,1.00000,1.69993,0
0.00015,1.00000,45.67389,1.00000,1.76094,0
0.00030,0.68822,44.69185,1.00000,1.71588,0
0.00019,0.66667,45.05127,1.00000,1.71525,0
0.00019,0.66886,45.52793,1.00000,1.70638,0
0.00203,0.48185,45.08910,1.00000,1.71969,0
0.00043,0.42880,45.19227,1.00000,1.69376,0
0.00185,0.66370,45.53286,1.00000,1.71949,0
0.00023,0.58052,45.15222,1.00000,1.68726,0
0.00046,0.41821,45.44409,1.00000,1.71237,0
0.00022,0.60971,45.53399,1.00000,1.67740,0
0.00035,0.49317,45.21952,1.00000,1.70796,0
0.00034,0.80556,46.52769,1.00000,1.71762,0
0.00077,0.41194,45.18504,1.00000,1.71279,0
0.00092,0.47078,45.27907,1.00000,1.70543,0
0.00019,0.88489,44.62749,1.00000,1.72272,0
0.00041,0.73488,45.06038,1.00000,1.72122,0
0.00061,1.00000,45.98071,1.00000,1.68466,0
0.00111,0.60396,45.05628,1.00000,1.70307,0
0.00010,0.85906,44.77562,1.00000,1.68519,0
0.00038,0.41221,44.80057,1.00000,1.67766,0
0.00086,0.76944,45.13698,1.00000,1.70167,0
0.00017,0.78068,46.10806,1.00000,1.70368,0
0.00012,0.81918,44.73596,1.00000,1.71486,0
0.00356,0.82769,44.85098,1.00000,1.73672,0
0.00068,0.87702,46.55484,1.00000,1.71236,0
0.00026,0.46970,45.64765,1.00000,1.67834,0
0.00051,0.62447,46.36704,1.00000,1.71194,0
0.00078,0.98701,46.65598,1.00000,1.69068,0
0.00009,0.87797,45.75704,1.00000,1.72092,0
0.00403,0.43349,45.79708,1.00000,1.68876,0
0.00020,0.69438,45.37786,1.00000,1.69884,0
0.00034,0.77895,44.17297,1.00000,1.68770,0
0.00025,0.51537,44.79727,1.00000,1.71934,0
0.00026,0.91791,45.14833,1.00000,1.70861,0
0.00043,1.00000,44.83066,1.00000,1.72893,0
0.00134,0.44515,46.45777,1.00000,1.70398,0
0.00141,0.39969,45.32201,1.00000,1.67889,0
0.00028,0.64831,45.41527,1.00000,1.71610,0
0.00073,0.45733,44.93251,1.00000,1.69446,0
0.00062,0.59454,45.61954,1.00000,1.71476,0
0.00058,0.39157,45.36118,1.00000,1.69962,0
0.00022,0.58994,44.50869,1.00000,1.72320,0
0.00033,0.56124,45.49929,1.00000,1.69687,0
0.00013,0.88612,44.14871,1.00000,1.68978,0
0.00059,0.49060,45.62549,1.00000,1.69395,0
0.00002,1.00000,46.51754,1.00000,1.70246,0
0.00114,0.92400,44.82730,1.00000,1.68350,0
0.00032,0.44323,44.38665,1.00000,1.72651,0
0.00051,0.41615,46.00040,1.00000,1.69921,0
0.00042,0.74634,45.51990,1.00000,1.68356,0
0.00068,0.65665,44.83426,1.00000,1.67985,0
0.00029,0.45923,44.46739,1.00000,1.69255,0
0.00101,0.48359,45.17909,1.00000,1.69579,0
0.00112,0.38074,44.99864,1.00000,1.70260,0
0.00172,0.44550,44.38195,1.00000,1.70953,0
0.00011,0.99281,44.98486,1.00000,1.74899,0
0.00100,0.43146,44.37383,1.00000,1.73340,0
0.00034,0.43899,45.51255,1.00000,1.72235,0
0.00035,0.42042,45.99572,1.00000,1.69169,0
0.00051,0.76800,45.01041,1.00000,1.70633,0
0.00129,0.52566,45.24219,1.00000,1.70096,0
0.00119,0.52888,45.43418,1.00000,1.67645,0
0.00026,0.48387,45.45791,1.00000,1.70436,0
0.00003,0.98795,45.68996,1.00000,1.66709,0
0.00039,0.71264,46.48920,1.00000,1.69971,0
0.00046,0.46078,44.30907,1.00000,1.69945,0
0.00039,0.36672,45.20739,1.00000,1.69527,0
0.00012,0.86139,45.21886,1.00000,1.69660,0
0.00021,0.60158,46.12048,1.00000,1.67648,0
0.00059,0.37298,45.62907,1.00000,1.72909,0
0.00041,0.67043,45.43549,1.00000,1.71995,0
0.00033,0.45064,45.08712,1.00000,1.70497,0
0.00022,0.57422,46.14448,1.00000,1.69125,0
0.00051,0.55910,45.16615,1.00000,1.70118,0
0.00007,0.94667,44.71638,1.00000,1.70545,0
0.00048,0.64744,46.61124,1.00000,1.72470,0
0.00033,0.42523,45.38699,1.00000,1.69964,0
0.00002,1.00000,43.88957,1.00000,1.68237,0
0.00046,0.65714,45.65780,1.00000,1.70511,0
0.00033,0.66083,44.32535,1.00000,1.66869,0
0.00007,0.97872,44.97971,1.00000,1.72292,0
0.00019,0.86441,45.37234,1.00000,1.70540,0
0.00089,0.97312,45.50681,1.00000,1.70790,0
0.00031,0.45469,44.55581,1.00000,1.67627,0
0.00048,0.59961,45.26445,1.00000,1.68244,0
0.00038,0.43492,45.06283,1.00000,1.70595,0
0.00054,0.64642,45.98730,1.00000,1.67329,0
0.00009,0.85185,45.02944,1.00000,1.68701,0
0.00084,0.46819,45.83059,1.00000,1.71257,0
0.00008,0.94636,45.00960,1.00000,1.72876,0
0.00034,0.84326,44.82313,1.00000,1.70791,0
0.00112,0.41131,45.30711,1.00000,1.70937,0
0.00290,0.64403,45.45486,1.00000,1.71817,0
0.00036,0.48510,44.88121,1.00000,1.70752,0
0.00028,0.80912,44.05645,1.00000,1.67691,0
0.00002,1.00000,45.94379,1.00000,1.63224,0
0.00046,0.40242,45.96105,1.00000,1.68801,0
0.00003,1.00000,45.20426,1.00000,1.73501,0
0.00029,0.43730,44.94230,1.00000,1.72208,0
0.00038,0.76071,44.99452,1.00000,1.71208,0
0.00022,0.54731,45.65663,1.00000,1.70836,0
0.00011,0.90942,44.70514,1.00000,1.68704,0
0.00150,0.89247,43.16064,1.00000,1.67302,0
0.00021,0.67478,46.02544,1.00000,1.69483,0
0.00260,0.67171,45.12115,1.00000,1.74254,0
0.00028,0.53636,45.07150,1.00000,1.70373,0
0.00118,0.42278,46.59672,1.00000,1.69899,0
0.00038,0.39580,46.13377,1.00000,1.69309,0
0.00029,0.55273,46.28338,1.00000,1.69838,0
0.00048,0.45614,45.23516,1.00000,1.68654,0
0.00008,0.91892,45.46422,1.00000,1.70706,0
0.00049,0.52632,45.48946,1.00000,1.70242,0
0.00009,0.94836,44.69666,1.00000,1.72240,0
0.00006,0.97143,44.41943,1.00000,1.66903,0
0.00024,0.58498,44.51140,1.00000,1.70046,0
0.00027,0.55046,45.14224,1.00000,1.67733,0
0.00024,0.63305,44.85355,1.00000,1.69499,0
0.00005,1.00000,44.59749,1.00000,1.70187,0
0.00146,0.38095,45.41314,1.00000,1.68147,0
0.00031,0.47068,43.88596,1.00000,1.69362,0
0.00070,0.50362,45.64958,1.00000,1.70775,0
0.00090,0.61111,44.31910,1.00000,1.72207,0
0.00833,0.54792,45.43941,1.00000,1.67872,0
0.00061,0.66222,46.01504,1.00000,1.70992,0
0.00052,0.58449,45.34331,1.00000,1.72145,0
0.00048,0.45946,45.31701,1.00000,1.72388,0
0.00103,0.38586,43.23953,1.00000,1.69771,0
0.00181,0.48904,45.47968,1.00000,1.71304,0
0.00023,0.58780,44.37205,1.00000,1.68594,0
0.00086,0.39195,44.03607,1.00000,1.69662,0
0.00005,0.99145,45.23697,1.00000,1.71510,0
0.00011,0.96392,45.55383,1.00000,1.72352,0
0.00058,0.79240,46.04152,1.00000,1.69710,0
0.00004,0.99187,43.91456,1.00000,1.69143,0
0.00103,0.36711,45.42709,1.00000,1.70922,0
0.00088,0.41267,45.44749,1.00000,1.70762,0
0.00008,0.89888,44.30747,1.00000,1.68537,0
0.00300,0.48393,46.33774,1.00000,1.68132,0
0.00053,0.90657,46.01665,1.00000,1.68936,0
0.00035,0.50086,43.95031,1.00000,1.70247,0
0.00021,0.57358,44.85804,1.00000,1.66883,0
0.01204,0.45528,45.35292,1.00000,1.70642,0
0.00534,0.77778,44.65482,1.00000,1.70714,0
0.00040,0.38978,44.88794,1.00000,1.70616,0
0.00168,0.42171,44.71925,1.00000,1.73137,0
0.00023,0.62020,44.65971,1.00000,1.71072,0
0.00071,0.44408,45.39962,1.00000,1.71986,0
0.00003,0.98936,45.62273,1.00000,1.74379,0
0.00017,0.72222,46.03092,1.00000,1.71070,0
0.00036,0.66667,45.26287,1.00000,1.70925,0
0.00108,0.63598,45.96941,1.00000,1.72585,0
0.00008,0.93117,45.90733,1.00000,1.73531,0
0.00018,0.84395,44.29930,1.00000,1.69598,0
0.00030,0.49742,45.71251,1.00000,1.69998,0
0.00015,0.81081,45.04870,1.00000,1.66970,0
0.00038,0.44150,45.80143,1.00000,1.69196,0
0.00298,0.84839,44.89424,1.00000,1.68059,0
0.00153,0.80387,45.64868,1.00000,1.72612,0
0.00107,0.55985,43.94168,1.00000,1.72022,0
0.00010,0.85220,44.61590,1.00000,1.71221,0
0.00008,0.93697,45.64370,1.00000,1.67994,0
0.00006,0.98343,46.31337,1.00000,1.68945,0
0.00010,0.83284,45.76283,1.00000,1.70666,0
0.00015,0.80636,44.31503,1.00000,1.72259,0
0.00011,0.80294,45.35747,1.00000,1.70808,0
0.00144,0.90511,45.94695,1.00000,1.67852,0
0.00496,0.57985,45.43821,1.00000,1.67591,0
0.00023,0.60694,45.23732,1.00000,1.70023,0
0.00051,0.41824,46.44065,1.00000,1.74428,0
0.00042,0.52686,44.71171,1.00000,1.72253,0
0.00017,0.84768,45.13377,1.00000,1.67444,0
0.00356,0.57090,45.80579,1.00000,1.68189,0
0.00026,0.47308,45.30479,1.00000,1.72445,0
0.00011,0.87179,45.91746,1.00000,1.71679,0
0.00501,0.39666,45.25150,1.00000,1.67311,0
0.00022,0.74390,45.72768,1.00000,1.69309,0
0.00056,0.82067,45.02505,1.00000,1.69773,0
0.00056,0.59200,44.44391,1.00000,1.71637,0
0.00392,0.36667,44.88900,1.00000,1.69045,0
0.00161,0.64043,45.16238,1.00000,1.70856,0
0.00038,0.55172,45.19660,1.00000,1.70655,0
0.00006,1.00000,45.05076,1.00000,1.74919,0
0.00045,0.66879,46.05040,1.00000,1.66937,0
0.00016,0.96774,46.28982,1.00000,1.68037,0
0.00031,0.45353,46.48457,1.00000,1.69832,0
0.00097,0.38981,45.31659,1.00000,1.69445,0
0.00420,0.81231,46.06474,1.00000,1.69807,0
0.00018,0.71712,44.58759,1.00000,1.69950,0
0.00047,0.53203,45.57143,1.00000,1.68440,0
0.00003,1.00000,45.07182,1.00000,1.69671,0
0.00026,0.58779,45.37628,1.00000,1.70970,0
0.00028,0.99219,43.86241,1.00000,1.67765,0
0.00029,0.51687,45.38711,1.00000,1.70877,0
0.00256,0.56473,45.55201,1.00000,1.68976,0
0.00039,0.66889,45.33378,1.00000,1.74436,0
0.00016,0.75000,45.00079,1.00000,1.73581,0
0.00277,0.52557,44.33586,1.00000,1.69864,0
0.00008,0.93117,45.74257,1.00000,1.70545,0
0.00023,0.52212,45.75006,1.00000,1.69475,0
0.00023,0.77444,44.58710,1.00000,1.70018,0
0.00055,0.41857,45.81838,1.00000,1.68092,0
0.00016,0.66964,46.48069,1.00000,1.67656,0
0.00011,0.78386,45.90881,1.00000,1.74163,0
0.00005,0.99091,45.07821,1.00000,1.67586,0
0.00035,0.50433,45.21851,1.00000,1.70054,0
0.00050,0.71528,43.40885,1.00000,1.68430,0
0.00032,0.92075,45.30125,1.00000,1.74343,0
0.00033,0.49568,45.75107,1.00000,1.71129,0
0.00031,0.66091,44.64694,1.00000,1.70952,0
0.00033,0.42229,45.03994,1.00000,1.70959,0
0.00011,0.91071,46.29021,1.00000,1.69949,0
0.00048,0.38881,44.32976,1.00000,1.68116,0
0.00477,0.45048,46.35817,1.00000,1.68792,0
0.00060,0.37977,45.61717,1.00000,1.70195,0
0.00039,0.51568,44.96221,1.00000,1.69692,0
0.00029,0.42700,44.48813,1.00000,1.67207,0
0.00011,0.98667,45.59397,1.00000,1.68426,0
0.00164,0.43740,44.80471,1.00000,1.72813,0
0.00058,0.57905,45.62280,1.00000,1.70838,0
0.00004,1.00000,44.29732,1.00000,1.69274,0
0.00111,0.45928,45.11474,1.00000,1.70367,0
0.00024,0.81818,46.32957,1.00000,1.72621,0
0.00029,0.82609,46.00327,1.00000,1.73518,0
0.00031,0.58789,45.63791,1.00000,1.71526,0
0.00053,0.85714,44.15723,1.00000,1.69962,0
0.00026,1.00000,45.40415,1.00000,1.70750,0
0.00085,0.74109,46.41688,1.00000,1.72311,0
0.00100,0.47508,46.11927,1.00000,1.71174,0
0.00034,0.68000,46.16598,1.00000,1.69870,0
0.00004,1.00000,45.93899,1.00000,1.74099,0
0.00015,0.75853,45.47518,1.00000,1.70182,0
0.00036,0.54414,45.35889,1.00000,1.71915,0
0.00053,0.43770,44.35827,1.00000,1.68184,0
0.00048,0.60392,46.56640,1.00000,1.68694,0
0.00107,0.49660,45.25052,1.00000,1.69176,0
0.00032,0.97354,45.31698,1.00000,1.71990,0
0.00349,0.43281,45.84880,1.00000,1.68576,0
0.00002,1.00000,45.77823,1.00000,1.71292,0
0.00042,0.39549,46.22581,1.00000,1.70353,0
0.00411,0.48000,44.70066,1.00000,1.71510,0
0.00070,0.55390,44.26397,1.00000,1.73363,0
0.00028,0.46623,46.13021,1.00000,1.69923,0
0.00049,0.39969,45.04601,1.00000,1.69445,0
0.00030,0.56262,45.30555,1.00000,1.71044,0
0.00019,0.61876,44.75403,1.00000,1.69545,0
0.00073,0.56285,46.08435,1.00000,1.68697,0
0.00090,0.43450,44.93927,1.00000,1.72070,0
0.00092,0.97273,45.04737,1.00000,1.71069,0
0.00029,0.87937,45.74771,1.00000,1.71728,0
0.00015,0.65888,45.68044,1.00000,1.73342,0
0.00131,0.46809,45.20504,1.00000,1.69910,0
0.00110,0.53986,44.38136,1.00000,1.70707,0
0.00025,0.68056,45.18591,1.00000,1.70880,0
0.00055,0.96833,45.98546,1.00000,1.70685,0
0.00001,1.00000,44.73425,1.00000,1.70407,0
0.00006,0.99422,45.04144,1.00000,1.65824,0
0.00027,0.40596,45.07781,1.00000,1.71066,0
0.00020,0.67401,45.55634,1.00000,1.71339,0
0.00568,0.54845,45.42904,1.00000,1.71485,0
0.00033,0.71770,45.18334,1.00000,1.69583,0
0.00021,0.82571,46.02219,1.00000,1.70997,0
0.00054,0.39846,45.63212,1.00000,1.71964,0
0.00084,0.43582,45.31099,1.00000,1.70982,0
0.00009,0.96410,44.78075,1.00000,1.68011,0
0.00073,0.96262,44.64713,1.00000,1.67524,0
0.00127,0.45469,45.56944,1.00000,1.71482,0
0.00024,0.93671,45.52219,1.00000,1.71961,0
0.00028,0.71362,44.80537,1.00000,1.70790,0
0.00121,0.43101,45.26211,1.00000,1.73386,0
0.00038,0.69438,45.62609,1.00000,1.70435,0
0.00005,0.97842,45.26188,1.00000,1.72065,0
0.00031,0.55117,44.63443,1.00000,1.66780,0
0.00039,0.91606,44.60295,1.00000,1.66777,0
0.00025,0.55094,45.12198,1.00000,1.72446,0
0.00059,0.38981,44.49450,1.00000,1.69361,0
0.00008,0.91166,45.82156,1.00000,1.71420,0
0.00049,0.47746,45.38714,1.00000,1.71373,0
0.00042,0.43849,45.06759,1.00000,1.69363,0
0.00043,0.39286,44.56293,1.00000,1.68039,0
0.00014,0.94545,43.80528,1.00000,1.69908,0
0.00017,0.94495,45.31550,1.00000,1.69885,0
0.00018,0.98370,44.86376,1.00000,1.71351,0
0.00023,0.94253,45.32614,1.00000,1.69484,0
0.00015,0.79339,46.19255,1.00000,1.70126,0
0.00020,0.55832,43.72541,1.00000,1.72277,0
0.00026,0.70046,46.54267,1.00000,1.71614,0
0.00019,0.67171,45.05406,1.00000,1.69253,0
0.00011,0.92857,45.06788,1.00000,1.71609,0
0.00006,1.00000,43.71546,1.00000,1.72749,0
0.00434,0.38393,45.48647,1.00000,1.71999,0
0.00032,0.41985,44.92662,1.00000,1.70543,0
0.00022,0.55597,45.59900,1.00000,1.69688,0
0.00767,0.41041,45.45616,1.00000,1.71477,0
0.00042,0.41337,45.28981,1.00000,1.68931,0
0.00034,0.57198,44.68851,1.00000,1.69805,0
0.00020,0.65721,45.00117,1.00000,1.73887,0
0.00032,0.49317,44.91584,1.00000,1.73920,0
0.00027,0.68458,45.55306,1.00000,1.68825,0
0.00030,0.42790,45.08406,1.00000,1.66849,0
0.00390,0.45771,45.64668,1.00000,1.71030,0
0.00042,0.46885,44.66463,1.00000,1.69169,0
0.01206,0.47394,44.13785,1.00000,1.66709,0
0.00009,0.92766,46.00732,1.00000,1.68869,0
0.00031,0.42724,46.32714,1.00000,1.70206,0
0.00114,0.70504,46.83630,1.00000,1.66983,0
0.00039,0.54963,45.06909,1.00000,1.68673,0
0.00040,0.52265,45.77376,1.00000,1.70654,0
0.00042,0.65598,45.80715,1.00000,1.70830,0
0.00021,0.57358,45.65605,1.00000,1.69097,0
0.00004,1.00000,45.55698,1.00000,1.69377,0
0.00048,0.51418,45.92232,1.00000,1.72277,0
0.00024,0.54480,46.12936,1.00000,1.70928,0
0.00240,0.40335,45.58728,1.00000,1.69369,0
0.00005,0.99310,47.08555,1.00000,1.71594,0
0.00011,0.83383,44.41759,1.00000,1.70864,0
0.00061,0.65766,46.36188,1.00000,1.67246,0
0.00005,0.99180,44.97600,1.00000,1.71582,0
0.00067,0.49310,44.72728,1.00000,1.73295,0
0.00014,0.90876,43.50979,1.00000,1.69849,0
0.00000,1.00000,45.42074,1.00000,1.69275,0
0.00001,0.48904,45.94063,1.00000,1.68118,0
0.00004,1.00000,45.65417,1.00000,1.66381,0
0.00001,0.57197,44.48068,1.00000,1.71912,0
0.00001,0.68276,44.39081,1.00000,1.69481,0
0.00009,0.52688,45.33929,1.00000,1.67692,0
0.00001,0.65708,44.80371,1.00000,1.67524,0
0.00006,0.46141,45.92478,1.00000,1.70296,0
0.00000,0.91045,44.53389,1.00000,1.69922,0
0.00002,0.80886,46.70608,1.00000,1.72540,0
0.00001,0.45280,45.74392,1.00000,1.69578,0
0.00001,0.63389,44.89183,1.00000,1.71091,0
0.00000,0.98324,44.48850,1.00000,1.70042,0
0.00001,0.51877,45.61450,1.00000,1.70402,0
0.00000,0.92531,43.77814,1.00000,1.68194,0
0.00000,0.82229,44.80661,1.00000,1.70992,0
0.00016,0.59476,46.08994,1.00000,1.73291,0
0.00002,0.43879,45.61949,1.00000,1.70497,0
0.00001,0.80226,46.74480,1.00000,1.71899,0
0.00000,1.00000,44.47275,1.00000,1.72011,0
0.00004,0.59309,44.19914,1.00000,1.73202,0
0.00003,0.39552,46.35877,1.00000,1.69972,0
0.00001,0.55776,45.07568,1.00000,1.66758,0
0.00001,0.44246,44.44741,1.00000,1.71066,0
0.00001,0.66667,45.77089,1.00000,1.68704,0
0.00001,0.44674,43.99494,1.00000,1.71109,0
0.00002,0.63522,45.39799,1.00000,1.68832,0
0.00002,0.38131,45.45652,1.00000,1.67180,0
0.00004,0.90514,45.94360,1.00000,1.71174,0
0.00004,0.42386,45.86536,1.00000,1.70912,0
0.00005,0.41590,44.65013,1.00000,1.70172,0
0.00001,0.60000,45.05875,1.00000,1.70273,0
0.00002,0.74442,44.91909,1.00000,1.68416,0
0.00001,0.39939,46.30676,1.00000,1.69955,0
0.00001,0.51228,44.26443,1.00000,1.70926,0
0.00004,0.42049,44.62456,1.00000,1.71172,0
0.00002,0.37168,44.45336,1.00000,1.69177,0
0.00001,0.94915,46.15882,1.00000,1.69294,0
0.00004,0.45089,45.02133,1.00000,1.68626,0
0.00002,0.55037,44.34018,1.00000,1.71627,0
0.00006,0.57791,45.11353,1.00000,1.71431,0
0.00002,0.43269,44.16576,1.00000,1.67340,0
0.00001,0.64557,45.80874,1.00000,1.70161,0
0.00001,0.48080,45.70740,1.00000,1.72057,0
0.00009,0.38531,44.27298,1.00000,1.71101,0
0.00002,0.40246,46.44592,1.00000,1.72916,0
0.00002,0.80563,46.87171,1.00000,1.72695,0
0.00001,0.57386,46.10433,1.00000,1.72686,0
0.00000,1.00000,44.49649,1.00000,1.62909,0
0.00006,0.43082,45.95111,1.00000,1.72295,0
0.00000,1.00000,45.85680,1.00000,1.61031,0
0.00011,0.40791,45.34656,1.00000,1.71141,0
0.00007,0.51590,44.40297,1.00000,1.68792,0
0.00002,0.42857,47.12173,1.00000,1.70836,0
0.00002,0.39940,44.84983,1.00000,1.69658,0
0.00001,0.79211,44.29408,1.00000,1.68183,0
0.00001,0.82759,44.31901,1.00000,1.67203,0
0.00001,0.64807,45.68367,1.00000,1.69107,0
0.00000,1.00000,44.27473,1.00000,1.65117,0
0.00000,1.00000,44.49217,1.00000,1.70219,0
0.00001,0.81714,44.44643,1.00000,1.68209,0
0.00001,0.61491,43.78190,1.00000,1.69755,0
0.00001,0.47342,46.54808,1.00000,1.71874,0
0.00000,0.94091,45.44131,1.00000,1.73173,0
0.00000,0.94595,45.85026,1.00000,1.58465,0
0.00008,0.48534,45.20047,1.00000,1.71420,0
0.00007,0.39608,46.08058,1.00000,1.70045,0
0.00001,0.87726,45.31490,1.00000,1.67543,0
0.00000,0.96040,44.07891,1.00000,1.70781,0
0.00003,0.54891,45.75479,1.00000,1.72192,0
0.00001,0.67202,44.70353,1.00000,1.72396,0
0.00004,0.41204,45.72092,1.00000,1.69903,0
0.00002,0.51885,46.50921,1.00000,1.70633,0
0.00001,0.50887,44.53195,1.00000,1.68986,0
0.00001,0.76227,43.35896,1.00000,1.69907,0
0.00001,0.76250,46.34141,1.00000,1.71843,0
0.00001,0.53025,44.90472,1.00000,1.69358,0
0.00003,0.45984,44.94587,1.00000,1.68714,0
0.00001,0.42947,44.60877,1.00000,1.70136,0
0.00002,0.76441,45.92924,1.00000,1.70214,0
0.00010,0.69374,43.69599,1.00000,1.68271,0
0.00001,0.38009,44.48083,1.00000,1.68394,0
0.00001,0.66000,44.92652,1.00000,1.74169,0
0.00000,1.00000,44.44757,1.00000,1.71132,0
0.00000,1.00000,46.19496,1.00000,1.72798,0
0.00001,0.57383,46.47609,1.00000,1.69468,0
0.00001,0.75510,45.81844,1.00000,1.70679,0
0.00001,0.71599,45.03003,1.00000,1.71062,0
0.00001,0.46854,44.30975,1.00000,1.70719,0
0.00000,0.97857,45.29749,1.00000,1.66153,0
0.00001,0.37155,45.86596,1.00000,1.73140,0
0.00001,0.58494,45.78725,1.00000,1.70358,0
0.00000,1.00000,44.90529,1.00000,1.70296,0
0.00004,0.75385,45.00162,1.00000,1.72290,0
0.00001,0.53750,45.62006,1.00000,1.71745,0
0.00001,0.77500,45.85581,1.00000,1.70561,0
0.00005,0.53039,44.00931,1.00000,1.70785,0
0.00008,0.63636,45.96119,1.00000,1.69816,0
0.00001,0.50783,45.31606,1.00000,1.71271,0
0.00001,0.73839,45.10669,1.00000,1.68447,0
0.00001,0.58869,45.69768,1.00000,1.71635,0
0.00000,0.79706,45.23223,1.00000,1.71314,0
0.00002,0.70794,44.67539,1.00000,1.72745,0
0.00002,0.47643,46.23893,1.00000,1.70733,0
0.00002,0.38288,42.68081,1.00000,1.70980,0
0.00000,0.84058,46.32895,1.00000,1.69920,0
0.00000,0.97849,45.46013,1.00000,1.69323,0
0.00006,0.47157,45.03995,1.00000,1.68167,0
0.00002,0.60808,46.01053,1.00000,1.68385,0
0.00001,0.58835,45.59112,1.00000,1.68599,0
0.00003,0.70673,45.65312,1.00000,1.68492,0
0.00001,0.59766,46.10273,1.00000,1.71066,0
0.00000,0.98780,45.91871,1.00000,1.67044,0
0.00001,0.45673,47.06330,1.00000,1.69631,0
0.00001,0.60236,44.48287,1.00000,1.69775,0
0.00000,1.00000,44.44895,1.00000,1.83897,0
0.00000,0.99315,44.27488,1.00000,1.71383,0
0.00000,0.75061,45.15778,1.00000,1.69543,0
0.00003,0.62168,45.40869,1.00000,1.70213,0
0.00002,1.00000,45.39956,1.00000,1.76400,0
0.00002,0.41602,46.62164,1.00000,1.67802,0
0.00006,0.38209,44.29435,1.00000,1.73002,0
0.00001,0.38897,45.49730,1.00000,1.68494,0
0.00000,1.00000,44.16229,1.00000,1.68772,0
0.00001,0.54189,44.71961,1.00000,1.68030,0
0.00001,0.95133,45.98977,1.00000,1.70128,0
0.00002,0.66000,46.51937,1.00000,1.71398,0
0.00001,0.71496,45.31575,1.00000,1.73545,0
0.00001,0.65870,44.71326,1.00000,1.71164,0
0.00004,0.41287,44.33261,1.00000,1.69543,0
0.00000,0.91093,45.05630,1.00000,1.73041,0
0.00001,0.40276,44.52680,1.00000,1.71576,0
0.00000,0.88235,47.52060,1.00000,1.68517,0
0.00002,0.50772,45.23506,1.00000,1.72490,0
0.00002,0.37593,46.48502,1.00000,1.72546,0
0.00019,0.39611,44.74018,1.00000,1.71973,0
0.00001,0.81250,45.94950,1.00000,1.70410,0
0.00005,0.43770,45.66051,1.00000,1.69946,0
0.00002,0.77285,45.42311,1.00000,1.70419,0
0.00009,0.70264,45.48721,1.00000,1.68952,0
0.00001,1.00000,44.04683,1.00000,1.66330,0
0.00003,0.44586,45.32465,1.00000,1.71599,0
0.00008,0.47273,45.62815,1.00000,1.70311,0
0.00002,0.46078,45.67188,1.00000,1.71230,0
0.00002,0.39013,44.18372,1.00000,1.70165,0
0.00001,0.81651,45.81310,1.00000,1.71644,0
0.00001,0.41317,44.86224,1.00000,1.70868,0
0.00002,0.46809,44.41151,1.00000,1.71760,0
0.00010,0.85890,44.93064,1.00000,1.69241,0
0.00007,0.62500,44.54239,1.00000,1.69584,0
0.00001,0.52548,45.09438,1.00000,1.70809,0
0.00001,0.45799,45.84407,1.00000,1.72764,0
0.00003,0.86319,46.36531,1.00000,1.70893,0
0.00001,0.62241,44.52949,1.00000,1.68534,0
0.00000,0.97222,46.63468,1.00000,1.83799,0
0.00001,0.51089,44.13043,1.00000,1.70181,0
0.00002,0.45050,46.82734,1.00000,1.70767,0
0.00001,0.59566,45.02379,1.00000,1.69878,0
0.00001,0.44640,45.72149,1.00000,1.72859,0
0.00001,0.84084,45.94364,1.00000,1.69041,0
0.00001,0.96216,45.20923,1.00000,1.68446,0
0.00001,0.47508,46.01939,1.00000,1.71723,0
0.00001,0.72439,45.54663,1.00000,1.68266,0
0.00005,0.69976,44.76521,1.00000,1.70055,0
0.00000,0.99219,47.22496,1.00000,1.71630,0
0.00001,0.39728,45.58235,1.00000,1.71246,0
0.00005,0.48604,44.99770,1.00000,1.66776,0
0.00001,0.97115,45.03088,1.00000,1.73023,0
0.00009,0.40296,44.52448,1.00000,1.66909,0
0.00002,0.39079,46.07233,1.00000,1.69694,0
0.00003,0.48110,45.02732,1.00000,1.69571,0
0.00005,0.70960,44.85802,1.00000,1.71714,0
0.00000,0.93886,45.63880,1.00000,1.71289,0
0.00004,0.46612,45.74832,1.00000,1.71433,0
0.00001,0.56239,45.99914,1.00000,1.70423,0
0.00001,0.41069,45.78093,1.00000,1.71991,0
0.00000,0.97590,44.70221,1.00000,1.73739,0
0.00004,0.70901,45.30081,1.00000,1.71604,0
0.00000,1.00000,45.29321,1.00000,1.69508,0
0.00001,0.54296,45.90569,1.00000,1.70997,0
0.00004,0.44637,46.34528,1.00000,1.70433,0
0.00002,0.51852,45.39366,1.00000,1.74189,0
0.00005,0.39599,46.02816,1.00000,1.68841,0
0.00001,0.59646,45.35944,1.00000,1.71270,0
0.00001,0.98936,45.95091,1.00000,1.74962,0
0.00005,0.54630,44.35997,1.00000,1.68825,0
0.00000,0.91729,44.78178,1.00000,1.69625,0
0.00001,0.99145,44.76932,1.00000,1.68969,0
0.00001,0.86333,44.29884,1.00000,1.71286,0
0.00001,0.79532,45.88302,1.00000,1.70001,0
0.00000,0.76031,45.73926,1.00000,1.70517,0
0.00003,0.55556,44.50651,1.00000,1.69222,0
0.00002,0.45351,45.56882,1.00000,1.72544,0
0.00000,0.98773,45.31259,1.00000,1.68573,0
0.00001,0.54240,45.52670,1.00000,1.71107,0
0.00001,0.63253,44.92828,1.00000,1.70496,0
0.00000,0.93496,45.22029,1.00000,1.70667,0
0.00001,0.59332,44.79407,1.00000,1.69651,0
0.00001,1.00000,45.93392,1.00000,1.69954,0
0.00000,1.00000,0.00000,1.00000,0.00000,0
0.00002,0.63278,45.63447,1.00000,1.71183,0
0.00002,0.83776,45.52016,1.00000,1.70103,0
0.00001,0.53442,44.90682,1.00000,1.72103,0
0.00000,0.98429,45.14551,1.00000,1.71659,0
0.00001,0.72170,45.04139,1.00000,1.71606,0
0.00001,0.99099,44.28336,1.00000,1.71622,0
0.00003,0.39701,45.35196,1.00000,1.72796,0
0.00008,0.59960,45.50902,1.00000,1.70430,0
0.00002,0.56333,45.76874,1.00000,1.69008,0
0.00000,0.94561,45.69162,1.00000,1.70586,0
0.00001,0.71765,46.07458,1.00000,1.70403,0
0.00002,0.60649,45.73323,1.00000,1.70365,0
0.00000,0.92776,44.94960,1.00000,1.68447,0
0.00001,0.84478,44.89600,1.00000,1.73353,0
0.00000,1.00000,44.71354,1.00000,1.71731,0
0.00000,0.81481,45.10772,1.00000,1.70514,0
0.00004,0.61992,46.05174,1.00000,1.69810,0
0.00002,0.43553,45.45987,1.00000,1.66108,0
0.00001,0.99180,45.37905,1.00000,1.72510,0
0.00006,0.44019,44.89724,1.00000,1.68808,0
0.00000,1.00000,45.41430,1.00000,1.69978,0
0.00001,0.79885,45.40263,1.00000,1.65326,0
0.00000,0.83578,46.06446,1.00000,1.70269,0
0.00003,0.49333,43.43083,1.00000,1.68073,0
0.00001,0.69905,44.81193,1.00000,1.71752,0
0.00001,0.59574,44.22761,1.00000,1.72355,0
0.00006,0.52072,45.86314,1.00000,1.70501,0
0.00000,0.97842,45.12516,1.00000,1.73367,0
0.00004,0.36035,44.62057,1.00000,1.71472,0
0.00002,0.40578,45.26126,1.00000,1.67874,0
0.00001,0.79784,46.08974,1.00000,1.69795,0
0.00001,0.83533,45.32101,1.00000,1.69373,0
0.00001,0.77260,43.54619,1.00000,1.69570,0
0.00003,0.40399,45.15394,1.00000,1.66814,0
0.00002,0.41069,46.22753,1.00000,1.69441,0
0.00002,0.70629,46.05098,1.00000,1.70833,0
0.00006,0.40030,44.98548,1.00000,1.71259,0
0.00002,0.52158,44.75705,1.00000,1.69093,0
0.00000,0.91135,45.48869,1.00000,1.67885,0
0.00002,0.41966,46.18526,1.00000,1.69228,0
0.00002,0.70946,45.35008,1.00000,1.72400,0
0.00001,0.91085,45.24636,1.00000,1.69612,0
0.00000,1.00000,45.98720,1.00000,1.67690,0
0.00005,0.66667,46.27414,1.00000,1.70812,0
0.00001,0.55493,46.22280,1.00000,1.71095,0
0.00001,0.89455,45.45291,1.00000,1.75809,0
0.00011,0.57463,45.03528,1.00000,1.70132,0
0.00003,0.52182,45.63009,1.00000,1.69335,0
0.00001,0.47973,44.87318,1.00000,1.66696,0
0.00001,0.61554,45.63722,1.00000,1.69654,0
0.00001,0.49066,44.88306,1.00000,1.69920,0
0.00001,0.41615,44.86022,1.00000,1.71069,0
0.00001,0.90335,45.45500,1.00000,1.71345,0
0.00001,0.71838,45.01769,1.00000,1.70973,0
0.00001,0.59810,44.79056,1.00000,1.72234,0
0.00003,0.65293,46.51718,1.00000,1.69054,0
0.00001,0.89273,45.31486,1.00000,1.69276,0
0.00001,0.69231,43.65945,1.00000,1.70261,0
0.00002,0.44767,45.01574,1.00000,1.69724,0
0.00000,0.99248,46.30357,1.00000,1.68238,0
0.00001,0.73219,46.02525,1.00000,1.68896,0
0.00004,0.43192,46.05507,1.00000,1.70194,0
0.00001,0.75190,45.31114,1.00000,1.68322,0
0.00002,0.39517,44.81117,1.00000,1.69756,0
0.00010,0.46141,44.85246,1.00000,1.71526,0
0.00002,0.41426,45.61835,1.00000,1.69809,0
0.00015,0.36603,45.65006,1.00000,1.70327,0
0.00000,0.94595,46.06848,1.00000,1.69101,0
0.00002,0.45498,44.83956,1.00000,1.68876,0
0.00002,0.49498,44.88230,1.00000,1.70222,0
0.00001,0.97546,45.52425,1.00000,1.71056,0
0.00003,0.39021,45.23812,1.00000,1.70290,0
0.00001,0.46825,45.25320,1.00000,1.71510,0
0.00007,0.41267,44.22441,1.00000,1.71837,0
0.00001,0.45543,45.28406,1.00000,1.70285,0
0.00001,0.82558,44.31620,1.00000,1.69896,0
0.00003,0.59136,45.43692,1.00000,1.67795,0
0.00001,0.93722,46.01006,1.00000,1.68271,0
0.00002,0.43153,44.37461,1.00000,1.70198,0
0.00002,0.44976,44.77450,1.00000,1.69706,0
0.00027,0.41900,45.95571,1.00000,1.70896,0
0.00003,0.61265,45.56855,1.00000,1.70113,0
0.00002,0.37500,44.87620,1.00000,1.70759,0
0.00014,0.48826,45.46121,1.00000,1.68920,0
0.00001,0.65393,45.59293,1.00000,1.69239,0
0.00003,0.37979,45.78503,1.00000,1.69111,0
0.00001,0.64050,45.77255,1.00000,1.69153,0
0.00000,0.95339,44.11732,1.00000,1.70658,0
0.00004,0.80833,44.89900,1.00000,1.69721,0
0.00003,0.59496,45.59641,1.00000,1.70208,0
0.00001,0.76751,45.66625,1.00000,1.72579,0
0.00002,0.48241,45.08906,1.00000,1.73389,0
0.00018,0.39403,45.82979,1.00000,1.67572,0
0.00002,0.36866,45.47066,1.00000,1.70638,0
0.00002,0.46885,45.01653,1.00000,1.69569,0
0.00001,0.51957,44.80301,1.00000,1.67507,0
0.00001,0.78729,45.01968,1.00000,1.67990,0
0.00000,1.00000,45.52633,1.00000,1.69080,0
0.00022,0.42331,43.94848,1.00000,1.67957,0
0.00002,0.57803,45.41852,1.00000,1.71370,0
0.00001,0.43175,45.20655,1.00000,1.73041,0
0.00001,0.76039,45.79604,1.00000,1.70455,0
0.00001,0.85522,44.97486,1.00000,1.71490,0
0.00000,0.74129,43.78580,1.00000,1.72040,0
0.00000,0.69767,45.85260,1.00000,1.71788,0
0.00002,0.69431,45.31133,1.00000,1.70000,0
0.00001,0.69789,46.48389,1.00000,1.71709,0
0.00001,0.59438,45.12545,1.00000,1.69130,0
0.00004,0.44391,45.18402,1.00000,1.71335,0
0.00000,0.94737,45.18242,1.00000,1.70616,0
0.00000,1.00000,44.01279,1.00000,1.74152,0
0.00003,0.44463,46.08609,1.00000,1.72501,0
0.00001,0.48833,43.29902,1.00000,1.68013,0
0.00001,0.63975,45.18097,1.00000,1.70892,0
0.00002,0.51323,45.22954,1.00000,1.70979,0
0.00001,0.51365,45.79716,1.00000,1.69382,0
0.00003,0.50960,45.11871,1.00000,1.70523,0
0.00003,0.78747,45.51819,1.00000,1.72292,0
0.00001,0.34588,45.55515,1.00000,1.69047,0
0.00001,0.48333,44.14657,1.00000,1.68793,0
0.00021,0.41915,44.93154,1.00000,1.70244,0
0.00000,0.86971,45.59672,1.00000,1.69613,0
0.00000,0.70720,45.03044,1.00000,1.69510,0
0.00003,0.72656,45.29840,1.00000,1.67673,0
0.00001,0.68276,45.65163,1.00000,1.72770,0
0.00001,0.53417,44.55979,1.00000,1.70083,0
0.00001,0.71667,45.92561,1.00000,1.69618,0
0.00010,0.61010,44.90954,1.00000,1.74639,0
0.00003,0.90909,45.34345,1.00000,1.70170,0
0.00000,1.00000,45.17674,1.00000,1.62625,0
0.00001,0.64108,45.76916,1.00000,1.70723,0
0.00000,0.91513,45.19589,1.00000,1.72743,0
0.00000,0.95327,45.97560,1.00000,1.69388,0
0.00000,1.00000,45.05462,1.00000,1.70928,0
0.00011,0.44733,44.88295,1.00000,1.70926,0
0.00003,0.70046,44.28716,1.00000,1.71395,0
0.00000,0.80000,45.57679,1.00000,1.70931,0
0.00002,0.43192,45.55967,1.00000,1.69297,0
0.00002,0.48818,45.00618,1.00000,1.71997,0
0.00001,0.81050,45.94402,1.00000,1.68606,0
0.00001,0.99099,45.10471,1.00000,1.68849,0
0.00001,0.97170,44.62287,1.00000,1.69809,0
0.00000,1.00000,45.10382,1.00000,1.74856,0
0.00000,0.87748,43.67935,1.00000,1.70203,0
0.00020,0.41680,46.09467,1.00000,1.70172,0
0.00002,0.61914,45.97388,1.00000,1.68391,0
0.00000,0.89439,44.70610,1.00000,1.72311,0
0.00002,0.54029,44.25206,1.00000,1.71713,0
0.00006,0.38612,44.73653,1.00000,1.70297,0
0.00002,0.51038,43.93915,1.00000,1.69932,0
0.00002,0.40673,45.35094,1.00000,1.68682,0
0.00001,0.79452,43.75835,1.00000,1.69414,0
0.00008,0.85342,44.91862,1.00000,1.73209,0
0.00002,0.51579,45.33899,1.00000,1.71329,0
0.00000,0.99099,45.49985,1.00000,1.69251,0
0.00000,0.88489,45.16460,1.00000,1.70687,0
0.00001,0.87413,45.74221,1.00000,1.69629,0
0.00004,0.53114,44.92645,1.00000,1.69652,0
0.00002,0.55595,47.74381,1.00000,1.67024,0
0.00000,1.00000,44.75034,1.00000,1.43732,0
0.00000,0.98876,45.67042,1.00000,1.70326,0
0.00001,0.69977,44.59120,1.00000,1.70854,0
0.00002,0.48253,46.42422,1.00000,1.68137,0
0.00002,0.42373,44.78081,1.00000,1.70710,0
0.00004,0.83281,44.85178,1.00000,1.73482,0
0.00001,0.39939,45.57004,1.00000,1.70515,0
0.00004,0.50000,44.52871,1.00000,1.69449,0
0.00001,0.80286,46.06638,1.00000,1.69928,0
0.00001,0.87205,45.78823,1.00000,1.69403,0
0.00000,1.00000,46.63060,1.00000,1.72838,0
0.00002,0.54380,45.94429,1.00000,1.72673,0
0.00001,0.49500,45.10733,1.00000,1.68219,0
0.00001,0.46734,45.72693,1.00000,1.69100,0
0.00001,0.50859,46.49135,1.00000,1.69517,0
0.00002,0.54307,46.12700,1.00000,1.70939,0
0.00000,0.93522,45.58081,1.00000,1.70700,0
0.00001,0.47924,46.50536,1.00000,1.71331,0
0.00001,0.54078,45.81273,1.00000,1.70364,0
0.00000,0.95918,45.26424,1.00000,1.72385,0
0.00001,0.78237,45.51901,1.00000,1.69917,0
0.00002,0.50534,45.74310,1.00000,1.71450,0
0.00001,0.48653,44.88071,1.00000,1.70061,0
0.00001,0.50780,45.93444,1.00000,1.70792,0
0.00003,0.47458,43.97877,1.00000,1.70450,0
0.00001,0.51865,45.23014,1.00000,1.70395,0
0.00010,0.38209,45.97857,1.00000,1.69842,0
0.00001,0.95161,44.34837,1.00000,1.75017,0
0.00001,0.74623,44.96570,1.00000,1.69907,0
0.00000,0.94907,46.24778,1.00000,1.69492,0
0.00001,0.88716,45.46330,1.00000,1.72283,0
0.00001,0.63061,44.41108,1.00000,1.71920,0
0.00000,1.00000,45.74980,1.00000,1.75895,0
0.00003,0.51613,45.51625,1.00000,1.66422,0
0.00000,1.00000,43.88795,1.00000,1.70517,0
0.00002,0.61034,46.36701,1.00000,1.71445,0
0.00001,0.68053,46.91331,1.00000,1.70114,0
0.00001,0.97906,45.59033,1.00000,1.67472,0
0.00002,0.40758,45.93606,1.00000,1.71836,0
0.00000,1.00000,46.05180,1.00000,1.40608,0
0.00000,1.00000,44.55830,1.00000,1.69769,0
0.00001,0.91045,45.48000,1.00000,1.69906,0
0.00000,0.99138,45.25150,1.00000,1.65684,0
0.00005,0.68349,45.20503,1.00000,1.74110,0
0.00001,0.55413,45.31540,1.00000,1.69074,0
0.00001,0.76590,44.58276,1.00000,1.69985,0
0.00000,1.00000,42.92039,1.00000,1.68096,0
0.00001,0.92095,44.88424,1.00000,1.70182,0
0.00000,0.95327,45.63472,1.00000,1.69715,0
0.00009,0.44160,46.26561,1.00000,1.71911,0
0.00000,0.97297,46.06232,1.00000,1.60338,0
0.00001,0.94492,44.76175,1.00000,1.70089,0
0.00000,0.90747,45.36868,1.00000,1.70726,0
0.00009,0.39940,45.82453,1.00000,1.70027,0
0.00001,0.95726,45.76322,1.00000,1.70750,0
0.00001,0.56814,45.52136,1.00000,1.70752,0
0.00001,0.59454,45.51200,1.00000,1.71823,0
0.00000,0.98378,45.21819,1.00000,1.68098,0
0.00002,0.40819,45.22435,1.00000,1.68958,0
0.00001,0.64286,45.12355,1.00000,1.69985,0
0.00001,0.64271,45.12821,1.00000,1.70092,0
0.00002,0.66017,45.72078,1.00000,1.69689,0
0.00000,0.99387,44.49796,1.00000,1.74481,0
0.00003,0.40122,43.97235,1.00000,1.69226,0
0.00003,0.38599,44.93246,1.00000,1.70355,0
0.00000,0.81346,45.39542,1.00000,1.71989,0
0.00002,0.38462,46.19902,1.00000,1.68557,0
0.00011,0.57670,45.39168,1.00000,1.69625,0
0.00000,0.87805,44.82654,1.00000,1.72690,0
0.00001,0.89931,44.28580,1.00000,1.71349,0
0.00001,0.73892,45.25866,1.00000,1.69619,0
0.00001,0.40000,44.78201,1.00000,1.69142,0
0.00001,0.35841,45.82100,1.00000,1.69772,0
0.00000,0.91760,44.30200,1.00000,1.70522,0
0.00002,0.80229,45.16951,1.00000,1.69686,0
0.00002,0.47643,46.12710,1.00000,1.68136,0
0.00001,0.71292,44.59510,1.00000,1.71657,0
0.00005,0.47068,45.60615,1.00000,1.70974,0
0.00001,0.64989,44.63842,1.00000,1.70653,0
0.00001,0.97419,45.98161,1.00000,1.72373,0
0.00001,0.44771,46.24637,1.00000,1.70016,0
0.00000,0.96133,44.25606,1.00000,1.68126,0
0.00005,0.52890,46.11047,1.00000,1.71629,0
0.00005,0.44374,45.99537,1.00000,1.70012,0
0.00001,0.94416,44.37102,1.00000,1.70000,0
0.00003,0.45234,45.66023,1.00000,1.69703,0
0.00006,0.45617,45.30394,1.00000,1.70124,0
0.00000,1.00000,44.83509,1.00000,1.72733,0
0.00008,0.58505,45.58885,1.00000,1.71379,0
0.00001,0.89003,45.25078,1.00000,1.71109,0
0.00001,0.49393,45.20511,1.00000,1.68626,0
0.00001,0.42016,44.51407,1.00000,1.72740,0
0.00003,0.53628,44.52188,1.00000,1.71576,0
0.00001,0.90775,44.74248,1.00000,1.73253,0
0.00000,1.00000,45.53910,1.00000,1.68647,0
0.00000,0.94764,45.45872,1.00000,1.71671,0
0.00000,1.00000,46.13186,1.00000,1.73018,0
0.00000,0.96774,46.52135,1.00000,1.68994,0
0.00003,0.41041,46.20995,1.00000,1.68605,0
0.00001,0.41563,45.00046,1.00000,1.71128,0
0.00002,0.40758,45.68222,1.00000,1.71159,0
0.00007,0.38450,45.44300,1.00000,1.69898,0
0.00002,0.57722,45.57969,1.00000,1.71423,0
0.00000,1.00000,45.99111,1.00000,1.71789,0
0.00001,0.77062,46.04833,1.00000,1.72504,0
0.00012,0.40819,45.84419,1.00000,1.72931,0
0.00001,0.57328,45.16699,1.00000,1.70423,0
0.00001,0.36269,45.82089,1.00000,1.70759,0
0.00001,0.43610,44.83863,1.00000,1.71892,0
0.00004,0.47359,45.61276,1.00000,1.69745,0
0.00002,0.39318,44.98445,1.00000,1.72249,0
0.00001,0.38301,44.72637,1.00000,1.71417,0
0.00000,0.97906,44.55056,1.00000,1.70648,0
0.00003,0.47049,44.62496,1.00000,1.69633,0
0.00000,1.00000,45.16969,1.00000,1.71157,0
0.00005,0.42302,45.85001,1.00000,1.71425,0
0.00001,0.36741,44.89905,1.00000,1.70952,0
0.00001,0.94979,45.49923,1.00000,1.71104,0
0.00001,0.43051,45.24143,1.00000,1.69627,0
0.00007,0.50339,44.77068,1.00000,1.67680,0
0.00002,0.62227,44.80697,1.00000,1.67921,0
0.00007,0.54821,44.48461,1.00000,1.70219,0
0.00005,0.65021,44.98888,1.00000,1.72225,0
0.00002,0.64583,45.29314,1.00000,1.69222,0
0.00001,0.54301,45.97131,1.00000,1.72355,0
0.00002,0.48845,45.40911,1.00000,1.70806,0
0.00011,0.57115,44.93169,1.00000,1.71043,0
0.00001,0.89272,46.19663,1.00000,1.70655,0
0.00000,1.00000,45.34588,1.00000,1.71478,0
0.00000,0.74559,44.43503,1.00000,1.71310,0
0.00000,0.84451,44.48382,1.00000,1.68632,0
0.00000,0.98726,45.46221,1.00000,1.67381,0
0.00001,0.37830,44.15804,1.00000,1.68697,0
0.00004,0.39362,46.07764,1.00000,1.68480,0
0.00011,0.67177,45.18137,1.00000,1.71763,0
0.00002,0.45785,45.07210,1.00000,1.72247,0
0.00004,0.56226,46.20560,1.00000,1.71610,0
0.00000,0.99145,44.75923,1.00000,1.67591,0
0.00000,0.98020,45.59852,1.00000,1.72117,0
0.00001,0.95370,45.74442,1.00000,1.73329,0
0.00001,0.79088,44.41460,1.00000,1.67307,0
0.00019,0.43711,45.71324,1.00000,1.67856,0
0.00004,0.36622,44.20666,1.00000,1.69443,0
0.00000,0.94783,45.92808,1.00000,1.73171,0
0.00000,1.00000,44.90814,1.00000,1.69724,0
0.00000,0.90110,44.73027,1.00000,1.72538,0
0.00000,0.88530,45.21359,1.00000,1.75721,0
0.00004,0.55027,45.17113,1.00000,1.71514,0
0.00001,0.67824,45.64367,1.00000,1.71267,0
0.00002,0.72922,45.71683,1.00000,1.74066,0
0.00003,0.96933,45.40716,1.00000,1.70788,0
0.00001,0.96610,44.87599,1.00000,1.71252,0
0.00003,0.43146,45.47737,1.00000,1.69974,0
0.00000,0.68646,45.64480,1.00000,1.69343,0
0.00001,0.71028,46.29403,1.00000,1.70206,0
0.00001,0.49744,44.96606,1.00000,1.71598,0
0.00000,0.99180,45.81722,1.00000,1.69244,0
0.00000,0.96774,46.79832,1.00000,1.71341,0
0.00000,0.97688,45.36094,1.00000,1.69596,0
0.00000,0.96450,45.97823,1.00000,1.70083,0
0.00000,0.91286,45.61672,1.00000,1.67605,0
0.00003,0.45323,45.18578,1.00000,1.69033,0
0.00001,0.72662,45.11648,1.00000,1.69874,0
0.00001,0.73385,43.92959,1.00000,1.69747,0
0.00001,0.37630,45.15345,1.00000,1.72627,0
0.00000,1.00000,46.22921,1.00000,1.59262,0
0.00000,0.70118,47.31326,1.00000,1.71950,0
0.00001,0.45307,46.03530,1.00000,1.75472,0
0.00001,0.75921,46.12829,1.00000,1.71110,0
0.00001,0.40327,44.97231,1.00000,1.69443,0
0.00001,0.72131,44.44070,1.00000,1.71529,0
0.00005,0.47941,45.95559,1.00000,1.68799,0
0.00001,0.72816,45.49766,1.00000,1.67239,0
0.00002,0.42970,45.14756,1.00000,1.68359,0
0.00001,0.77193,44.47347,1.00000,1.69644,0
0.00004,0.89873,45.03191,1.00000,1.71735,0
0.00000,0.84839,45.77545,1.00000,1.70259,0
0.00000,0.98864,46.26356,1.00000,1.69707,0
0.00001,0.62500,44.34458,1.00000,1.69447,0
0.00002,0.45425,45.64082,1.00000,1.69463,0
0.00000,0.92941,44.61124,1.00000,1.71776,0
0.00007,0.39761,44.88257,1.00000,1.73068,0
0.00000,1.00000,45.65568,1.00000,1.40376,0
0.00000,0.98089,45.58903,1.00000,1.73119,0
0.00001,0.69108,44.80938,1.00000,1.71319,0
0.00003,0.58349,45.96536,1.00000,1.69335,0
0.00001,0.65393,44.68044,1.00000,1.70811,0
0.00012,0.56903,44.94760,1.00000,1.70237,0
0.00001,0.42457,44.61050,1.00000,1.70235,0
0.00003,0.43810,44.11366,1.00000,1.70892,0
0.00000,0.92000,44.58815,1.00000,1.72231,0
0.00001,0.76517,44.29579,1.00000,1.71517,0
0.00001,0.98462,45.02796,1.00000,1.67868,0
0.00001,0.63522,44.47945,1.00000,1.69173,0
0.00001,0.91406,45.49199,1.00000,1.70325,0
0.00001,0.87943,44.52389,1.00000,1.69808,0
0.00001,0.88172,44.58010,1.00000,1.70061,0
0.00001,0.73536,45.57389,1.00000,1.68474,0
0.00000,0.96450,44.74595,1.00000,1.71308,0
0.00001,0.56767,45.06560,1.00000,1.69090,0
0.00001,0.64537,44.75168,1.00000,1.68909,0
0.00001,0.53214,45.23496,1.00000,1.71277,0
0.00005,0.38018,44.76924,1.00000,1.71071,0
0.00001,0.66170,45.23424,1.00000,1.70986,0
0.00000,1.00000,44.88436,1.00000,1.68942,0
0.00000,1.00000,0.00000,1.00000,0.00000,0
0.00001,0.36310,45.61713,1.00000,1.71281,0
0.00002,0.55000,45.73863,1.00000,1.70182,0
0.00001,1.00000,44.63387,1.00000,1.71598,0
0.00002,0.40875,45.64126,1.00000,1.70904,0
0.00003,0.53694,44.25538,1.00000,1.69573,0
0.00001,0.47107,45.86748,1.00000,1.67534,0
0.00001,0.67527,45.34337,1.00000,1.70381,0
0.00001,0.59100,45.93712,1.00000,1.70651,0
0.00001,0.94821,45.73938,1.00000,1.71077,0
0.00001,0.54529,44.23046,1.00000,1.70555,0
0.00001,0.65720,45.46933,1.00000,1.70388,0
0.00001,0.49085,45.66372,1.00000,1.71295,0
0.00000,1.00000,44.75890,1.00000,1.70471,0
0.00002,0.54174,45.20989,1.00000,1.68396,0
0.00001,0.97525,44.76698,1.00000,1.70029,0
0.00001,0.38578,44.59168,1.00000,1.69318,0
0.00016,0.64300,44.52871,1.00000,1.69992,0
0.00001,0.65939,44.96752,1.00000,1.69155,0
0.00002,0.96618,45.38623,1.00000,1.70753,0
0.00003,0.58071,44.58581,1.00000,1.68789,0
0.00004,0.38905,44.57286,1.00000,1.71952,0
0.00001,0.59566,45.47999,1.00000,1.71589,0
0.00000,0.98864,45.11807,1.00000,1.69965,0
0.00001,0.63057,45.37074,1.00000,1.69962,0
0.00001,0.38782,46.17803,1.00000,1.70612,0
0.00004,0.50342,45.15782,1.00000,1.71137,0
0.00001,0.76590,45.35433,1.00000,1.70097,0
0.00000,1.00000,45.71722,1.00000,1.62527,0
0.00000,1.00000,45.45864,1.00000,1.64588,0
0.00002,0.38565,45.44075,1.00000,1.71513,0
0.00002,0.41416,44.83474,1.00000,1.69431,0
0.00008,0.35536,44.48495,1.00000,1.70068,0
0.00000,0.96689,45.18085,1.00000,1.69080,0
0.00001,0.53636,44.16507,1.00000,1.68496,0
0.00001,0.70276,43.27526,1.00000,1.70066,0
0.08153,0.39611,44.61065,1.00000,1.70331,0
0.06788,0.15632,44.65670,1.00000,1.72143,0
0.01447,0.48841,44.66293,1.00000,1.70255,0
0.00813,0.92797,45.02455,1.00000,1.70793,0
0.04249,0.60594,45.39212,1.00000,1.69187,0
0.06969,0.36058,45.36381,1.00000,1.70525,0
0.02807,0.27406,44.03674,1.00000,1.72309,0
0.03952,0.52622,46.32549,1.00000,1.72825,0
0.00699,0.72906,45.42748,1.00000,1.71734,0
0.02153,0.37021,45.42734,1.00000,1.72007,0
0.05215,0.35336,44.38159,1.00000,1.71305,0
0.06190,0.16919,45.85555,1.00000,1.68999,0
0.07212,0.46732,46.24898,1.00000,1.69447,0
0.02784,0.56192,44.71090,1.00000,1.69089,0
0.05767,0.17326,46.50557,1.00000,1.70000,0
0.01472,0.74936,44.95329,1.00000,1.70545,0
0.02251,0.38166,44.49208,1.00000,1.70155,0
0.01454,0.48752,44.28151,1.00000,1.71952,0
0.06747,0.17176,46.05254,1.00000,1.69182,0
0.07336,0.13416,45.32106,1.00000,1.73142,0
0.04896,0.15553,44.96083,1.00000,1.70830,0
0.04125,0.63542,44.02509,1.00000,1.69129,0
0.02279,0.89922,45.69267,1.00000,1.68960,0
0.03459,0.44762,44.57803,1.00000,1.70437,0
0.01793,0.38806,44.92344,1.00000,1.73315,0
0.01506,0.99254,44.23627,1.00000,1.71742,0
0.07053,0.33050,45.03660,1.00000,1.69949,0
0.04937,0.35159,45.19362,1.00000,1.69585,0
0.03702,0.23447,44.64329,1.00000,1.69738,0
0.05208,0.30122,45.88316,1.00000,1.71124,0
0.01208,0.60800,45.72006,1.00000,1.67564,0
0.06467,0.48430,45.16649,1.00000,1.69809,0
0.01694,0.41640,46.54102,1.00000,1.68935,0
0.02556,0.49832,44.80240,1.00000,1.70279,0
0.03003,0.25160,44.31260,1.00000,1.66749,0
0.02809,0.25744,45.22129,1.00000,1.68236,0
0.07443,0.21455,44.55692,1.00000,1.71661,0
0.07004,0.11184,45.74482,1.00000,1.69000,0
0.06700,0.52568,45.24278,1.00000,1.70794,0
0.04140,0.34740,45.50646,1.00000,1.71896,0
0.07941,0.11184,44.48219,1.00000,1.68891,0
0.01091,0.87187,45.13899,1.00000,1.71077,0
0.03569,0.55128,45.04515,1.00000,1.69990,0
0.04529,0.20510,47.16884,1.00000,1.73272,0
0.02604,0.25480,45.52824,1.00000,1.68336,0
0.01788,0.46104,45.04048,1.00000,1.69735,0
0.02238,0.89037,44.40379,1.00000,1.71198,0
0.02246,0.36711,44.79457,1.00000,1.68253,0
0.06314,0.34410,46.02629,1.00000,1.69819,0
0.02064,0.50000,45.31203,1.00000,1.70599,0
0.07086,0.15000,44.57552,1.00000,1.73568,0
0.06292,0.13605,44.66287,1.00000,1.69739,0
0.00989,0.90526,45.90182,1.00000,1.72183,0
0.05076,0.20144,45.34982,1.00000,1.74816,0
0.02017,0.43016,44.92232,1.00000,1.71394,0
0.04473,0.35868,44.71049,1.00000,1.69029,0
0.06683,0.14512,44.90735,1.00000,1.69135,0
0.08318,0.15114,45.28462,1.00000,1.70798,0
0.01713,0.49147,45.63663,1.00000,1.70355,0
0.06293,0.13244,45.00486,1.00000,1.70030,0
0.02646,0.50973,45.13918,1.00000,1.70782,0
0.00657,0.84478,45.50259,1.00000,1.69321,0
0.08094,0.31464,45.71264,1.00000,1.72616,0
0.06115,0.13672,45.54990,1.00000,1.70822,0
0.02734,0.32325,46.34257,1.00000,1.70122,0
0.02937,0.58365,44.69101,1.00000,1.70153,0
0.01499,0.50859,45.69017,1.00000,1.71671,0
0.00560,0.98913,45.44771,1.00000,1.73716,0
0.06183,0.43769,45.73196,1.00000,1.71947,0
0.01621,0.95928,46.18344,1.00000,1.69767,0
0.01704,0.90530,45.04590,1.00000,1.67711,0
0.04373,0.39021,46.75930,1.00000,1.70251,0
0.05395,0.15148,43.62253,1.00000,1.66949,0
0.01849,0.45760,45.21248,1.00000,1.71571,0
0.03505,0.28457,44.94416,1.00000,1.69493,0
0.07394,0.53931,45.45812,1.00000,1.70678,0
0.07510,0.11099,46.12601,1.00000,1.70927,0
0.04457,0.17130,44.15441,1.00000,1.69200,0
0.02484,0.71220,45.62188,1.00000,1.72244,0
0.01828,0.41742,44.66106,1.00000,1.72176,0
0.04176,0.36744,44.88695,1.00000,1.69336,0
0.06570,0.21750,46.16110,1.00000,1.71054,0
0.06339,0.16550,46.42013,1.00000,1.67835,0
0.07279,0.36614,45.47192,1.00000,1.70574,0
0.02576,0.35185,45.96684,1.00000,1.71370,0
0.06695,0.24874,45.58853,1.00000,1.70463,0
0.07133,0.11501,45.84291,1.00000,1.66832,0
0.07954,0.14077,45.23417,1.00000,1.71476,0
0.01405,0.68527,45.41527,1.00000,1.69863,0
0.02783,0.47010,44.07112,1.00000,1.70464,0
0.05154,0.25320,43.51193,1.00000,1.70045,0
0.03050,0.46990,43.55647,1.00000,1.72890,0
0.00376,1.00000,45.09935,1.00000,1.71109,0
0.02978,0.64463,45.14571,1.00000,1.71175,0
0.05320,0.31651,45.27333,1.00000,1.70115,0
0.06463,0.14874,45.43571,1.00000,1.68168,0
0.04195,0.19116,45.39319,1.00000,1.71564,0
0.05781,0.48039,43.45724,1.00000,1.67743,0
0.03954,0.20244,44.62293,1.00000,1.69914,0
0.02385,0.38998,45.44885,1.00000,1.70064,0
0.06027,0.19784,44.62558,1.00000,1.69553,0
0.04434,0.14367,45.43243,1.00000,1.67948,0
0.04334,0.19976,45.64519,1.00000,1.71225,0
0.07405,0.15068,44.84057,1.00000,1.70230,0
0.05433,0.53889,45.24897,1.00000,1.71913,0
0.03280,0.26160,44.96293,1.00000,1.67262,0
0.06742,0.12376,45.06453,1.00000,1.69341,0
0.02382,0.28778,45.78963,1.00000,1.71007,0
0.05904,0.14989,44.41664,1.00000,1.70313,0
0.00910,0.60040,45.53329,1.00000,1.71891,0
0.07917,0.12737,46.08562,1.00000,1.69012,0
0.06444,0.21552,45.90776,1.00000,1.69288,0
0.00612,0.89199,46.16434,1.00000,1.69926,0
0.06286,0.12806,45.63957,1.00000,1.74011,0
0.03160,0.37463,45.34866,1.00000,1.71755,0
0.03248,0.53237,45.31597,1.00000,1.73159,0
0.06581,0.16783,44.11533,1.00000,1.73060,0
0.04149,0.42633,45.34371,1.00000,1.70247,0
0.06394,0.42349,44.57640,1.00000,1.71732,0
0.08046,0.09120,45.66245,1.00000,1.70301,0
0.04318,0.24307,44.52570,1.00000,1.72135,0
0.01482,0.54135,45.58588,1.00000,1.74623,0
0.02316,0.29545,44.41810,1.00000,1.71313,0
0.03008,0.78415,45.97697,1.00000,1.67913,0
0.06370,0.13758,45.16583,1.00000,1.69228,0
0.05692,0.12195,45.66018,1.00000,1.68213,0
0.07729,0.20510,45.38147,1.00000,1.74144,0
0.02613,0.68502,46.19263,1.00000,1.69641,0
0.07614,0.09335,44.61040,1.00000,1.69391,0
0.00391,1.00000,43.84664,1.00000,1.69522,0
0.05159,0.14545,46.16576,1.00000,1.69904,0
0.07418,0.10065,45.13651,1.00000,1.70310,0
0.04195,0.23471,45.01848,1.00000,1.70112,0
0.04489,0.29748,45.16483,1.00000,1.69385,0
0.01588,0.61996,45.21829,1.00000,1.71455,0
0.07023,0.19031,44.82947,1.00000,1.73295,0
0.01400,0.49739,44.69359,1.00000,1.71109,0
0.02137,0.76190,46.31640,1.00000,1.71895,0
0.03391,0.24623,46.10955,1.00000,1.66030,0
0.07860,0.22621,44.74143,1.00000,1.69814,0
0.05793,0.22059,45.47195,1.00000,1.70305,0
0.06429,0.20393,45.14002,1.00000,1.70129,0
0.00766,1.00000,44.76073,1.00000,1.68789,0
0.03194,0.68506,44.73090,1.00000,1.69483,0
0.04397,0.46393,46.33585,1.00000,1.71724,0
0.03915,0.46302,46.24875,1.00000,1.70806,0
0.00608,1.00000,45.44310,1.00000,1.69608,0
0.03990,0.22935,46.34001,1.00000,1.67848,0
0.05166,0.37537,44.20621,1.00000,1.70389,0
0.05608,0.23774,45.40432,1.00000,1.70901,0
0.07688,0.15826,45.33901,1.00000,1.71781,0
0.03363,0.22772,44.57204,1.00000,1.67386,0
0.06288,0.45710,44.97191,1.00000,1.70570,0
0.05478,0.50517,45.29914,1.00000,1.70430,0
0.04978,0.41835,46.15692,1.00000,1.70648,0
0.08023,0.11907,46.35259,1.00000,1.72057,0
0.07819,0.26858,46.12489,1.00000,1.73487,0
0.07819,0.17840,44.76550,1.00000,1.71559,0
0.03294,0.39851,46.06606,1.00000,1.70011,0
0.05897,0.12403,44.77323,1.00000,1.70053,0
0.00363,1.00000,45.31439,1.00000,1.70810,0
0.00666,1.00000,45.53407,1.00000,1.68936,0
0.03503,0.51286,44.68282,1.00000,1.70850,0
0.08011,0.14692,44.79008,1.00000,1.70377,0
0.04948,0.35319,44.67425,1.00000,1.68568,0
0.00892,0.89850,45.75845,1.00000,1.71133,0
0.02061,0.38563,44.98656,1.00000,1.69295,0
0.01699,0.42178,46.03049,1.00000,1.67838,0
0.07550,0.39486,45.91132,1.00000,1.71446,0
0.06738,0.40691,43.61919,1.00000,1.69619,0
0.00775,1.00000,45.75475,1.00000,1.74395,0
0.06854,0.19309,44.23403,1.00000,1.71248,0
0.06784,0.15482,45.44564,1.00000,1.69754,0
0.03828,0.19263,45.28977,1.00000,1.71359,0
0.01860,0.35369,45.33241,1.00000,1.70076,0
0.01668,0.66893,44.96317,1.00000,1.70264,0
0.02856,0.42381,44.79886,1.00000,1.71758,0
0.02760,0.61961,44.86042,1.00000,1.72074,0
0.07971,0.31479,45.30450,1.00000,1.68715,0
0.01052,0.87329,44.37855,1.00000,1.69488,0
0.08254,0.27062,44.34720,1.00000,1.70739,0
0.07205,0.46178,44.71688,1.00000,1.68394,0
0.02781,0.67164,44.50077,1.00000,1.72342,0
0.02631,0.27604,45.79477,1.00000,1.71135,0
0.00932,0.91135,45.39240,1.00000,1.69898,0
0.04979,0.14270,44.88516,1.00000,1.67751,0
0.01591,0.86913,44.16098,1.00000,1.69842,0
0.07448,0.13356,45.96633,1.00000,1.68963,0
0.07454,0.09208,45.85151,1.00000,1.72940,0
0.06863,0.15385,45.23892,1.00000,1.70486,0
0.05622,0.17116,45.68306,1.00000,1.69826,0
0.06476,0.12849,45.13882,1.00000,1.71675,0
0.03874,0.33795,45.06322,1.00000,1.68662,0
0.01917,0.70175,44.92123,1.00000,1.70823,0
0.00388,1.00000,45.66600,1.00000,1.71688,0
0.03964,0.17723,45.55420,1.00000,1.72561,0
0.07378,0.17290,45.38089,1.00000,1.71386,0
0.00871,0.71608,45.64154,1.00000,1.69948,0
0.02904,0.26701,45.07349,1.00000,1.72515,0
0.07583,0.52297,44.43336,1.00000,1.69363,0
0.03563,0.40644,45.42454,1.00000,1.71690,0
0.01021,0.74750,46.04335,1.00000,1.67999,0
0.01503,0.72131,44.70978,1.00000,1.70191,0
0.01350,0.46734,46.63990,1.00000,1.70603,0
0.00356,0.98795,47.38995,1.00000,1.68445,0
0.00373,0.99363,44.48825,1.00000,1.70971,0
0.03020,0.25350,44.21939,1.00000,1.69965,0
0.02380,0.38782,46.07298,1.00000,1.72993,0
0.06648,0.19808,43.77539,1.00000,1.69545,0
0.07453,0.15411,45.76552,1.00000,1.71027,0
0.02797,0.38024,44.52270,1.00000,1.69460,0
0.03260,0.47148,46.20075,1.00000,1.67565,0
0.07772,0.60164,45.77340,1.00000,1.69207,0
0.07556,0.13995,45.54733,1.00000,1.69984,0
0.01559,0.42723,45.33499,1.00000,1.68296,0
0.01319,0.90706,44.54212,1.00000,1.73164,0
0.04401,0.37798,45.46519,1.00000,1.69788,0
0.05390,0.14318,45.65120,1.00000,1.71166,0
0.03699,0.73913,45.33380,1.00000,1.70812,0
0.03476,0.20823,45.44709,1.00000,1.68132,0
0.02634,0.36207,44.78245,1.00000,1.70329,0
0.04632,0.41321,44.66653,1.00000,1.70448,0
0.01372,0.57170,45.73767,1.00000,1.71949,0
0.00430,1.00000,46.01106,1.00000,1.75784,0
0.03886,0.22733,44.84002,1.00000,1.71214,0
0.06027,0.20995,45.12845,1.00000,1.69679,0
0.06539,0.16110,44.35169,1.00000,1.67299,0
0.06216,0.19783,46.21133,1.00000,1.70303,0
0.01692,0.39819,46.15068,1.00000,1.71679,0
0.05093,0.17209,45.42426,1.00000,1.71092,0
0.04925,0.61055,45.05257,1.00000,1.72906,0
0.01503,1.00000,45.40518,1.00000,1.69577,0
0.04064,0.42723,45.16006,1.00000,1.66406,0
0.02857,0.49581,44.63069,1.00000,1.68540,0
0.05749,0.21123,43.04133,1.00000,1.70686,0
0.05249,0.13438,45.21089,1.00000,1.68702,0
0.01516,0.94527,44.36876,1.00000,1.71493,0
0.05783,0.78329,44.77609,1.00000,1.68786,0
0.04675,0.23975,44.87258,1.00000,1.71972,0
0.03379,0.29272,45.41536,1.00000,1.69240,0
0.00001,0.97895,46.26476,1.00000,1.69894,0
0.00001,0.88772,45.54828,1.00000,1.69734,0
0.00003,0.86513,45.38187,1.00000,1.69936,0
0.00002,0.82822,45.03609,1.00000,1.70486,0
0.00001,0.71671,44.42568,1.00000,1.69069,0
0.00000,0.97297,44.86562,1.00000,1.71859,0
0.00000,1.00000,45.57928,1.00000,1.68605,0
0.00001,0.73385,43.87461,1.00000,1.71191,0
0.00001,0.71329,46.16880,1.00000,1.69308,0
0.00000,0.96552,45.84720,1.00000,1.72077,0
0.00005,0.66667,44.02625,1.00000,1.72843,0
0.00002,0.66449,45.12704,1.00000,1.68416,0
0.00001,0.73832,46.04249,1.00000,1.68175,0
0.00001,0.81818,44.57625,1.00000,1.71960,0
0.00001,0.63753,45.11608,1.00000,1.69509,0
0.00019,0.78457,45.94478,1.00000,1.71849,0
0.00001,0.71776,45.26321,1.00000,1.69551,0
0.00001,0.64731,45.28883,1.00000,1.71511,0
0.00000,1.00000,45.94561,1.00000,1.76171,0
0.00001,0.74436,45.32646,1.00000,1.73634,0
0.00000,0.97222,45.10833,1.00000,1.77546,0
0.00001,1.00000,45.10280,1.00000,1.64928,0
0.00000,1.00000,45.83927,1.00000,1.43123,0
0.00000,0.72422,45.92578,1.00000,1.67793,0
0.00002,0.72727,44.53614,1.00000,1.71268,0
0.00001,0.69451,46.17841,1.00000,1.71284,0
0.00001,0.66813,44.24753,1.00000,1.70316,0
0.00002,0.77083,47.20501,1.00000,1.69551,0
0.00003,0.83578,46.39920,1.00000,1.70375,0
0.00000,0.85284,45.11136,1.00000,1.69445,0
0.00001,0.75130,45.77169,1.00000,1.74494,0
0.00000,0.96386,44.75932,1.00000,1.72604,0
0.00001,0.92683,45.52367,1.00000,1.74167,0
0.00000,0.99180,45.00441,1.00000,1.70358,0
0.00001,0.70047,46.41275,1.00000,1.71530,0
0.00000,0.98089,43.77082,1.00000,1.70140,0
0.00001,0.80109,44.82886,1.00000,1.70932,0
0.00001,0.65116,45.37329,1.00000,1.72104,0
0.00001,0.94715,42.77839,1.00000,1.68430,0
0.00001,0.82043,45.17523,1.00000,1.70369,0
0.00001,0.80838,45.23429,1.00000,1.69619,0
0.00001,0.78862,44.63777,1.00000,1.71514,0
0.00002,0.98214,45.52744,1.00000,1.72464,0
0.00000,0.99338,45.67000,1.00000,1.70132,0
0.00000,0.86262,45.63611,1.00000,1.67128,0
0.00001,0.63136,45.62203,1.00000,1.70918,0
0.00001,0.80980,45.52793,1.00000,1.71016,0
0.00001,0.87829,45.89335,1.00000,1.71074,0
0.00000,0.95259,45.43840,1.00000,1.70331,0
0.00003,0.66140,46.41355,1.00000,1.70189,0
0.00002,0.82196,45.57876,1.00000,1.71906,0
0.00001,0.74425,44.84183,1.00000,1.73372,0
0.00001,0.65180,46.78304,1.00000,1.71869,0
0.00001,0.72686,45.48368,1.00000,1.70460,0
0.00002,0.93469,45.06371,1.00000,1.69267,0
0.00001,0.90106,44.16581,1.00000,1.71401,0
0.00001,0.80978,45.75376,1.00000,1.71227,0
0.00010,0.73618,45.65684,1.00000,1.72369,0
0.00001,0.78962,45.19103,1.00000,1.71551,0
0.00001,0.64516,44.97167,1.00000,1.70060,0
0.00000,0.88806,45.08827,1.00000,1.69819,0
0.00000,0.72774,44.49604,1.00000,1.71249,0
0.00000,1.00000,45.15833,1.00000,1.69751,0
0.00000,0.97765,45.24344,1.00000,1.69956,0
0.00001,0.69565,45.39275,1.00000,1.72115,0
0.00001,0.76550,45.79787,1.00000,1.71498,0
0.00001,1.00000,45.20003,1.00000,1.72923,0
0.00001,0.95238,45.91221,1.00000,1.70375,0
0.00002,0.90875,45.83269,1.00000,1.69983,0
0.00001,0.95434,46.71178,1.00000,1.71774,0
0.00001,0.69544,45.60163,1.00000,1.70726,0
0.00000,1.00000,45.49906,1.00000,1.74096,0
0.00000,0.98630,44.56449,1.00000,1.69088,0
0.00001,0.62062,45.67545,1.00000,1.70568,0
0.00001,0.86093,45.59200,1.00000,1.74640,0
0.00000,0.99254,45.86148,1.00000,1.70718,0
0.00002,0.73779,45.88348,1.00000,1.71592,0
0.00000,0.99145,45.37490,1.00000,1.72857,0
0.00001,0.70091,45.86849,1.00000,1.70067,0
0.00001,0.70616,44.48710,1.00000,1.75663,0
0.00002,0.74217,45.83510,1.00000,1.71438,0
0.00001,0.80398,46.92368,1.00000,1.71852,0
0.00000,1.00000,46.49641,1.00000,1.62913,0
0.00000,0.83434,44.93060,1.00000,1.70782,0
0.00000,0.87375,44.40099,1.00000,1.70914,0
0.00000,1.00000,45.53604,1.00000,1.68285,0
0.00001,0.74479,44.22567,1.00000,1.65971,0
0.00001,0.66079,45.09918,1.00000,1.72709,0
0.00001,0.75393,44.95612,1.00000,1.72811,0
0.00001,0.73430,45.14064,1.00000,1.68218,0
0.00016,0.76250,46.14191,1.00000,1.71316,0
0.00001,0.82029,44.79108,1.00000,1.67499,0
0.00000,0.99225,45.57768,1.00000,1.72563,0
0.00000,1.00000,44.89484,1.00000,1.70689,0
0.00000,0.97674,44.84615,1.00000,1.70011,0
0.00000,1.00000,44.67115,1.00000,1.56731,0
0.00001,0.98780,45.68094,1.00000,1.73425,0
0.00001,0.76396,44.48090,1.00000,1.70508,0
0.00000,0.96774,44.48191,1.00000,1.73025,0
0.00001,0.68925,45.35553,1.00000,1.68964,0
0.00000,0.99425,45.58889,1.00000,1.68848,0
0.00001,0.98089,44.15296,1.00000,1.70662,0
0.00001,0.73522,44.87485,1.00000,1.70407,0
0.00000,0.94583,45.14253,1.00000,1.72326,0
0.00001,1.00000,46.15431,1.00000,1.68050,0
0.00002,0.96859,45.34525,1.00000,1.68882,0
0.00000,0.79282,45.79074,1.00000,1.69739,0
0.00001,0.92369,44.83790,1.00000,1.69652,0
0.00002,0.85809,45.63911,1.00000,1.67350,0
0.00000,1.00000,44.45811,1.00000,1.65080,0
0.00000,1.00000,45.53919,1.00000,1.68294,0
0.00000,1.00000,44.76493,1.00000,1.81136,0
0.00000,1.00000,45.48412,1.00000,1.72443,0
0.00000,0.97633,46.40139,1.00000,1.70594,0
0.00000,0.92718,45.16261,1.00000,1.73509,0
0.00001,0.70709,44.05214,1.00000,1.69931,0
0.00000,0.97872,45.65554,1.00000,1.68715,0
0.00002,0.70504,45.00899,1.00000,1.69124,0
0.00000,1.00000,44.78900,1.00000,1.70835,0
0.00000,1.00000,45.20513,1.00000,1.67507,0
0.00001,0.98795,45.42458,1.00000,1.73787,0
0.00000,0.95417,44.96920,1.00000,1.70555,0
0.00000,0.80814,45.17954,1.00000,1.68436,0
0.00002,0.84451,44.89395,1.00000,1.71135,0
0.00002,0.82123,45.30209,1.00000,1.69650,0
0.00000,1.00000,44.22035,1.00000,1.71091,0
0.00000,0.98851,45.14471,1.00000,1.67238,0
0.00001,0.67574,43.85059,1.00000,1.70579,0
0.00000,1.00000,44.72198,1.00000,1.77630,0
0.00001,0.84112,44.22554,1.00000,1.72695,0
0.00001,0.96804,45.45730,1.00000,1.68645,0
0.00002,0.97126,44.61114,1.00000,1.68637,0
0.00001,0.84615,45.03705,1.00000,1.72230,0
0.00002,0.68910,45.59760,1.00000,1.70134,0
0.00000,0.96774,46.15465,1.00000,1.72190,0
0.00003,1.00000,46.45090,1.00000,1.72639,0
0.00001,0.85580,45.98710,1.00000,1.74516,0
0.00001,0.91571,45.00609,1.00000,1.70763,0
0.00000,0.97970,46.27847,1.00000,1.69432,0
0.00000,0.85350,46.60344,1.00000,1.71275,0
0.00002,0.77003,44.46327,1.00000,1.69657,0
0.00015,0.84366,44.87296,1.00000,1.68848,0
0.00000,0.96429,44.68632,1.00000,1.68114,0
0.00005,0.74645,45.05808,1.00000,1.71442,0
0.00001,0.69438,44.44980,1.00000,1.70882,0
0.00014,0.85862,45.03973,1.00000,1.70553,0
0.00003,0.67834,45.12283,1.00000,1.71822,0
0.00000,1.00000,45.15263,1.00000,1.71287,0
0.00001,0.66446,45.98099,1.00000,1.69848,0
0.00000,0.99286,45.75393,1.00000,1.68463,0
0.00001,0.90262,44.76918,1.00000,1.69413,0
0.00001,0.94468,46.24021,1.00000,1.71477,0
0.00023,0.68009,45.94370,1.00000,1.71004,0
0.00000,0.87324,45.87500,1.00000,1.70310,0
0.00001,0.63941,45.17161,1.00000,1.70902,0
0.00000,0.92275,45.98023,1.00000,1.72387,0
0.00001,0.97382,44.06427,1.00000,1.71009,0
0.00000,0.85761,45.44917,1.00000,1.69858,0
0.00000,1.00000,45.54301,1.00000,1.72979,0
0.00001,0.98765,45.03965,1.00000,1.71371,0
0.00001,0.67177,45.96591,1.00000,1.68753,0
0.00000,0.99338,45.65811,1.00000,1.69862,0
0.00001,0.71529,45.62373,1.00000,1.71721,0
0.00000,0.98286,46.16591,1.00000,1.72625,0
0.00000,1.00000,44.01015,1.00000,1.69430,0
0.00003,1.00000,44.68517,1.00000,1.69018,0
0.00010,0.74811,44.75003,1.00000,1.70755,0
0.00000,0.91797,45.72792,1.00000,1.68722,0
0.00002,0.67666,44.73394,1.00000,1.70024,0
0.00001,0.68571,45.35508,1.00000,1.70480,0
0.00000,1.00000,45.42873,1.00000,1.70447,0
0.00001,0.71756,46.03251,1.00000,1.69528,0
0.00000,0.91949,45.01648,1.00000,1.70071,0
0.00001,0.93665,45.49834,1.00000,1.72490,0
0.00000,1.00000,45.11187,1.00000,1.75702,0
0.00010,0.65042,44.49473,1.00000,1.70279,0
0.00000,0.76203,45.43474,1.00000,1.69765,0
0.00069,0.85304,44.83363,1.00000,1.69886,0
0.00002,0.86164,45.37867,1.00000,1.72063,0
0.00000,0.86452,45.28600,1.00000,1.69491,0
0.00000,0.98936,44.13880,1.00000,1.74987,0
0.00000,0.77285,44.39682,1.00000,1.68280,0
0.00001,0.86711,44.95398,1.00000,1.70023,0
0.00001,0.78149,44.21982,1.00000,1.70153,0
0.00000,0.90278,44.51006,1.00000,1.70389,0
0.00000,1.00000,44.79322,1.00000,1.68026,0
0.00000,0.89818,45.07146,1.00000,1.70453,0
0.00001,0.89583,46.02225,1.00000,1.68300,0
0.00000,0.96313,44.58310,1.00000,1.67123,0
0.00063,0.75573,43.77722,1.00000,1.70980,0
0.00003,0.72300,45.56953,1.00000,1.70107,0
0.00000,0.98876,45.65184,1.00000,1.68098,0
0.00000,1.00000,46.25994,1.00000,1.81894,0
0.00000,1.00000,44.89117,1.00000,1.68184,0
0.00003,0.89860,45.43643,1.00000,1.72912,0
0.00000,1.00000,45.53408,1.00000,1.70266,0
0.00001,0.68352,44.58595,1.00000,1.70227,0
0.00001,0.78028,45.59657,1.00000,1.69789,0
0.00007,0.79459,45.04297,1.00000,1.69814,0
0.00000,1.00000,44.64104,1.00000,1.69585,0
0.00000,0.98286,45.18327,1.00000,1.70999,0
0.00000,1.00000,45.79095,1.00000,1.69490,0
0.00000,0.80165,45.78618,1.00000,1.68158,0
0.00000,0.98675,45.25621,1.00000,1.71995,0
0.00002,0.66667,44.70993,1.00000,1.72056,0
0.00000,0.85313,46.11384,1.00000,1.70926,0
0.00001,0.70602,44.91681,1.00000,1.71280,0
0.00000,1.00000,45.09411,1.00000,1.40896,0
0.00038,0.87541,43.70191,1.00000,1.73134,0
0.00001,0.68950,46.43592,1.00000,1.69613,0
0.00002,0.79310,44.37774,1.00000,1.74245,0
0.00001,0.96262,45.24002,1.00000,1.69942,0
0.00001,0.75389,45.46360,1.00000,1.69605,0
0.00000,0.99338,44.95189,1.00000,1.71951,0
0.00001,0.77487,46.53494,1.00000,1.72623,0
0.00001,0.97744,45.07370,1.00000,1.69202,0
0.00001,0.95902,44.96257,1.00000,1.72159,0
0.00000,0.83529,44.74583,1.00000,1.71876,0
0.00000,1.00000,45.53533,1.00000,1.69094,0
0.00000,0.92308,46.59522,1.00000,1.68908,0
0.00000,0.84795,45.20264,1.00000,1.71819,0
0.00000,1.00000,45.88544,1.00000,1.55083,0
0.00000,1.00000,45.65965,1.00000,1.74950,0
0.00000,0.95814,44.68542,1.00000,1.70505,0
0.00000,0.93458,45.00658,1.00000,1.71199,0
0.00001,0.85714,46.96526,1.00000,1.69742,0
0.00005,0.77487,45.14731,1.00000,1.69316,0
0.00001,0.89041,46.47672,1.00000,1.71866,0
0.00002,0.69734,46.53616,1.00000,1.72991,0
0.00001,0.78632,44.55895,1.00000,1.69483,0
0.03480,0.00000,45.17488,0.00000,1.65928,1
0.06129,0.00000,45.00634,0.00000,1.69158,1
0.13486,0.00098,44.83053,0.00000,1.65956,1
0.13717,0.00000,45.44114,0.00000,1.65423,1
0.11508,0.00000,46.20951,0.00000,1.67414,1
0.06075,0.00098,44.96234,0.00000,1.63080,1
0.06409,0.00196,45.68958,0.00000,1.66086,1
0.07373,0.00000,45.55645,0.00000,1.65321,1
0.11569,0.00000,45.16281,0.00000,1.61690,1
0.09199,0.01388,45.17574,0.00000,1.61795,1
0.03012,0.00098,45.53502,0.00000,1.67539,1
0.03037,0.00098,46.09981,0.00000,1.62925,1
0.03479,0.00098,47.06955,0.00000,1.65627,1
0.02731,0.00098,45.09522,0.00000,1.65005,1
0.05333,0.00000,44.94276,0.00000,1.64944,1
0.04661,0.00000,45.78559,0.00000,1.67515,1
0.08043,0.00294,46.16813,0.00000,1.68381,1
0.03144,0.00098,44.55213,0.00000,1.66081,1
0.07227,0.00000,45.59976,0.00000,1.65549,1
0.06614,0.00000,45.84270,0.00000,1.66397,1
0.12766,0.00000,43.76605,0.00000,1.64313,1
0.01147,0.00098,45.03907,0.00000,1.61897,1
0.04762,0.00000,46.01228,0.00000,1.63058,1
0.01788,0.00098,44.75386,0.00000,1.63309,1
0.08446,0.00000,46.23382,0.00000,1.66913,1
0.06682,0.00000,45.57329,0.00000,1.62861,1
0.02457,0.01488,45.15458,0.00000,1.65380,1
0.01762,0.00196,44.79935,0.00000,1.62562,1
0.06922,0.00000,44.82704,0.00000,1.65472,1
0.04540,0.00000,45.66045,0.00000,1.66911,1
0.08967,0.00000,45.74980,0.00000,1.66434,1
0.06875,0.00000,46.12619,0.00000,1.66861,1
0.10169,0.00000,46.03282,0.00000,1.62659,1
0.11349,0.00000,45.22853,0.00000,1.65487,1
0.02331,0.00000,45.82629,0.00000,1.64639,1
0.11389,0.00000,45.20493,0.00000,1.65251,1
0.10555,0.00000,45.81028,0.00000,1.66495,1
0.04487,0.00000,45.62231,0.00000,1.66275,1
0.11889,0.00000,45.94350,0.00000,1.64782,1
0.01996,0.00196,45.10417,0.00000,1.65262,1
0.06592,0.00000,43.72527,0.00000,1.65614,1
0.12718,0.00000,45.14214,0.00000,1.65103,1
0.01517,0.00000,45.23812,0.00000,1.65499,1
0.10829,0.00098,45.35039,0.00000,1.67080,1
0.10628,0.00000,45.39751,0.00000,1.64556,1
0.02685,0.00000,47.05995,0.00000,1.64952,1
0.03912,0.00098,44.93530,0.00000,1.67850,1
0.10443,0.00098,44.43531,0.00000,1.66132,1
0.06518,0.00196,44.87896,0.00000,1.64475,1
0.11934,0.00000,45.01848,0.00000,1.64340,1
0.01437,0.00098,45.82354,0.00000,1.65310,1
0.01306,0.00098,46.57047,0.00000,1.68649,1
0.07005,0.00098,44.99126,0.00000,1.67042,1
0.04073,0.00098,44.41036,0.00000,1.65341,1
0.10377,0.00000,45.94173,0.00000,1.66236,1
0.02271,0.00000,44.56775,0.00000,1.68837,1
0.02457,0.00000,44.89197,0.00000,1.66062,1
0.07331,0.00000,44.56410,0.00000,1.62317,1
0.03383,0.00196,45.53186,0.00000,1.62994,1
0.04050,0.00098,45.22338,0.00000,1.64877,1
0.11882,0.00000,45.81168,0.00000,1.65405,1
0.05453,0.00098,44.72444,0.00000,1.63617,1
0.12414,0.00000,43.78091,0.00000,1.64259,1
0.01268,0.00393,46.46292,0.00000,1.67725,1
0.02970,0.00000,44.91599,0.00000,1.66767,1
0.01858,0.00196,44.30801,0.00000,1.65003,1
0.03667,0.00000,46.44141,0.00000,1.66694,1
0.12369,0.00000,44.89124,0.00000,1.68718,1
0.04654,0.00000,44.73736,0.00000,1.65490,1
0.10061,0.00000,44.56071,0.00000,1.65648,1
0.09913,0.00000,44.65311,0.00000,1.66765,1
0.12960,0.00000,43.76733,0.00000,1.67494,1
0.08894,0.00000,45.75959,0.00000,1.66229,1
0.05337,0.00000,46.28628,0.00000,1.65808,1
0.09583,0.00000,45.61704,0.00000,1.64893,1
0.06937,0.00393,44.81628,0.00000,1.65574,1
0.11217,0.00000,46.03137,0.00000,1.66423,1
0.04919,0.00000,44.60737,0.00000,1.65524,1
0.11566,0.00000,45.63266,0.00000,1.65147,1
0.11653,0.00000,45.06698,0.00000,1.67345,1
0.13220,0.00000,45.34856,0.00000,1.67056,1
0.08784,0.00000,46.27692,0.00000,1.64823,1
0.12558,0.00000,45.03324,0.00000,1.64111,1
0.05103,0.00000,44.42254,0.00000,1.67734,1
0.12769,0.00000,44.79424,0.00000,1.62909,1
0.03062,0.00000,45.87703,0.00000,1.66226,1
0.07166,0.00098,46.44649,0.00000,1.67574,1
0.03306,0.00000,45.06137,0.00000,1.60970,1
0.01895,0.00098,45.29353,0.00000,1.66034,1
0.11821,0.00000,44.98798,0.00000,1.67048,1
0.13610,0.00000,45.83795,0.00000,1.68328,1
0.05406,0.00000,44.93420,0.00000,1.63819,1
0.11351,0.00098,45.47403,0.00000,1.65514,1
0.02644,0.00098,44.45220,0.00000,1.64975,1
0.09198,0.00000,46.24263,0.00000,1.64907,1
0.07248,0.00000,46.04544,0.00000,1.67008,1
0.03120,0.00098,45.68153,0.00000,1.65305,1
0.10828,0.00098,45.24505,0.00000,1.63345,1
0.12750,0.00000,44.30463,0.00000,1.64515,1
0.01727,0.00000,45.09039,0.00000,1.65412,1
0.04993,0.00000,43.95577,0.00000,1.65544,1
0.12791,0.00098,45.21591,0.00000,1.65473,1
0.11609,0.00000,44.43205,0.00000,1.65516,1
0.13025,0.00000,44.54883,0.00000,1.66013,1
0.02369,0.00294,45.96333,0.00000,1.65811,1
0.08332,0.00000,44.75212,0.00000,1.61921,1
0.02525,0.00294,45.51719,0.00000,1.65000,1
0.03347,0.00000,44.46881,0.00000,1.64946,1
0.07946,0.00000,45.89161,0.00000,1.66935,1
0.01772,0.00294,44.38521,0.00000,1.64499,1
0.06357,0.00098,45.62203,0.00000,1.63491,1
0.02201,0.00000,45.15857,0.00000,1.65679,1
0.03317,0.00098,46.55529,0.00000,1.62636,1
0.12726,0.00000,46.04715,0.00000,1.63657,1
0.02738,0.00196,45.04861,0.00000,1.67345,1
0.09688,0.00000,44.96808,0.00000,1.62768,1
0.10669,0.00000,45.66309,0.00000,1.62988,1
0.10644,0.00000,45.81341,0.00000,1.65192,1
0.10647,0.00000,46.79334,0.00000,1.64633,1
0.07666,0.00000,44.92644,0.00000,1.66225,1
0.09918,0.00000,45.52458,0.00000,1.64577,1
0.06169,0.02200,45.50630,0.00000,1.66061,1
0.05313,0.00098,43.27706,0.00000,1.67882,1
0.05931,0.00000,44.79405,0.00000,1.63726,1
0.02270,0.00098,44.60501,0.00000,1.63119,1
0.08592,0.00000,44.72453,0.00000,1.68002,1
0.10504,0.00000,44.69081,0.00000,1.65976,1
0.01745,0.00000,44.08350,0.00000,1.63839,1
0.10238,0.00000,43.65346,0.00000,1.68948,1
0.14108,0.00000,46.81941,0.00000,1.64570,1
0.07542,0.00000,45.33266,0.00000,1.66074,1
0.13466,0.00000,45.04762,0.00000,1.65739,1
0.13126,0.00000,46.46544,0.00000,1.64138,1
0.03523,0.00000,46.43133,0.00000,1.66937,1
0.02523,0.00196,45.35969,0.00000,1.65197,1
0.04124,0.00000,45.76651,0.00000,1.66111,1
0.07733,0.00000,46.00162,0.00000,1.62430,1
0.04919,0.00196,45.13525,0.00000,1.65211,1
0.03921,0.00000,44.71249,0.00000,1.62707,1
0.04050,0.00098,44.60361,0.00000,1.67663,1
0.05636,0.00000,44.75108,0.00000,1.65783,1
0.09162,0.00000,44.38030,0.00000,1.65264,1
0.12004,0.00000,45.19492,0.00000,1.62803,1
0.10503,0.00000,45.45562,0.00000,1.65361,1
0.01530,0.00000,45.21821,0.00000,1.67016,1
0.08650,0.00000,45.90550,0.00000,1.63166,1
0.12626,0.00000,44.51367,0.00000,1.67011,1
0.13832,0.00000,46.21511,0.00000,1.63024,1
0.02211,0.00098,45.59813,0.00000,1.64585,1
0.07143,0.00000,45.62241,0.00000,1.65850,1
0.03240,0.00098,43.53687,0.00000,1.65581,1
0.05370,0.00098,45.64287,0.00000,1.68334,1
0.11168,0.00000,45.94963,0.00000,1.63267,1
0.04228,0.00000,45.47568,0.00000,1.65277,1
0.06747,0.00000,45.30757,0.00000,1.64825,1
0.02068,0.00098,46.67740,0.00000,1.66572,1
0.09720,0.00098,44.99795,0.00000,1.64089,1
0.08398,0.00000,45.18848,0.00000,1.64915,1
0.11745,0.00000,46.05877,0.00000,1.65843,1
0.12453,0.00000,44.30638,0.00000,1.62992,1
0.01518,0.00098,45.40183,0.00000,1.64797,1
0.11532,0.00098,44.82365,0.00000,1.65510,1
0.10710,0.00000,44.73094,0.00000,1.65587,1
0.07164,0.00000,45.08658,0.00000,1.65497,1
0.09096,0.00000,44.71919,0.00000,1.67208,1
0.12865,0.00000,45.61629,0.00000,1.68132,1
0.02880,0.00000,44.75570,0.00000,1.65685,1
0.05721,0.00000,46.16509,0.00000,1.66998,1
0.08716,0.00000,44.73630,0.00000,1.64700,1
0.03974,0.00098,45.75250,0.00000,1.65850,1
0.06119,0.00000,44.82247,0.00000,1.67565,1
0.12998,0.00196,44.10943,0.00000,1.65437,1
0.10312,0.00000,44.22468,0.00000,1.61812,1
0.05393,0.00000,44.05485,0.00000,1.68120,1
0.05373,0.00000,44.48407,0.00000,1.67307,1
0.08259,0.00000,45.16391,0.00000,1.66503,1
0.07777,0.00000,45.61537,0.00000,1.66357,1
0.12175,0.00000,45.52817,0.00000,1.68699,1
0.09313,0.00000,45.45897,0.00000,1.66416,1
0.06675,0.00393,43.98610,0.00000,1.70075,1
0.03128,0.00000,44.44319,0.00000,1.64361,1
0.04174,0.00000,45.59224,0.00000,1.63764,1
0.10293,0.00000,44.45628,0.00000,1.65731,1
0.13462,0.00000,44.94354,0.00000,1.66082,1
0.09590,0.00000,45.44872,0.00000,1.68624,1
0.07487,0.00098,45.81677,0.00000,1.64871,1
0.02452,0.00000,45.54212,0.00000,1.65457,1
0.03334,0.00000,44.49253,0.00000,1.63682,1
0.08959,0.00000,45.10120,0.00000,1.64307,1
0.03730,0.00000,45.35460,0.00000,1.62302,1
0.09002,0.00000,45.17471,0.00000,1.60469,1
0.13100,0.00000,45.50737,0.00000,1.66157,1
0.03265,0.00000,45.24144,0.00000,1.64659,1
0.05470,0.00000,45.27645,0.00000,1.66929,1
0.03322,0.00000,45.45957,0.00000,1.63991,1
0.09359,0.00098,46.04780,0.00000,1.65485,1
0.01919,0.00098,43.93034,0.00000,1.68397,1
0.09551,0.00000,45.34376,0.00000,1.67337,1
0.10623,0.00000,44.30398,0.00000,1.66000,1
0.03457,0.00000,44.28770,0.00000,1.64753,1
0.04931,0.00000,45.46070,0.00000,1.64206,1
0.01456,0.00098,44.69492,0.00000,1.64640,1
0.12641,0.00000,45.21818,0.00000,1.66813,1
0.06930,0.00000,44.18885,0.00000,1.65824,1
0.04202,0.00393,45.27905,0.00000,1.67262,1
0.09831,0.00000,46.02805,0.00000,1.66095,1
0.06397,0.00000,45.79097,0.00000,1.64301,1
0.13369,0.00000,44.41588,0.00000,1.65867,1
0.03057,0.00000,45.34454,0.00000,1.63413,1
0.05557,0.00000,44.87632,0.00000,1.66774,1
0.06133,0.00000,45.69618,0.00000,1.64777,1
0.07067,0.00098,45.15170,0.00000,1.64860,1
0.10671,0.00000,45.86872,0.00000,1.67061,1
0.11878,0.00000,44.42134,0.00000,1.63054,1
0.03563,0.00098,44.85954,0.00000,1.66287,1
0.02927,0.00294,45.36306,0.00000,1.66457,1
0.11696,0.00000,45.02226,0.00000,1.66846,1
0.10799,0.00000,45.08699,0.00000,1.63792,1
0.12510,0.00000,44.49834,0.00000,1.64278,1
0.09661,0.00000,45.66690,0.00000,1.66844,1
0.02448,0.00098,46.17239,0.00000,1.67086,1
0.02359,0.00098,45.71413,0.00000,1.65602,1
0.03514,0.00000,46.13411,0.00000,1.65887,1
0.03193,0.00098,45.89959,0.00000,1.62604,1
0.07086,0.00000,46.35137,0.00000,1.64508,1
0.04291,0.00000,46.29058,0.00000,1.64084,1
0.07094,0.00000,45.67597,0.00000,1.65715,1
0.01898,0.00000,45.34656,0.00000,1.63784,1
0.06579,0.00000,44.10724,0.00000,1.66525,1
0.10002,0.00000,45.80932,0.00000,1.64400,1
0.12192,0.00000,45.18415,0.00000,1.67985,1
0.04412,0.00000,45.58409,0.00000,1.64559,1
0.06670,0.00000,45.31714,0.00000,1.66944,1
0.13039,0.00000,46.61526,0.00000,1.65981,1
0.05894,0.00000,45.38817,0.00000,1.67056,1
0.12302,0.00000,45.62720,0.00000,1.64312,1
0.07364,0.00000,45.18389,0.00000,1.63862,1
0.03930,0.00000,46.37303,0.00000,1.66743,1
0.10036,0.00000,45.51245,0.00000,1.65367,1
0.01880,0.00098,45.23347,0.00000,1.67457,1
0.05695,0.00000,45.48593,0.00000,1.65173,1
0.11140,0.00098,46.04593,0.00000,1.67200,1
0.08804,0.00098,44.90760,0.00000,1.65924,1
0.06144,0.00000,46.14021,0.00000,1.65142,1
0.08719,0.00294,44.91095,0.00000,1.65699,1
0.04987,0.00098,44.47893,0.00000,1.68366,1
0.13928,0.00000,45.22422,0.00000,1.64473,1
0.03903,0.00000,46.29157,0.00000,1.64011,1
0.04142,0.00000,44.44011,0.00000,1.65348,1
0.04658,0.00000,45.45797,0.00000,1.61881,1
0.02416,0.00000,45.50898,0.00000,1.65089,1
0.05763,0.00000,45.50361,0.00000,1.64549,1
0.02779,0.00000,45.67578,0.00000,1.65048,1
0.02534,0.00098,45.06240,0.00000,1.64868,1
0.03495,0.00000,44.60267,0.00000,1.68233,1
0.09884,0.00098,44.29015,0.00000,1.65393,1
0.03766,0.00000,44.68465,0.00000,1.63446,1
0.08856,0.00000,44.40629,0.00000,1.62788,1
0.04365,0.00098,45.13042,0.00000,1.65883,1
0.11646,0.00000,46.32923,0.00000,1.64567,1
0.09488,0.00196,45.01564,0.00000,1.64912,1
0.03154,0.00000,44.54389,0.00000,1.65309,1
0.10796,0.00000,43.71117,0.00000,1.63163,1
0.02910,0.00098,44.99575,0.00000,1.63880,1
0.09848,0.00000,45.84443,0.00000,1.66129,1
0.11320,0.00000,45.82532,0.00000,1.66135,1
0.04107,0.00000,46.10195,0.00000,1.65996,1
0.08906,0.00098,46.29724,0.00000,1.64236,1
0.12404,0.00098,46.04511,0.00000,1.65179,1
0.02102,0.00098,45.43738,0.00000,1.63238,1
0.12699,0.00000,46.55057,0.00000,1.66098,1
0.07320,0.00000,44.19401,0.00000,1.69210,1
0.13453,0.00000,46.16302,0.00000,1.64222,1
0.07840,0.00000,44.70041,0.00000,1.66878,1
0.10259,0.00000,43.68672,0.00000,1.66039,1
0.01489,0.00000,45.57293,0.00000,1.67477,1
0.08608,0.00000,45.15835,0.00000,1.66512,1
0.01368,0.00000,44.22464,0.00000,1.65437,1
0.02638,0.00000,45.00868,0.00000,1.66214,1
0.13347,0.00098,44.52313,0.00000,1.65984,1
0.11180,0.00000,45.28159,0.00000,1.65816,1
0.04819,0.00196,44.82873,0.00000,1.65825,1
0.13557,0.00590,44.84110,0.00000,1.65146,1
0.07516,0.00000,46.18582,0.00000,1.66159,1
0.03534,0.00000,43.31514,0.00000,1.66298,1
0.04390,0.00000,45.87706,0.00000,1.63018,1
0.05368,0.00098,45.10032,0.00000,1.63520,1
0.12954,0.00000,45.64911,0.00000,1.68277,1
0.09162,0.00000,44.58339,0.00000,1.63411,1
0.07250,0.00098,44.42014,0.00000,1.64767,1
0.07166,0.00000,45.55535,0.00000,1.63216,1
0.09355,0.00000,44.32642,0.00000,1.67824,1
0.03547,0.00000,45.46721,0.00000,1.66113,1
0.02397,0.00000,45.46211,0.00000,1.68368,1
0.01862,0.00196,45.60544,0.00000,1.67906,1
0.03409,0.00098,45.15893,0.00000,1.68397,1
0.02980,0.00000,44.71885,0.00000,1.66713,1
0.09505,0.00000,44.85647,0.00000,1.66117,1
0.08444,0.00000,45.29807,0.00000,1.64830,1
0.12148,0.00000,44.81771,0.00000,1.63603,1
0.11635,0.00000,45.91069,0.00000,1.67189,1
0.01197,0.00888,46.33730,0.00000,1.64347,1
0.07144,0.00000,44.42290,0.00000,1.60891,1
0.03700,0.00000,44.85817,0.00000,1.63185,1
0.13319,0.00000,45.06017,0.00000,1.65692,1
0.09179,0.00000,46.16257,0.00000,1.67942,1
0.06040,0.00000,45.46515,0.00000,1.64369,1
0.03764,0.00000,45.54035,0.00000,1.64944,1
0.01930,0.00098,45.81729,0.00000,1.65818,1
0.08642,0.00000,46.55749,0.00000,1.63278,1
0.01817,0.00098,44.62279,0.00000,1.65454,1
0.05461,0.00000,46.13210,0.00000,1.63671,1
0.09635,0.00000,45.09578,0.00000,1.65497,1
0.13607,0.00000,45.77854,0.00000,1.65164,1
0.11198,0.00000,45.67988,0.00000,1.65916,1
0.13257,0.00000,44.57541,0.00000,1.63110,1
0.10732,0.00000,45.14599,0.00000,1.65818,1
0.12190,0.00000,44.10643,0.00000,1.65951,1
0.09019,0.00000,46.08874,0.00000,1.66591,1
0.07375,0.00098,44.86330,0.00000,1.65668,1
0.01193,0.00098,45.69098,0.00000,1.64202,1
0.11467,0.00098,45.70750,0.00000,1.65766,1
0.03510,0.00000,45.12918,0.00000,1.65674,1
0.09160,0.00000,44.71859,0.00000,1.64596,1
0.10719,0.00098,44.76218,0.00000,1.64035,1
0.07013,0.00000,46.05896,0.00000,1.66844,1
0.08591,0.00000,44.11842,0.00000,1.65953,1
0.02991,0.00000,45.59100,0.00000,1.60761,1
0.06088,0.00000,45.29863,0.00000,1.65028,1
0.06964,0.00000,45.83266,0.00000,1.62757,1
0.08727,0.00000,45.60628,0.00000,1.66381,1
0.08880,0.00098,45.81131,0.00000,1.63915,1
0.13453,0.00000,45.83290,0.00000,1.63366,1
0.02741,0.00000,44.23903,0.00000,1.64491,1
0.01425,0.00196,45.71029,0.00000,1.67202,1
0.06090,0.00098,44.86060,0.00000,1.63549,1
0.02371,0.00000,44.96084,0.00000,1.63299,1
0.09160,0.00098,45.33454,0.00000,1.66336,1
0.09133,0.00000,44.96910,0.00000,1.64657,1
0.09733,0.00000,44.92638,0.00000,1.62036,1
0.03961,0.00000,44.91189,0.00000,1.62034,1
0.12989,0.00000,45.98816,0.00000,1.64063,1
0.12367,0.00000,45.45442,0.00000,1.64951,1
0.02994,0.00000,44.40208,0.00000,1.67157,1
0.13641,0.00098,44.85028,0.00000,1.65189,1
0.12382,0.00000,45.60545,0.00000,1.66767,1
0.12844,0.00000,45.15222,0.00000,1.64371,1
0.04334,0.00000,46.98621,0.00000,1.65582,1
0.02211,0.01388,46.60856,0.00000,1.64246,1
0.03276,0.00000,46.80026,0.00000,1.66559,1
0.03936,0.00000,45.06140,0.00000,1.69029,1
0.13598,0.00000,44.52741,0.00000,1.65085,1
0.09382,0.00098,45.72958,0.00000,1.65715,1
0.07658,0.00098,45.54769,0.00000,1.65472,1
0.08817,0.00000,45.61293,0.00000,1.65243,1
0.12911,0.00000,44.86001,0.00000,1.67481,1
0.12940,0.00098,45.55625,0.00000,1.67276,1
0.01752,0.00098,45.63353,0.00000,1.66036,1
0.02430,0.00000,45.11744,0.00000,1.67790,1
0.10834,0.00000,44.88945,0.00000,1.64861,1
0.12303,0.00000,45.70750,0.00000,1.66652,1
0.03170,0.00098,46.25797,0.00000,1.65370,1
0.11787,0.00000,45.65604,0.00000,1.66221,1
0.02104,0.00196,46.76041,0.00000,1.65122,1
0.06269,0.00000,44.72973,0.00000,1.64809,1
0.06443,0.00098,46.39828,0.00000,1.63191,1
0.12974,0.00000,44.54671,0.00000,1.62552,1
0.13249,0.00000,45.30824,0.00000,1.65761,1
0.09804,0.00000,45.37249,0.00000,1.66910,1
0.06654,0.00000,45.67274,0.00000,1.65820,1
0.09032,0.00000,45.08772,0.00000,1.66284,1
0.12579,0.00000,45.08312,0.00000,1.66506,1
0.11903,0.00000,44.37966,0.00000,1.64295,1
0.09422,0.00000,45.96071,0.00000,1.63895,1
0.06504,0.00000,42.81697,0.00000,1.63544,1
0.05762,0.00000,43.94033,0.00000,1.67203,1
0.01725,0.00000,43.94182,0.00000,1.64202,1
0.12935,0.00000,45.44980,0.00000,1.62368,1
0.13332,0.00098,45.49573,0.00000,1.66891,1
0.05764,0.00000,46.69295,0.00000,1.65969,1
0.04527,0.00098,45.83301,0.00000,1.67052,1
0.01522,0.00000,44.04972,0.00000,1.65695,1
0.06855,0.00000,44.58642,0.00000,1.63728,1
0.09187,0.00000,45.00045,0.00000,1.66283,1
0.09002,0.00098,44.71615,0.00000,1.62447,1
0.09811,0.00000,46.01799,0.00000,1.60545,1
0.12148,0.00000,45.68885,0.00000,1.66551,1
0.09131,0.00000,44.96698,0.00000,1.66350,1
0.05657,0.00000,45.54185,0.00000,1.66130,1
0.01536,0.00000,45.75611,0.00000,1.65466,1
0.04533,0.00000,45.08025,0.00000,1.66840,1
0.10671,0.00000,45.16044,0.00000,1.64348,1
0.02829,0.00196,45.12592,0.00000,1.65079,1
0.08535,0.00000,44.27297,0.00000,1.66207,1
0.05468,0.00000,46.04247,0.00000,1.63153,1
0.04809,0.00000,44.73951,0.00000,1.63515,1
0.10475,0.00098,46.22646,0.00000,1.65896,1
0.07072,0.00000,44.55537,0.00000,1.66775,1
0.05650,0.00000,45.67887,0.00000,1.66258,1
0.01485,0.00098,45.58495,0.00000,1.64077,1
0.14003,0.00098,45.35306,0.00000,1.65918,1
0.13643,0.00000,45.07673,0.00000,1.63175,1
0.09845,0.00098,45.48671,0.00000,1.64173,1
0.03773,0.00000,46.87521,0.00000,1.65794,1
0.10838,0.00000,44.29000,0.00000,1.64789,1
0.05394,0.00000,44.56700,0.00000,1.64672,1
0.08625,0.00000,46.13628,0.00000,1.66569,1
0.12522,0.00000,45.10597,0.00000,1.63618,1
0.08094,0.00000,44.34668,0.00000,1.63757,1
0.12412,0.00000,43.92312,0.00000,1.66587,1
0.04310,0.00098,44.92266,0.00000,1.64874,1
0.08742,0.00788,44.79772,0.00000,1.62634,1
0.03231,0.00196,43.99753,0.00000,1.63236,1
0.13915,0.00000,44.90369,0.00000,1.64871,1
0.12150,0.00000,45.23182,0.00000,1.65244,1
0.10091,0.00000,45.91216,0.00000,1.64973,1
0.13750,0.00294,44.50689,0.00000,1.62549,1
0.09413,0.00000,45.80155,0.00000,1.65403,1
0.02538,0.00098,45.31423,0.00000,1.65269,1
0.10603,0.00000,45.10725,0.00000,1.64459,1
0.03746,0.00098,45.90230,0.00000,1.64228,1
0.12960,0.00000,44.95054,0.00000,1.64631,1
0.13059,0.00789,45.25397,0.00000,1.61903,1
0.05418,0.00098,44.94833,0.00000,1.64908,1
0.07661,0.00000,45.20295,0.00000,1.64024,1
0.01073,0.00000,45.63631,0.00000,1.64557,1
0.12319,0.00000,45.75440,0.00000,1.64699,1
0.13383,0.00000,44.22539,0.00000,1.66115,1
0.07967,0.00000,45.41625,0.00000,1.64821,1
0.06670,0.00000,45.86838,0.00000,1.62972,1
0.10440,0.00000,44.99515,0.00000,1.66810,1
0.05391,0.00000,44.70007,0.00000,1.66460,1
0.13372,0.00000,46.90723,0.00000,1.67630,1
0.03275,0.00098,44.29752,0.00000,1.66555,1
0.01978,0.00000,45.01867,0.00000,1.63768,1
0.10212,0.00000,45.80315,0.00000,1.64121,1
0.02603,0.00000,44.97151,0.00000,1.68522,1
0.05033,0.00098,45.96578,0.00000,1.65496,1
0.04087,0.00000,45.08936,0.00000,1.65048,1
0.13109,0.00000,45.80535,0.00000,1.64417,1
0.07836,0.00098,46.01398,0.00000,1.65651,1
0.05068,0.00000,45.70208,0.00000,1.63721,1
0.07877,0.00000,45.12491,0.00000,1.65579,1
0.07646,0.00098,44.68709,0.00000,1.66493,1
0.07267,0.00000,44.55093,0.00000,1.67056,1
0.08738,0.00000,45.56130,0.00000,1.66618,1
0.08210,0.00000,44.51911,0.00000,1.65206,1
0.04847,0.00098,45.60870,0.00000,1.65891,1
0.04821,0.00000,45.00993,0.00000,1.61871,1
0.05282,0.00393,44.38280,0.00000,1.67459,1
0.11557,0.00000,43.60510,0.00000,1.63896,1
0.07852,0.00000,46.42344,0.00000,1.66936,1
0.10785,0.00098,45.74324,0.00000,1.61963,1
0.02936,0.00000,45.27693,0.00000,1.65441,1
0.10614,0.00000,45.79960,0.00000,1.66130,1
0.05981,0.00000,45.15497,0.00000,1.67532,1
0.13594,0.00000,46.32318,0.00000,1.64440,1
0.08291,0.00000,46.64978,0.00000,1.64355,1
0.01208,0.00000,44.86299,0.00000,1.63606,1
0.13077,0.00000,45.61404,0.00000,1.67938,1
0.04252,0.00000,45.60623,0.00000,1.66052,1
0.13077,0.00000,45.52580,0.00000,1.65851,1
0.07754,0.00098,45.11854,0.00000,1.68223,1
0.06259,0.00000,45.57996,0.00000,1.63689,1
0.05313,0.00000,44.73682,0.00000,1.68614,1
0.11358,0.00098,44.48178,0.00000,1.68381,1
0.13532,0.00000,45.35830,0.00000,1.68959,1
0.08628,0.00000,45.88068,0.00000,1.63473,1
0.08445,0.00000,44.15434,0.00000,1.63220,1
0.10764,0.00000,44.47378,0.00000,1.65896,1
0.11654,0.00000,45.41998,0.00000,1.68052,1
0.13580,0.00000,45.29904,0.00000,1.64579,1
0.07792,0.00000,45.39587,0.00000,1.62084,1
0.10484,0.00000,45.13339,0.00000,1.61318,1
0.06290,0.00000,45.31297,0.00000,1.63931,1
0.12684,0.00000,44.46703,0.00000,1.68663,1
0.09766,0.00000,44.35008,0.00000,1.63044,1
0.09576,0.00000,44.96043,0.00000,1.65974,1
0.02275,0.00098,45.85755,0.00000,1.65122,1
0.05352,0.00000,44.70862,0.00000,1.65605,1
0.08026,0.00000,45.54883,0.00000,1.64679,1
0.09462,0.00000,45.20964,0.00000,1.65574,1
0.10650,0.00098,45.98111,0.00000,1.64172,1
0.13046,0.00000,46.87071,0.00000,1.68038,1
0.07514,0.00098,45.02167,0.00000,1.64653,1
0.10373,0.00000,45.67728,0.00000,1.65293,1
0.09948,0.00000,44.33008,0.00000,1.63070,1
0.07649,0.00196,45.91185,0.00000,1.66651,1
0.07034,0.00098,45.45221,0.00000,1.67193,1
0.01282,0.00393,45.39040,0.00000,1.69217,1
0.13770,0.00000,44.49709,0.00000,1.64953,1
0.02527,0.00000,45.93063,0.00000,1.66699,1
0.12074,0.00000,43.89056,0.00000,1.68046,1
0.06391,0.00000,44.46017,0.00000,1.67267,1
0.12117,0.00000,44.52574,0.00000,1.62650,1
0.10799,0.00000,45.88988,0.00000,1.65364,1
0.07696,0.00000,45.17873,0.00000,1.65125,1
0.10894,0.00098,43.96011,0.00000,1.65566,1
0.01529,0.00000,45.02987,0.00000,1.68463,1
0.01654,0.00098,44.32320,0.00000,1.64999,1
0.09812,0.00000,44.04276,0.00000,1.67695,1
0.03280,0.00000,44.34733,0.00000,1.64314,1
0.07328,0.00000,44.67155,0.00000,1.62303,1
0.07587,0.00000,44.61517,0.00000,1.65150,1
0.10390,0.00393,45.03922,0.00000,1.67020,1
0.05954,0.00000,45.68872,0.00000,1.65117,1
0.03825,0.00294,45.42672,0.00000,1.65140,1
0.12197,0.00000,44.70057,0.00000,1.63603,1
0.05238,0.00000,45.57742,0.00000,1.64322,1
0.09369,0.00000,45.47754,0.00000,1.65205,1
0.03035,0.00000,44.53928,0.00000,1.65789,1
0.08296,0.00000,44.55315,0.00000,1.64053,1
0.03321,0.00000,45.14613,0.00000,1.62480,1
0.01328,0.00000,43.87965,0.00000,1.65995,1
0.10457,0.00000,43.32521,0.00000,1.67589,1
0.03830,0.00000,45.31231,0.00000,1.64382,1
0.07645,0.00000,46.18567,0.00000,1.65514,1
0.02187,0.00000,45.06641,0.00000,1.67805,1
0.13110,0.00098,46.12631,0.00000,1.66828,1
0.04757,0.00000,45.45432,0.00000,1.68049,1
0.13790,0.00000,43.54633,0.00000,1.66221,1
0.09555,0.00000,43.60667,0.00000,1.65356,1
0.06752,0.00000,46.79572,0.00000,1.64273,1
0.04064,0.00000,45.14743,0.00000,1.65439,1
0.07504,0.00196,45.49036,0.00000,1.63474,1
0.07040,0.00000,45.01771,0.00000,1.65462,1
0.01772,0.00591,44.21371,0.00000,1.65982,1
0.06831,0.00196,45.45860,0.00000,1.66242,1
0.06771,0.00098,44.99045,0.00000,1.67497,1
0.01001,0.00000,45.83970,0.00000,1.64897,1
0.03202,0.00000,45.61592,0.00000,1.67259,1
0.06356,0.00000,45.97179,0.00000,1.66499,1
0.04669,0.00000,45.25870,0.00000,1.63433,1
0.13837,0.00000,45.29407,0.00000,1.63493,1
0.13400,0.00000,44.34204,0.00000,1.68966,1
0.10054,0.00000,45.55364,0.00000,1.66177,1
0.01387,0.00196,45.69232,0.00000,1.64767,1
0.03333,0.00196,44.39972,0.00000,1.68078,1
0.02039,0.00000,45.36041,0.00000,1.65610,1
0.04477,0.00098,45.26458,0.00000,1.66888,1
0.09821,0.00000,46.00582,0.00000,1.66739,1
0.03176,0.00098,45.09078,0.00000,1.67519,1
0.12517,0.00000,45.45416,0.00000,1.63117,1
0.12940,0.00000,46.12284,0.00000,1.65801,1
0.01975,0.00000,45.01308,0.00000,1.64690,1
0.09018,0.00000,45.01175,0.00000,1.65853,1
0.11670,0.00000,44.58045,0.00000,1.64641,1
0.08424,0.00000,45.14744,0.00000,1.65174,1
0.10672,0.00000,45.27367,0.00000,1.61965,1
0.06457,0.00000,45.28194,0.00000,1.66224,1
0.04420,0.00000,43.64357,0.00000,1.66067,1
0.09889,0.00000,45.52208,0.00000,1.66483,1
0.05993,0.00000,45.09983,0.00000,1.68005,1
0.09796,0.00000,45.99089,0.00000,1.60752,1
0.11460,0.00098,46.32342,0.00000,1.67506,1
0.10185,0.00000,44.62027,0.00000,1.63522,1
0.11269,0.00000,45.27868,0.00000,1.64312,1
0.04102,0.01287,45.19458,0.00000,1.65604,1
0.11076,0.00000,44.49691,0.00000,1.64111,1
0.10114,0.00000,45.02482,0.00000,1.63036,1
0.11334,0.00000,44.64757,0.00000,1.66531,1
0.10681,0.00000,44.68156,0.00000,1.65213,1
0.11604,0.00000,44.87310,0.00000,1.66418,1
0.06402,0.00000,44.62344,0.00000,1.64473,1
0.09310,0.00000,45.06998,0.00000,1.67408,1
0.04164,0.00000,44.24509,0.00000,1.62708,1
0.10698,0.00000,44.94617,0.00000,1.67046,1
0.09333,0.00987,45.66965,0.00000,1.65296,1
0.05522,0.00000,44.20695,0.00000,1.68960,1
0.13404,0.00098,44.64999,0.00000,1.65940,1
0.04479,0.00000,44.50514,0.00000,1.63136,1
0.03595,0.00098,45.73087,0.00000,1.64554,1
0.06323,0.00000,44.62901,0.00000,1.67034,1
0.13832,0.00000,45.46847,0.00000,1.65515,1
0.02908,0.00196,45.77617,0.00000,1.65889,1
0.07644,0.00098,45.61834,0.00000,1.67175,1
0.07310,0.00000,45.35638,0.00000,1.65319,1
0.06810,0.00294,44.82591,0.00000,1.64695,1
0.13959,0.00000,45.94059,0.00000,1.65225,1
0.11865,0.00000,44.84978,0.00000,1.66458,1
0.06958,0.00000,46.02138,0.00000,1.66252,1
0.02593,0.00098,44.43362,0.00000,1.64128,1
0.12875,0.00098,45.37038,0.00000,1.66467,1
0.10467,0.00000,43.87986,0.00000,1.64985,1
0.04548,0.00000,45.46314,0.00000,1.65450,1
0.04446,0.00000,45.66089,0.00000,1.61853,1
0.02061,0.00000,44.67824,0.00000,1.62443,1
0.01556,0.00000,45.23404,0.00000,1.67168,1
0.05967,0.00000,45.35009,0.00000,1.65316,1
0.08657,0.00000,44.64448,0.00000,1.69136,1
0.05308,0.00000,44.13372,0.00000,1.64904,1
0.10093,0.00000,44.11390,0.00000,1.63507,1
0.01310,0.00098,44.83814,0.00000,1.65307,1
0.13398,0.00000,45.84060,0.00000,1.64338,1
0.11922,0.00000,44.30037,0.00000,1.65645,1
0.08494,0.00000,46.19772,0.00000,1.62653,1
0.04431,0.00000,47.05721,0.00000,1.63829,1
0.01188,0.00000,46.23293,0.00000,1.64676,1
0.13818,0.00000,45.79431,0.00000,1.64411,1
0.10365,0.00000,45.16950,0.00000,1.63244,1
0.00414,0.00294,45.13285,1.00000,1.69646,1
0.00912,0.00294,45.74111,1.00000,1.69057,1
0.04393,0.00000,45.39501,1.00000,1.67965,1
0.03768,0.00196,44.11075,1.00000,1.71600,1
0.02319,0.00000,45.45918,1.00000,1.70985,1
0.00940,0.00098,46.24618,1.00000,1.72732,1
0.04634,0.00098,45.16210,1.00000,1.70001,1
0.00614,0.00098,45.65041,1.00000,1.72325,1
0.03230,0.00000,44.71878,1.00000,1.68601,1
0.02496,0.00098,45.02697,1.00000,1.70189,1
0.04078,0.00000,45.84114,1.00000,1.70475,1
0.01820,0.00000,45.37768,1.00000,1.70947,1
0.03418,0.00196,45.95829,1.00000,1.70375,1
0.02869,0.00196,44.60908,1.00000,1.68404,1
0.00544,0.00196,45.12158,1.00000,1.69279,1
0.02862,0.00000,46.33967,1.00000,1.70220,1
0.01251,0.00000,45.12034,1.00000,1.68754,1
0.01624,0.00689,45.42631,1.00000,1.70680,1
0.03207,0.00098,44.18205,1.00000,1.71076,1
0.00923,0.00098,44.32291,1.00000,1.68511,1
0.01504,0.00000,44.35701,1.00000,1.70580,1
0.00599,0.00098,45.56737,1.00000,1.71565,1
0.04477,0.00098,45.45269,1.00000,1.72381,1
0.00968,0.00000,46.08992,1.00000,1.71944,1
0.02647,0.00689,44.49180,1.00000,1.71530,1
0.02147,0.00000,45.12354,1.00000,1.69599,1
0.04407,0.00000,44.55407,1.00000,1.70438,1
0.01343,0.00098,44.25845,1.00000,1.68802,1
0.03468,0.00000,45.18763,1.00000,1.71632,1
0.02931,0.00098,45.40107,1.00000,1.71316,1
0.02766,0.00000,45.55897,1.00000,1.70264,1
0.02604,0.00098,45.66921,1.00000,1.70484,1
0.04452,0.00000,45.24038,1.00000,1.67961,1
0.02142,0.00000,45.32690,1.00000,1.68276,1
0.03782,0.00000,44.34542,1.00000,1.72064,1
0.03616,0.00000,44.29985,1.00000,1.69853,1
0.00734,0.00098,45.75548,1.00000,1.68120,1
0.04509,0.00196,45.74022,1.00000,1.69417,1
0.02478,0.00098,44.21688,1.00000,1.69674,1
0.04270,0.00196,45.21010,1.00000,1.71400,1
0.03232,0.00196,45.19026,1.00000,1.71350,1
0.03504,0.00000,45.08214,1.00000,1.70954,1
0.01393,0.00000,45.80588,1.00000,1.70558,1
0.01547,0.00000,44.49718,1.00000,1.71053,1
0.04222,0.00000,44.35665,1.00000,1.69999,1
0.02166,0.00000,46.11178,1.00000,1.68789,1
0.03191,0.00000,46.76365,1.00000,1.69378,1
0.01114,0.00000,46.63732,1.00000,1.68688,1
0.00984,0.00000,45.46631,1.00000,1.66255,1
0.00973,0.00000,44.63679,1.00000,1.72460,1
0.02142,0.00000,45.79494,1.00000,1.70449,1
0.01955,0.00196,45.39747,1.00000,1.68039,1
0.01890,0.00098,45.73992,1.00000,1.71054,1
0.01529,0.00098,44.30181,1.00000,1.70820,1
0.04362,0.00196,45.08810,1.00000,1.69353,1
0.04077,0.00000,44.83586,1.00000,1.70869,1
0.01704,0.01791,43.54514,1.00000,1.67830,1
0.04397,0.00098,44.69375,1.00000,1.69941,1
0.00818,0.00098,45.33072,1.00000,1.70344,1
0.00610,0.00294,44.83664,1.00000,1.65874,1
0.04688,0.00000,45.83483,1.00000,1.67052,1
0.04279,0.00000,45.00807,1.00000,1.71327,1
0.00850,0.02096,44.83994,1.00000,1.71236,1
0.01118,0.00098,44.91316,1.00000,1.69532,1
0.00864,0.02505,44.59578,1.00000,1.70536,1
0.04649,0.00000,45.56619,1.00000,1.73246,1
0.03705,0.00098,45.95673,1.00000,1.68839,1
0.00713,0.00098,45.70901,1.00000,1.68897,1
0.04120,0.00098,46.37665,1.00000,1.70449,1
0.03829,0.00000,45.94573,1.00000,1.69333,1
0.01209,0.01087,45.50680,1.00000,1.67858,1
0.01457,0.00000,45.87690,1.00000,1.70806,1
0.00412,0.00196,44.22938,1.00000,1.67756,1
0.03264,0.00098,46.56316,1.00000,1.68747,1
0.02005,0.00098,44.99051,1.00000,1.71320,1
0.02601,0.00590,46.07301,1.00000,1.68602,1
0.03318,0.00000,45.68030,1.00000,1.69807,1
0.00776,0.00098,45.16912,1.00000,1.70173,1
0.03765,0.00196,44.99076,1.00000,1.70820,1
0.01455,0.00000,45.62334,1.00000,1.72938,1
0.01186,0.00098,45.41023,1.00000,1.74514,1
0.02600,0.00098,44.23424,1.00000,1.70699,1
0.02434,0.00000,44.96032,1.00000,1.71011,1
0.04341,0.00000,44.38192,1.00000,1.68489,1
0.03517,0.00294,46.53563,1.00000,1.69048,1
0.04163,0.00000,45.35108,1.00000,1.73559,1
0.02048,0.00196,44.29626,1.00000,1.70593,1
0.03032,0.00098,44.55270,1.00000,1.71999,1
0.04617,0.00098,44.45018,1.00000,1.69403,1
0.03537,0.00000,44.31827,1.00000,1.70397,1
0.00799,0.00000,43.56607,1.00000,1.70968,1
0.04232,0.00000,45.75143,1.00000,1.72064,1
0.00465,0.01490,47.36337,1.00000,1.68468,1
0.04601,0.00000,45.13370,1.00000,1.73416,1
0.02151,0.00000,45.74372,1.00000,1.70570,1
0.04292,0.00000,45.28500,1.00000,1.70502,1
0.04240,0.00000,44.99933,1.00000,1.71326,1
0.04070,0.00000,45.33829,1.00000,1.69489,1
0.04507,0.00098,46.48461,1.00000,1.69309,1
0.04348,0.00000,43.65930,1.00000,1.72117,1
0.02291,0.00000,45.79433,1.00000,1.70009,1
0.04382,0.00196,45.80287,1.00000,1.72028,1
0.04224,0.00196,45.01202,1.00000,1.69332,1
0.01831,0.00000,45.46217,1.00000,1.69144,1
0.03263,0.00000,46.47514,1.00000,1.70740,1
0.03642,0.00000,44.25661,1.00000,1.67836,1
0.02928,0.00000,45.67740,1.00000,1.69664,1
0.03253,0.00590,45.01239,1.00000,1.71778,1
0.00417,0.00393,44.52316,1.00000,1.73905,1
0.01739,0.00000,44.20456,1.00000,1.72234,1
0.01630,0.00000,43.94866,1.00000,1.70798,1
0.01316,0.00098,45.25000,1.00000,1.73279,1
0.02324,0.00098,44.05912,1.00000,1.72703,1
0.00642,0.00196,45.03525,1.00000,1.71313,1
0.01935,0.00098,46.66142,1.00000,1.70375,1
0.02050,0.00196,45.74282,1.00000,1.70483,1
0.01006,0.00000,45.38537,1.00000,1.72429,1
0.04511,0.00000,44.58565,1.00000,1.72238,1
0.03516,0.00000,45.27620,1.00000,1.70569,1
0.01916,0.00098,45.91676,1.00000,1.70623,1
0.01540,0.00196,45.44495,1.00000,1.72733,1
0.01912,0.00098,45.60183,1.00000,1.69624,1
0.04408,0.00098,44.71333,1.00000,1.71048,1
0.02750,0.00000,45.51389,1.00000,1.69458,1
0.03153,0.00098,45.21449,1.00000,1.71121,1
0.01966,0.00000,44.92741,1.00000,1.71800,1
0.02155,0.00196,45.52233,1.00000,1.70576,1
0.03648,0.00000,45.03776,1.00000,1.70057,1
0.01442,0.00000,44.68362,1.00000,1.69423,1
0.03623,0.00590,45.25443,1.00000,1.70898,1
0.01942,0.00098,46.14415,1.00000,1.72099,1
0.04127,0.00000,45.65634,1.00000,1.67549,1
0.01159,0.00196,45.89201,1.00000,1.69026,1
0.04352,0.00000,46.01128,1.00000,1.73055,1
0.00938,0.00294,45.70145,1.00000,1.70220,1
0.03260,0.00393,45.33607,1.00000,1.71136,1
0.00431,0.00196,45.20046,1.00000,1.70023,1
0.03793,0.00000,45.41699,1.00000,1.73464,1
0.04710,0.00294,44.81188,1.00000,1.71600,1
0.02857,0.00000,45.49667,1.00000,1.66712,1
0.04220,0.00000,45.00488,1.00000,1.72254,1
0.03416,0.00000,45.75402,1.00000,1.72175,1
0.01286,0.00098,45.22813,1.00000,1.70169,1
0.01292,0.00098,45.32998,1.00000,1.72968,1
0.02346,0.00098,44.19987,1.00000,1.69531,1
0.03743,0.00098,45.43578,1.00000,1.69034,1
0.00768,0.00098,44.99341,1.00000,1.69753,1
0.00927,0.00294,44.34576,1.00000,1.70327,1
0.03127,0.00098,43.91594,1.00000,1.71807,1
0.03443,0.00000,45.71116,1.00000,1.70238,1
0.03474,0.00000,44.80624,1.00000,1.71858,1
0.02309,0.00000,45.90046,1.00000,1.71065,1
0.03393,0.00000,44.73223,1.00000,1.69700,1
0.00810,0.00196,45.20574,1.00000,1.69955,1
0.01778,0.00000,44.89342,1.00000,1.70864,1
0.01652,0.00098,45.48374,1.00000,1.73183,1
0.00466,0.00098,45.04799,1.00000,1.69160,1
0.00962,0.00098,46.19277,1.00000,1.68364,1
0.02081,0.00393,45.09685,1.00000,1.69821,1
0.00833,0.00000,45.72541,1.00000,1.69951,1
0.03722,0.00294,43.96583,1.00000,1.69083,1
0.04187,0.00000,45.03830,1.00000,1.70798,1
0.00637,0.00098,45.85288,1.00000,1.69077,1
0.03281,0.00098,45.76867,1.00000,1.70317,1
0.03515,0.00000,45.41794,1.00000,1.69465,1
0.01989,0.00000,45.14648,1.00000,1.70165,1
0.01035,0.00000,46.40413,1.00000,1.70690,1
0.01163,0.00196,44.96324,1.00000,1.68387,1
0.03934,0.00000,45.45125,1.00000,1.71709,1
0.02370,0.00098,44.43887,1.00000,1.71449,1
0.04057,0.00000,45.23942,1.00000,1.70001,1
0.00685,0.00393,44.32066,1.00000,1.71558,1
0.03886,0.00000,46.16467,1.00000,1.72469,1
0.04426,0.00000,46.10014,1.00000,1.70493,1
0.00962,0.00590,45.41129,1.00000,1.68074,1
0.01575,0.00098,45.34514,1.00000,1.71631,1
0.03197,0.00000,45.01944,1.00000,1.71092,1
0.01589,0.00000,45.07296,1.00000,1.73185,1
0.00371,0.00393,44.04464,1.00000,1.70021,1
0.02186,0.00098,45.66473,1.00000,1.73018,1
0.04439,0.00000,45.02062,1.00000,1.67643,1
0.01799,0.00098,47.31204,1.00000,1.70188,1
0.01581,0.00393,45.17557,1.00000,1.71473,1
0.03119,0.00000,45.05700,1.00000,1.71017,1
0.02900,0.00098,44.73271,1.00000,1.70678,1
0.04632,0.00098,45.16877,1.00000,1.71338,1
0.01975,0.00000,45.12672,1.00000,1.69287,1
0.03260,0.00000,45.14699,1.00000,1.71243,1
0.01113,0.00098,45.35213,1.00000,1.72308,1
0.03798,0.00294,44.70684,1.00000,1.71874,1
0.00508,0.00196,45.38613,1.00000,1.74971,1
0.03853,0.00000,44.74957,1.00000,1.68658,1
0.03253,0.00294,44.15277,1.00000,1.71527,1
0.03990,0.00000,44.55026,1.00000,1.70066,1
0.02639,0.00098,44.32521,1.00000,1.69008,1
0.02458,0.00098,44.61623,1.00000,1.69400,1
0.00601,0.00098,46.21436,1.00000,1.71175,1
0.04557,0.00098,45.22376,1.00000,1.65835,1
0.02162,0.00098,44.57795,1.00000,1.73440,1
0.00477,0.00689,46.68432,1.00000,1.70829,1
0.02915,0.00098,45.91038,1.00000,1.69731,1
0.01770,0.00196,45.07936,1.00000,1.70510,1
0.01038,0.00098,45.20771,1.00000,1.67330,1
0.02935,0.00000,44.64880,1.00000,1.70257,1
0.00542,0.00196,45.69491,1.00000,1.69896,1
0.04052,0.00000,44.71701,1.00000,1.71348,1
0.00381,0.00098,44.31236,1.00000,1.68831,1
0.01800,0.00098,45.56281,1.00000,1.68033,1
0.02424,0.00098,45.85158,1.00000,1.69013,1
0.01715,0.00196,45.79085,1.00000,1.72088,1
0.02989,0.00098,46.02980,1.00000,1.68696,1
0.01923,0.00196,45.54230,1.00000,1.66077,1
0.00443,0.05377,44.99748,1.00000,1.71450,1
0.01250,0.00393,44.72363,1.00000,1.69730,1
0.04161,0.00000,44.70447,1.00000,1.69211,1
0.02259,0.00491,45.46419,1.00000,1.69046,1
0.04367,0.00000,46.77288,1.00000,1.70381,1
0.02253,0.00000,45.71349,1.00000,1.69628,1
0.02652,0.00000,45.53149,1.00000,1.70001,1
0.00716,0.00000,46.03543,1.00000,1.70414,1
0.03638,0.00000,45.04378,1.00000,1.69581,1
0.00397,0.00294,43.19740,1.00000,1.70036,1
0.04210,0.00098,45.90869,1.00000,1.68578,1
0.01646,0.00000,46.03398,1.00000,1.68299,1
0.00724,0.01892,45.57274,1.00000,1.72643,1
0.03699,0.00000,45.32086,1.00000,1.70319,1
0.02384,0.00000,45.42670,1.00000,1.70315,1
0.01984,0.00000,45.80769,1.00000,1.70549,1
0.04088,0.00000,46.73103,1.00000,1.72000,1
0.02444,0.00988,44.49602,1.00000,1.68097,1
0.02862,0.00000,45.53078,1.00000,1.68986,1
0.02567,0.00098,44.12812,1.00000,1.69245,1
0.03004,0.00098,43.97013,1.00000,1.71581,1
0.02846,0.00000,45.73944,1.00000,1.69772,1
0.00972,0.00000,45.53998,1.00000,1.70769,1
0.01374,0.00000,45.20290,1.00000,1.69251,1
0.03905,0.00000,46.36184,1.00000,1.70010,1
0.04209,0.00491,44.90534,1.00000,1.71879,1
0.00401,0.00196,46.64126,1.00000,1.68758,1
0.04492,0.00196,45.75263,1.00000,1.71514,1
0.02126,0.00196,44.45529,1.00000,1.70414,1
0.00633,0.00491,45.14087,1.00000,1.71212,1
0.01862,0.00294,45.16202,1.00000,1.70295,1
0.03597,0.00000,44.86230,1.00000,1.71989,1
0.03348,0.00000,44.54796,1.00000,1.71227,1
0.02766,0.00000,45.30037,1.00000,1.71103,1
0.02356,0.00000,45.68283,1.00000,1.72034,1
0.01543,0.00196,44.42937,1.00000,1.71002,1
0.01776,0.00000,46.26831,1.00000,1.70873,1
0.00499,0.00098,45.41215,1.00000,1.74018,1
0.00712,0.00294,46.63703,1.00000,1.70162,1
0.03222,0.00000,45.63994,1.00000,1.70293,1
0.03224,0.00098,45.34766,1.00000,1.73811,1
0.03830,0.00098,44.72059,1.00000,1.68706,1
0.04122,0.00000,45.47308,1.00000,1.70124,1
0.02450,0.00000,45.20603,1.00000,1.71636,1
0.01131,0.00196,45.25006,1.00000,1.69498,1
0.04036,0.00196,45.06748,1.00000,1.69371,1
0.01790,0.00393,46.08262,1.00000,1.71207,1
0.01597,0.00000,44.16110,1.00000,1.69522,1
0.00396,0.00393,45.42400,1.00000,1.72146,1
0.03685,0.00098,44.95711,1.00000,1.69331,1
0.03415,0.00098,43.23901,1.00000,1.70217,1
0.02508,0.00098,43.38909,1.00000,1.68541,1
0.03777,0.00098,45.05944,1.00000,1.70208,1
0.03818,0.00000,45.41095,1.00000,1.70561,1
0.02647,0.00196,45.86539,1.00000,1.69934,1
0.01331,0.00098,44.44015,1.00000,1.69849,1
0.04549,0.00098,45.51966,1.00000,1.72881,1
0.04356,0.00000,46.06252,1.00000,1.72304,1
0.02858,0.00000,44.72892,1.00000,1.69610,1
0.04118,0.00098,45.21593,1.00000,1.70517,1
0.02107,0.00196,45.49924,1.00000,1.72750,1
0.01219,0.00098,45.88049,1.00000,1.70405,1
0.04514,0.00000,45.54553,1.00000,1.71358,1
0.01360,0.00196,45.69754,1.00000,1.73191,1
0.01233,0.00098,46.11478,1.00000,1.68705,1
0.00719,0.00888,44.08167,1.00000,1.72421,1
0.04215,0.00000,45.03283,1.00000,1.68700,1
0.04075,0.00098,45.04412,1.00000,1.71743,1
0.01860,0.00098,46.28799,1.00000,1.71941,1
0.02512,0.00098,46.05786,1.00000,1.70868,1
0.01536,0.00098,45.89503,1.00000,1.71230,1
0.04009,0.00000,44.96686,1.00000,1.68411,1
0.02148,0.00000,44.25885,1.00000,1.69894,1
0.02942,0.00000,45.17483,1.00000,1.72970,1
0.04513,0.00098,45.64899,1.00000,1.74661,1
0.00499,0.00491,45.25829,1.00000,1.69945,1
0.04601,0.00000,45.12905,1.00000,1.69519,1
0.04548,0.00000,45.22128,1.00000,1.71893,1
0.02599,0.00000,45.00167,1.00000,1.73890,1
0.03859,0.00000,45.31246,1.00000,1.69417,1
0.00974,0.00000,45.25352,1.00000,1.68557,1
0.04604,0.00000,44.80825,1.00000,1.71835,1
0.03400,0.00000,44.61375,1.00000,1.72703,1
0.02608,0.00196,44.75542,1.00000,1.72849,1
0.01871,0.00000,46.30669,1.00000,1.68311,1
0.02437,0.00098,45.33733,1.00000,1.69736,1
0.01671,0.00098,43.75671,1.00000,1.68934,1
0.02955,0.00000,45.59987,1.00000,1.72785,1
0.00742,0.00393,46.08237,1.00000,1.70897,1
0.02338,0.00098,44.10048,1.00000,1.70468,1
0.04016,0.00491,45.26351,1.00000,1.71638,1
0.02846,0.00000,44.65290,1.00000,1.69511,1
0.02399,0.00000,45.32058,1.00000,1.72606,1
0.04333,0.00098,44.72834,1.00000,1.72793,1
0.01947,0.00098,45.13410,1.00000,1.70551,1
0.00544,0.00196,44.76045,1.00000,1.71570,1
0.03114,0.00000,43.89699,1.00000,1.69557,1
0.00851,0.00491,45.22907,1.00000,1.68712,1
0.01705,0.00000,44.52653,1.00000,1.69266,1
0.00564,0.00987,44.98033,1.00000,1.70854,1
0.01283,0.00098,44.43220,1.00000,1.70010,1
0.01213,0.00196,44.70752,1.00000,1.69994,1
0.00429,0.02405,44.73731,1.00000,1.68420,1
0.02800,0.00000,44.00256,1.00000,1.72838,1
0.04006,0.00000,45.63537,1.00000,1.71220,1
0.00731,0.00098,45.66492,1.00000,1.69660,1
0.00555,0.00590,45.08953,1.00000,1.70117,1
0.03601,0.00000,43.74262,1.00000,1.70347,1
0.02224,0.00098,45.97882,1.00000,1.72320,1
0.03712,0.02505,45.08878,1.00000,1.72971,1
0.02889,0.00000,45.38199,1.00000,1.72186,1
0.01146,0.00098,44.71265,1.00000,1.71346,1
0.02884,0.00000,43.83810,1.00000,1.70135,1
0.03569,0.00098,45.75292,1.00000,1.69944,1
0.01759,0.00000,44.23707,1.00000,1.69613,1
0.03343,0.00000,44.81606,1.00000,1.72771,1
0.01942,0.00196,44.27023,1.00000,1.71751,1
0.02304,0.00294,44.97947,1.00000,1.68527,1
0.00444,0.00196,44.45719,1.00000,1.69457,1
0.02044,0.00098,45.96638,1.00000,1.69376,1
0.03494,0.00000,45.89142,1.00000,1.70327,1
0.02322,0.00098,44.96071,1.00000,1.70653,1
0.00614,0.00294,44.33715,1.00000,1.70919,1
0.02895,0.00000,45.97793,1.00000,1.69893,1
0.04703,0.00000,45.53482,1.00000,1.69489,1
0.01242,0.00000,46.22803,1.00000,1.70301,1
0.02404,0.00393,45.58864,1.00000,1.70585,1
0.02047,0.00294,46.37986,1.00000,1.72458,1
0.02076,0.00000,43.91360,1.00000,1.70884,1
0.02222,0.00000,46.48132,1.00000,1.71953,1
0.01850,0.00000,44.63923,1.00000,1.72558,1
0.04211,0.00000,44.79018,1.00000,1.72653,1
0.02944,0.00000,44.27076,1.00000,1.70581,1
0.02147,0.00196,45.12043,1.00000,1.69781,1
0.00503,0.00393,46.97041,1.00000,1.73120,1
0.01607,0.00000,45.75323,1.00000,1.68519,1
0.00865,0.00196,44.28958,1.00000,1.71211,1
0.00512,0.00000,44.98875,1.00000,1.72659,1
0.02324,0.00000,45.65280,1.00000,1.70779,1
0.00915,0.00000,44.41810,1.00000,1.68041,1
0.02090,0.00098,45.64189,1.00000,1.69816,1
0.03745,0.00000,45.43950,1.00000,1.70581,1
0.01683,0.00098,45.26502,1.00000,1.68693,1
0.04430,0.00000,45.65809,1.00000,1.72165,1
0.03010,0.00098,45.43362,1.00000,1.70767,1
0.03064,0.00098,44.23977,1.00000,1.72161,1
0.04449,0.00000,44.78265,1.00000,1.71438,1
0.02624,0.00098,45.37832,1.00000,1.68546,1
0.04056,0.00000,44.71516,1.00000,1.71148,1
0.01464,0.00098,45.72111,1.00000,1.71255,1
0.02480,0.00196,45.15219,1.00000,1.69234,1
0.00974,0.00000,45.72542,1.00000,1.71885,1
0.02495,0.00000,45.66553,1.00000,1.72291,1
0.00645,0.00788,44.62573,1.00000,1.70010,1
0.03681,0.00491,46.87093,1.00000,1.69850,1
0.01037,0.00196,45.65640,1.00000,1.69433,1
0.03145,0.00196,44.55075,1.00000,1.67924,1
0.02975,0.00098,45.39413,1.00000,1.69396,1
0.01688,0.00000,45.23982,1.00000,1.71144,1
0.01952,0.00000,46.04759,1.00000,1.69925,1
0.04177,0.00000,44.87282,1.00000,1.70878,1
0.02445,0.00000,46.00775,1.00000,1.66426,1
0.02471,0.00000,44.88440,1.00000,1.71670,1
0.04676,0.00098,46.27809,1.00000,1.68919,1
0.04606,0.00000,44.44319,1.00000,1.69441,1
0.01578,0.00000,45.25826,1.00000,1.67620,1
0.03036,0.00000,45.04445,1.00000,1.71233,1
0.01172,0.00000,43.75335,1.00000,1.70910,1
0.02625,0.00000,47.07858,1.00000,1.69635,1
0.03341,0.00000,44.82996,1.00000,1.69529,1
0.04324,0.00098,44.73904,1.00000,1.68677,1
0.03880,0.00000,44.68929,1.00000,1.69233,1
0.04453,0.00000,46.05960,1.00000,1.70302,1
0.03323,0.00000,44.89477,1.00000,1.72995,1
0.04496,0.00000,44.52371,1.00000,1.72093,1
0.02401,0.00000,44.22401,1.00000,1.71357,1
0.02292,0.00196,44.43782,1.00000,1.68633,1
0.02491,0.00098,45.34632,1.00000,1.68000,1
0.01649,0.00196,45.23279,1.00000,1.69111,1
0.02470,0.00098,44.95429,1.00000,1.71406,1
0.00716,0.00000,45.25996,1.00000,1.71143,1
0.00512,0.00294,45.03259,1.00000,1.69656,1
0.02860,0.00000,45.55593,1.00000,1.70634,1
0.02853,0.00098,43.86165,1.00000,1.70072,1
0.01237,0.00294,44.97683,1.00000,1.72191,1
0.04574,0.00000,43.27311,1.00000,1.69609,1
0.02095,0.00000,45.07425,1.00000,1.70922,1
0.04413,0.00098,44.95025,1.00000,1.71189,1
0.03486,0.00098,46.41260,1.00000,1.70556,1
0.02345,0.00098,44.76844,1.00000,1.71678,1
0.02026,0.00000,44.92727,1.00000,1.68932,1
0.03228,0.00000,45.66160,1.00000,1.68837,1
0.02356,0.00000,43.35108,1.00000,1.70384,1
0.02716,0.00000,45.32000,1.00000,1.70814,1
0.00434,0.00393,45.29087,1.00000,1.71183,1
0.03094,0.00000,45.24956,1.00000,1.69566,1
0.03047,0.00000,44.73285,1.00000,1.73700,1
0.00464,0.00393,44.93482,1.00000,1.70034,1
0.01290,0.00098,45.09841,1.00000,1.68713,1
0.04533,0.00000,43.58926,1.00000,1.69958,1
0.01139,0.00294,44.65339,1.00000,1.72286,1
0.03577,0.00000,45.65378,1.00000,1.67637,1
0.03809,0.00000,46.11578,1.00000,1.69916,1
0.02229,0.00196,44.24525,1.00000,1.70062,1
0.02435,0.00098,45.25790,1.00000,1.71328,1
0.03956,0.00098,45.59890,1.00000,1.69590,1
0.00549,0.00294,45.22604,1.00000,1.69609,1
0.01496,0.00098,46.80923,1.00000,1.71240,1
0.04185,0.00000,45.47133,1.00000,1.70748,1
0.03743,0.00196,44.48609,1.00000,1.71249,1
0.04325,0.00098,44.91122,1.00000,1.72273,1
0.01586,0.00294,44.64531,1.00000,1.72673,1
0.01238,0.00000,44.88417,1.00000,1.69955,1
0.03249,0.00098,45.01794,1.00000,1.72216,1
0.03619,0.00098,45.01452,1.00000,1.68606,1
0.02485,0.00098,44.67759,1.00000,1.69570,1
0.01536,0.00098,44.29966,1.00000,1.70185,1
0.04135,0.00000,44.91775,1.00000,1.70161,1
0.03652,0.00000,45.40632,1.00000,1.73249,1
0.00436,0.02098,45.96941,1.00000,1.71499,1
0.01266,0.00196,44.19303,1.00000,1.73715,1
0.00953,0.00098,44.20637,1.00000,1.69023,1
0.02400,0.00000,45.84942,1.00000,1.70852,1
0.00674,0.00294,45.26901,1.00000,1.70278,1
0.02521,0.00196,45.06331,1.00000,1.72501,1
0.03251,0.00098,45.13319,1.00000,1.67510,1
0.03234,0.00000,44.91551,1.00000,1.70360,1
0.04233,0.00000,45.56430,1.00000,1.70203,1
0.01058,0.00393,45.69085,1.00000,1.70245,1
0.03765,0.00098,46.23913,1.00000,1.71445,1
0.01887,0.00196,46.28748,1.00000,1.67226,1
0.03624,0.00000,44.04751,1.00000,1.69377,1
0.03449,0.00000,45.06593,1.00000,1.69320,1
0.03627,0.05036,43.55303,1.00000,1.71035,1
0.03368,0.00000,46.63889,1.00000,1.71099,1
0.02308,0.00098,45.23028,1.00000,1.70547,1
0.03857,0.00098,45.28662,1.00000,1.69073,1
0.00822,0.00590,45.42726,1.00000,1.69992,1
0.04241,0.00000,46.43298,1.00000,1.68599,1
0.03971,0.00000,45.40842,1.00000,1.71084,1
0.01939,0.00000,45.92769,1.00000,1.69821,1
0.04604,0.00098,45.68132,1.00000,1.69114,1
0.01971,0.00196,44.87490,1.00000,1.73312,1
0.01219,0.00491,44.89677,1.00000,1.69018,1
0.03858,0.00098,44.59110,1.00000,1.71624,1
0.03362,0.00000,46.10371,1.00000,1.69283,1
0.03824,0.00196,46.04505,1.00000,1.69850,1
0.01733,0.00000,44.16422,1.00000,1.70122,1
0.02471,0.00000,44.98234,1.00000,1.68720,1
0.03382,0.00098,45.74417,1.00000,1.70500,1
0.03722,0.00000,45.83041,1.00000,1.71195,1
0.01380,0.00000,45.87798,1.00000,1.68953,1
0.00867,0.00491,46.27997,1.00000,1.72040,1
0.00803,0.00000,45.87536,1.00000,1.70380,1
0.04566,0.00098,45.02501,1.00000,1.70336,1
0.04375,0.00000,45.71249,1.00000,1.68713,1
0.02466,0.00000,44.82497,1.00000,1.72598,1
0.01600,0.00000,46.03652,1.00000,1.68123,1
0.02465,0.00393,44.97124,1.00000,1.69448,1
0.04249,0.00000,45.68197,1.00000,1.69122,1
0.03440,0.00000,45.45725,1.00000,1.71246,1
0.00922,0.00196,44.82249,1.00000,1.72776,1
0.02696,0.00196,43.98981,1.00000,1.69171,1
0.03637,0.00098,44.18430,1.00000,1.69563,1
0.02305,0.00000,45.28655,1.00000,1.71004,1
0.03201,0.00098,45.20003,1.00000,1.70356,1
0.01430,0.00000,45.96221,1.00000,1.72323,1
0.02088,0.00098,45.38543,1.00000,1.70019,1
0.01424,0.00000,45.25402,1.00000,1.69440,1
0.00755,0.00000,44.52086,1.00000,1.68932,1
0.01630,0.00098,44.60612,1.00000,1.68028,1
0.04069,0.00000,45.80530,1.00000,1.71294,1
0.02048,0.00000,46.81035,1.00000,1.69624,1
0.01520,0.00000,46.00265,1.00000,1.69713,1
0.02765,0.00000,45.11840,1.00000,1.70693,1
0.03342,0.00000,46.24422,1.00000,1.72774,1
0.02001,0.00000,45.11593,1.00000,1.72320,1
0.03105,0.00098,45.29601,1.00000,1.70404,1
0.00433,0.00098,45.46265,1.00000,1.67432,1
0.01461,0.00000,45.15766,1.00000,1.70141,1
0.03407,0.00098,45.40518,1.00000,1.69501,1
0.02781,0.00000,44.72362,1.00000,1.69560,1
0.00819,0.00098,44.24102,1.00000,1.69743,1
0.02499,0.00000,44.35485,1.00000,1.69327,1
0.04538,0.00098,44.90841,1.00000,1.68938,1
0.04158,0.00196,45.35315,1.00000,1.71956,1
0.00501,0.00098,45.77695,1.00000,1.69859,1
0.01053,0.00098,45.23685,1.00000,1.69336,1
0.03964,0.00098,46.22494,1.00000,1.68602,1
0.03545,0.00196,45.50175,1.00000,1.69188,1
0.00629,0.00000,44.96561,1.00000,1.69027,1
0.03672,0.00000,44.95275,1.00000,1.74100,1
0.00848,0.00000,44.55271,1.00000,1.70246,1
0.03737,0.00000,44.69642,1.00000,1.70120,1
0.00369,0.00196,44.73921,1.00000,1.69971,1
0.02891,0.00294,44.84125,1.00000,1.70238,1
0.01745,0.00098,44.70163,1.00000,1.69304,1
0.01827,0.00491,46.63517,1.00000,1.69474,1
0.04001,0.00689,45.53282,1.00000,1.68472,1
0.00466,0.00196,46.15701,1.00000,1.70004,1
0.02880,0.00098,45.18704,1.00000,1.73704,1
0.02907,0.00000,45.30519,1.00000,1.70766,1
0.01617,0.00196,46.22846,1.00000,1.71424,1
0.00552,0.00098,46.23609,1.00000,1.68653,1
0.04581,0.00000,44.46874,1.00000,1.69357,1
0.00842,0.00294,45.21192,1.00000,1.70618,1
0.00759,0.00196,45.40936,1.00000,1.67949,1
0.03848,0.00000,44.59060,1.00000,1.71348,1
0.02576,0.00000,46.26790,1.00000,1.67371,1
0.01240,0.00098,43.82895,1.00000,1.70846,1
0.03445,0.00000,44.83287,1.00000,1.68769,1
0.01942,0.00000,46.07175,1.00000,1.69473,1
0.01692,0.00294,44.47720,1.00000,1.70060,1
0.01691,0.00788,45.91922,1.00000,1.71960,1
0.00890,0.00000,46.18456,1.00000,1.69515,1
0.02470,0.00098,45.04354,1.00000,1.69719,1
0.01360,0.00098,44.93106,1.00000,1.69917,1
0.03382,0.00000,45.57779,1.00000,1.68411,1
0.04298,0.00196,45.44220,1.00000,1.70042,1
0.00568,0.00000,45.09081,1.00000,1.71322,1
0.04380,0.00098,45.51783,1.00000,1.71212,1
0.00411,0.00196,44.23800,1.00000,1.67977,1
0.00784,0.00000,43.51813,1.00000,1.71302,1
0.01884,0.00294,45.09532,1.00000,1.69717,1
0.02719,0.00000,44.26157,1.00000,1.71703,1
0.04527,0.00000,44.68354,1.00000,1.72764,1
0.01250,0.00098,46.25248,1.00000,1.69560,1
0.02949,0.00000,43.89495,1.00000,1.70103,1
0.04458,0.00294,45.45987,1.00000,1.67489,1
0.01995,0.00098,45.66543,1.00000,1.70411,1
0.03373,0.00098,47.33458,1.00000,1.71725,1
0.02625,0.00294,45.44864,1.00000,1.70416,1
0.03958,0.00000,45.44233,1.00000,1.71892,1
0.00977,0.00000,43.73767,1.00000,1.68110,1
0.02420,0.00000,45.74624,1.00000,1.71843,1
0.02142,0.00294,45.37347,1.00000,1.69046,1
0.03740,0.00000,45.32874,1.00000,1.69730,1
0.03721,0.00000,43.91822,1.00000,1.69622,1
0.03686,0.00000,45.41980,1.00000,1.69518,1
0.02366,0.00098,44.55557,1.00000,1.67984,1
0.02660,0.00000,44.90274,1.00000,1.72086,1
0.02563,0.00000,46.13148,1.00000,1.70368,1
0.01475,0.00000,44.33674,1.00000,1.69728,1
0.02401,0.00098,44.34127,1.00000,1.70728,1
0.02567,0.00000,45.20663,1.00000,1.69110,1
0.03264,0.00098,45.24420,1.00000,1.70185,1
0.04405,0.00196,44.84538,1.00000,1.67792,1
0.00417,0.00888,45.15853,1.00000,1.70697,1
0.02227,0.00000,46.44618,1.00000,1.70376,1
0.03742,0.00000,46.19070,1.00000,1.71306,1
0.01782,0.00000,46.19881,1.00000,1.67830,1
0.04650,0.00000,45.80903,1.00000,1.69938,1
0.03723,0.00196,45.03347,1.00000,1.71214,1
0.02509,0.00098,45.81690,1.00000,1.71354,1
0.01345,0.00000,44.14469,1.00000,1.70587,1
0.02863,0.00000,46.54947,1.00000,1.70436,1
0.03651,0.00000,44.82957,1.00000,1.71075,1
0.01259,0.00196,43.52651,1.00000,1.66894,1
0.04478,0.00000,43.90976,1.00000,1.70100,1
0.01675,0.00000,45.61632,1.00000,1.70371,1
0.03761,0.00000,45.21859,1.00000,1.67545,1
0.03778,0.00098,45.62221,1.00000,1.72018,1
0.04174,0.00098,45.16546,1.00000,1.68414,1
0.03509,0.00098,45.62920,1.00000,1.69521,1
0.02758,0.00196,44.76616,1.00000,1.68526,1
0.04506,0.00098,44.93375,1.00000,1.69675,1
0.04321,0.00000,45.74956,1.00000,1.67717,1
0.02403,0.00196,44.86455,1.00000,1.71295,1
0.01219,0.00196,45.91230,1.00000,1.69670,1
0.01084,0.00098,44.85968,1.00000,1.68488,1
0.03341,0.00000,45.13965,1.00000,1.68108,1
0.03087,0.00294,44.88408,1.00000,1.72663,1
0.03213,0.00098,46.80083,1.00000,1.67868,1
0.04622,0.00000,44.13538,1.00000,1.69111,1
0.00927,0.00294,45.11318,1.00000,1.70466,1
0.00902,0.00000,43.65142,1.00000,1.72615,1
0.00850,0.00000,45.15912,1.00000,1.71311,1
0.04453,0.00294,45.23048,1.00000,1.66594,1
0.01766,0.00000,45.53919,1.00000,1.70092,1
0.03144,0.00098,44.64263,1.00000,1.71205,1
0.02271,0.00000,45.43012,1.00000,1.72146,1
0.02120,0.00294,45.34201,1.00000,1.69860,1
0.03599,0.00000,45.77029,1.00000,1.67738,1
0.02483,0.00098,45.03635,1.00000,1.71286,1
0.01713,0.00000,45.44944,1.00000,1.69699,1
0.03392,0.00098,44.26647,1.00000,1.71439,1
0.02202,0.00000,44.87776,1.00000,1.71827,1
0.02167,0.00000,44.50050,1.00000,1.71659,1
0.13648,0.00000,44.19662,0.00000,1.63300,1
0.14288,0.00098,44.94220,0.00000,1.65517,1
0.13666,0.00098,45.71898,0.00000,1.66076,1
0.14052,0.00000,45.89542,0.00000,1.63557,1
0.13377,0.00000,44.81395,0.00000,1.64135,1
0.14341,0.00000,44.40925,0.00000,1.64780,1
0.14007,0.00000,44.76601,0.00000,1.63545,1
0.14294,0.00000,46.01181,0.00000,1.67133,1
0.13885,0.00000,45.43222,0.00000,1.62761,1
0.13498,0.00000,44.09626,0.00000,1.67211,1
0.14246,0.00000,44.07287,0.00000,1.66191,1
0.14131,0.00000,45.76436,0.00000,1.63558,1
0.13274,0.00000,44.69531,0.00000,1.67897,1
0.13843,0.00000,46.54959,0.00000,1.65398,1
0.13713,0.00196,45.30951,0.00000,1.68329,1
0.13667,0.00098,44.89554,0.00000,1.63974,1
0.13570,0.00000,45.68857,0.00000,1.67971,1
0.14166,0.00000,44.95929,0.00000,1.65585,1
0.14216,0.00098,45.23992,0.00000,1.65185,1
0.14251,0.00000,45.27525,0.00000,1.65150,1
0.13902,0.00000,46.59883,0.00000,1.63758,1
0.13836,0.00000,44.92824,0.00000,1.65108,1
0.14177,0.00000,44.22306,0.00000,1.67001,1
0.14560,0.00000,44.77175,0.00000,1.65328,1
0.14281,0.00000,44.63678,0.00000,1.65977,1
0.13745,0.00000,45.34463,0.00000,1.62167,1
0.14323,0.00000,46.31233,0.00000,1.69162,1
0.13633,0.00000,45.06939,0.00000,1.63478,1
0.13726,0.00393,46.17842,0.00000,1.68024,1
0.14461,0.00000,45.00754,0.00000,1.60625,1
0.13630,0.00000,45.81379,0.00000,1.67182,1
0.14104,0.00098,44.84907,0.00000,1.64164,1
0.14319,0.00000,46.68101,0.00000,1.68025,1
0.14025,0.00000,45.47441,0.00000,1.65169,1
0.14530,0.00000,44.69632,0.00000,1.66592,1
0.13854,0.00294,46.08790,0.00000,1.65151,1
0.13919,0.00000,45.68210,0.00000,1.65997,1
0.13705,0.00000,46.01203,0.00000,1.66276,1
0.13762,0.00000,45.00047,0.00000,1.66217,1
0.14183,0.00000,46.85489,0.00000,1.64369,1
0.14275,0.00000,45.87149,0.00000,1.65590,1
0.13721,0.00000,45.64604,0.00000,1.65940,1
0.14417,0.00000,44.04293,0.00000,1.63228,1
0.14006,0.00000,44.95910,0.00000,1.66999,1
0.13959,0.00000,44.85039,0.00000,1.64003,1
0.13948,0.00000,46.51809,0.00000,1.66452,1
0.13694,0.00000,45.74603,0.00000,1.65228,1
0.13683,0.00000,44.53718,0.00000,1.63813,1
0.14169,0.00196,45.18419,0.00000,1.62672,1
0.14638,0.00000,44.48761,0.00000,1.63587,1
0.14154,0.00000,45.70246,0.00000,1.68369,1
0.14448,0.00000,44.35015,0.00000,1.66325,1
0.13866,0.00000,44.83916,0.00000,1.65199,1
0.14021,0.00000,44.98738,0.00000,1.65164,1
0.13961,0.00000,44.35876,0.00000,1.63510,1
0.14072,0.00098,44.60826,0.00000,1.68679,1
0.13897,0.00000,45.59864,0.00000,1.68627,1
0.14313,0.00000,45.11071,0.00000,1.63705,1
0.13610,0.00000,45.83513,0.00000,1.62758,1
0.13538,0.00000,44.94228,0.00000,1.67631,1
0.14089,0.00000,44.76575,0.00000,1.68747,1
0.14300,0.00000,44.37835,0.00000,1.64928,1
0.14531,0.00000,44.97304,0.00000,1.66938,1
0.13703,0.00000,45.16863,0.00000,1.67351,1
0.14175,0.00000,44.85003,0.00000,1.65058,1
0.13839,0.00000,44.55334,0.00000,1.65602,1
0.14065,0.00000,45.29559,0.00000,1.67252,1
0.14032,0.00000,45.28175,0.00000,1.63746,1
0.14183,0.00491,44.28181,0.00000,1.65745,1
0.14202,0.00000,44.90025,0.00000,1.62699,1
0.13648,0.00000,45.23930,0.00000,1.63935,1
0.14300,0.00098,46.36609,0.00000,1.62812,1
0.14377,0.00000,44.76390,0.00000,1.67230,1
0.13984,0.00000,46.00626,0.00000,1.63664,1
0.14194,0.00000,43.80165,0.00000,1.67008,1
0.13960,0.00000,45.42851,0.00000,1.65714,1
0.14047,0.00000,45.79494,0.00000,1.61607,1
0.13912,0.00000,46.13998,0.00000,1.63113,1
0.13939,0.00000,45.57797,0.00000,1.68566,1
0.13968,0.00000,45.82054,0.00000,1.65546,1
0.13688,0.00000,44.00768,0.00000,1.66152,1
0.14115,0.00000,44.83013,0.00000,1.63096,1
0.14414,0.00000,45.67645,0.00000,1.67673,1
0.13727,0.00098,44.71684,0.00000,1.65020,1
0.13665,0.00000,45.03841,0.00000,1.66164,1
0.13637,0.00000,45.65299,0.00000,1.65115,1
0.14279,0.00000,45.00094,0.00000,1.65123,1
0.13776,0.00000,45.81784,0.00000,1.65958,1
0.13415,0.00000,45.89599,0.00000,1.64475,1
0.13627,0.00000,45.71432,0.00000,1.66953,1
0.14153,0.00098,44.21517,0.00000,1.67274,1
0.14341,0.00000,44.60412,0.00000,1.67887,1
0.13692,0.00000,45.41763,0.00000,1.64051,1
0.14302,0.00000,44.98574,0.00000,1.66551,1
0.13672,0.00000,45.68716,0.00000,1.63549,1
0.13933,0.00000,44.56831,0.00000,1.63960,1
0.14704,0.00000,45.27244,0.00000,1.65427,1
0.14222,0.00000,44.61215,0.00000,1.64281,1
0.14428,0.00000,46.00739,0.00000,1.65455,1
0.14639,0.00000,44.81935,0.00000,1.63666,1
0.14058,0.00000,45.85236,0.00000,1.60736,1
0.13854,0.00000,44.37480,0.00000,1.61568,1
0.13690,0.00000,43.69073,0.00000,1.63323,1
0.13955,0.00000,45.78306,0.00000,1.67448,1
0.13981,0.00000,45.14763,0.00000,1.66117,1
0.13985,0.00000,45.08279,0.00000,1.65424,1
0.14004,0.00000,44.98092,0.00000,1.66027,1
0.14231,0.00000,45.40720,0.00000,1.62531,1
0.14281,0.00000,45.26367,0.00000,1.64199,1
0.14385,0.00000,44.67810,0.00000,1.67797,1
0.14424,0.00000,45.35686,0.00000,1.62912,1
0.13977,0.00000,46.27135,0.00000,1.61949,1
0.14388,0.00000,45.46736,0.00000,1.65291,1
0.13811,0.00000,45.30286,0.00000,1.68075,1
0.14241,0.00000,45.69338,0.00000,1.66407,1
0.14507,0.00000,45.84410,0.00000,1.63882,1
0.14410,0.00000,45.33663,0.00000,1.66192,1
0.13582,0.00196,46.43612,0.00000,1.65210,1
0.13810,0.00000,45.35112,0.00000,1.66456,1
0.13348,0.00000,46.39529,0.00000,1.63499,1
0.14117,0.00000,46.51841,0.00000,1.66178,1
0.13782,0.00000,45.38416,0.00000,1.65873,1
0.13516,0.00000,45.62320,0.00000,1.65170,1
0.14251,0.00000,46.05130,0.00000,1.64518,1
0.14041,0.00000,44.61730,0.00000,1.63929,1
0.13803,0.00000,45.59673,0.00000,1.63561,1
0.13769,0.00000,46.40360,0.00000,1.63606,1
0.13625,0.00098,45.91508,0.00000,1.65747,1
0.13797,0.00000,45.24481,0.00000,1.65475,1
0.14245,0.00000,44.91117,0.00000,1.66497,1
0.14220,0.00000,44.76361,0.00000,1.65773,1
0.13857,0.00000,45.47547,0.00000,1.65031,1
0.14302,0.00000,45.47438,0.00000,1.64003,1
0.14084,0.00000,46.54992,0.00000,1.66524,1
0.14124,0.00000,45.70741,0.00000,1.67797,1
0.14201,0.00000,46.22149,0.00000,1.64896,1
0.13411,0.00000,45.03171,0.00000,1.65747,1
0.13681,0.00000,44.36191,0.00000,1.64692,1
0.13554,0.00000,43.95207,0.00000,1.63753,1
0.13987,0.00000,45.56481,0.00000,1.66551,1
0.14049,0.00098,45.51221,0.00000,1.63515,1
0.13762,0.00000,45.27698,0.00000,1.67238,1
0.13845,0.00000,47.39115,0.00000,1.68026,1
0.13795,0.00000,44.57398,0.00000,1.65583,1
0.13419,0.00000,46.33823,0.00000,1.67327,1
0.13362,0.00000,44.50824,0.00000,1.64089,1
0.13879,0.00000,45.51799,0.00000,1.63297,1
0.14390,0.00000,44.77178,0.00000,1.62712,1
0.13850,0.00098,45.72009,0.00000,1.64335,1
0.14551,0.00000,45.78194,0.00000,1.65840,1
0.14294,0.00788,45.03503,0.00000,1.63467,1
0.13857,0.00000,43.72977,0.00000,1.67324,1
0.14181,0.00000,46.10489,0.00000,1.61937,1
0.14045,0.00000,45.56297,0.00000,1.68876,1
0.13907,0.00000,45.43463,0.00000,1.65606,1
0.13868,0.00000,44.61315,0.00000,1.67332,1
0.13852,0.00098,44.93018,0.00000,1.65664,1
0.13947,0.00000,45.59453,0.00000,1.67572,1
0.13987,0.00000,45.38699,0.00000,1.67573,1
0.14101,0.00000,45.09680,0.00000,1.65031,1
0.13718,0.00000,44.68981,0.00000,1.68250,1
0.14594,0.00000,45.42111,0.00000,1.63703,1
0.14309,0.00000,46.14449,0.00000,1.69604,1
0.13940,0.00000,45.87904,0.00000,1.65164,1
0.14306,0.00000,44.70906,0.00000,1.62866,1
0.14065,0.00000,44.95469,0.00000,1.65800,1
0.13816,0.00000,45.58851,0.00000,1.62938,1
0.14646,0.00000,44.82716,0.00000,1.65826,1
0.14338,0.00000,45.24867,0.00000,1.65856,1
0.13605,0.00000,45.30842,0.00000,1.67106,1
0.13098,0.00000,46.14743,0.00000,1.65781,1
0.14287,0.00000,46.08945,0.00000,1.67913,1
0.13980,0.00098,45.21032,0.00000,1.63625,1
0.13837,0.00098,44.84454,0.00000,1.63467,1
0.14181,0.00000,45.88942,0.00000,1.62991,1
0.14313,0.00000,45.49275,0.00000,1.68575,1
0.14206,0.00000,46.02973,0.00000,1.64737,1
0.13904,0.00000,46.27041,0.00000,1.62331,1
0.13862,0.00000,46.57779,0.00000,1.64759,1
0.13663,0.00000,44.53632,0.00000,1.62227,1
0.13611,0.00000,45.56803,0.00000,1.63953,1
0.13522,0.00000,44.63810,0.00000,1.67846,1
0.14420,0.00000,46.28763,0.00000,1.62304,1
0.13987,0.00000,45.61376,0.00000,1.65178,1
0.14217,0.00000,44.63170,0.00000,1.65625,1
0.13740,0.00098,45.61642,0.00000,1.66121,1
0.14151,0.00000,45.05961,0.00000,1.64214,1
0.13281,0.00000,46.10230,0.00000,1.65568,1
0.14034,0.00000,46.36399,0.00000,1.65959,1
0.13788,0.00000,43.14097,0.00000,1.65040,1
0.13787,0.00000,45.73152,0.00000,1.65407,1
0.13840,0.00000,44.93766,0.00000,1.64530,1
0.13882,0.00000,45.56398,0.00000,1.66062,1
0.14054,0.00000,44.62711,0.00000,1.66378,1
0.14120,0.00000,44.61792,0.00000,1.63406,1
0.13711,0.00098,44.51301,0.00000,1.65563,1
0.13923,0.00000,45.33294,0.00000,1.64112,1
0.13856,0.00000,46.56412,0.00000,1.65575,1
0.13749,0.00000,45.47898,0.00000,1.65673,1
0.13586,0.00000,45.96812,0.00000,1.64980,1
0.13323,0.00000,45.04901,0.00000,1.66957,1
0.14396,0.00000,46.38085,0.00000,1.61680,1
0.13655,0.00000,44.90274,0.00000,1.66910,1
0.13607,0.00000,45.25524,0.00000,1.63287,1
0.13601,0.00000,44.51770,0.00000,1.67314,1
0.13810,0.00000,45.13509,0.00000,1.65540,1
0.14702,0.00000,44.88814,0.00000,1.63587,1
0.13613,0.00000,46.26870,0.00000,1.65818,1
0.14439,0.00000,44.80549,0.00000,1.66318,1
0.13878,0.00000,44.20050,0.00000,1.64939,1
0.13857,0.00000,45.71261,0.00000,1.63939,1
0.14130,0.00000,44.61130,0.00000,1.63667,1
0.14114,0.00000,46.32154,0.00000,1.66834,1
0.14029,0.00000,44.20740,0.00000,1.63833,1
0.14150,0.00000,44.05378,0.00000,1.63057,1
0.14094,0.00000,44.09102,0.00000,1.62764,1
0.14116,0.00000,45.32663,0.00000,1.62584,1
0.14488,0.00000,44.03770,0.00000,1.70221,1
0.13761,0.00098,45.23088,0.00000,1.63984,1
0.14713,0.00000,45.28628,0.00000,1.61924,1
0.13875,0.00000,46.35795,0.00000,1.65340,1
0.14159,0.00000,45.30263,0.00000,1.64171,1
0.13904,0.00098,45.77531,0.00000,1.63748,1
0.14515,0.00000,44.03405,0.00000,1.62818,1
0.13709,0.00000,45.04462,0.00000,1.68411,1
0.13939,0.00000,44.70275,0.00000,1.65421,1
0.13784,0.00000,44.90854,0.00000,1.67981,1
0.14063,0.00000,44.81096,0.00000,1.65415,1
0.14703,0.00000,45.05248,0.00000,1.66069,1
0.13930,0.00000,45.19075,0.00000,1.64498,1
0.14182,0.00000,45.41251,0.00000,1.65826,1
0.14007,0.00196,45.41778,0.00000,1.65282,1
0.13304,0.00000,46.69104,0.00000,1.64147,1
0.14472,0.00000,44.20531,0.00000,1.63042,1
0.13694,0.00000,46.00227,0.00000,1.63982,1
0.13522,0.00000,46.35754,0.00000,1.68056,1
0.13765,0.00000,45.98740,0.00000,1.66375,1
0.13856,0.00000,45.11019,0.00000,1.63518,1
0.14170,0.00000,42.98210,0.00000,1.64755,1
0.14033,0.00000,45.32312,0.00000,1.66596,1
0.04614,0.00000,43.66552,1.00000,1.69009,1
0.04570,0.00000,45.13912,1.00000,1.71799,1
0.04639,0.00000,44.72533,1.00000,1.68125,1
0.04731,0.00000,43.66217,1.00000,1.67252,1
0.04604,0.00000,45.39946,1.00000,1.71124,1
0.04611,0.00098,46.23397,1.00000,1.70810,1
0.04667,0.00000,44.30962,1.00000,1.70789,1
0.04694,0.00000,44.72903,1.00000,1.69952,1
0.04579,0.00000,46.30076,1.00000,1.70924,1
0.04665,0.00000,46.08972,1.00000,1.71278,1
0.04639,0.00000,45.39602,1.00000,1.70088,1
0.04647,0.00000,44.90317,1.00000,1.70825,1
0.04659,0.00000,45.70265,1.00000,1.68218,1
0.04691,0.00393,44.61220,1.00000,1.69368,1
0.04722,0.00098,46.15948,1.00000,1.67899,1
0.04699,0.00000,44.67130,1.00000,1.68825,1
0.04610,0.00000,44.10914,1.00000,1.70872,1
0.04688,0.00000,45.47687,1.00000,1.69776,1
0.04602,0.00000,45.37620,1.00000,1.71198,1
0.04557,0.00000,45.48378,1.00000,1.72069,1
0.04701,0.00000,44.75556,1.00000,1.68875,1
0.04699,0.00098,45.98319,1.00000,1.68695,1
0.04602,0.00098,45.23891,1.00000,1.71651,1
0.04671,0.00098,45.32214,1.00000,1.69742,1
0.04653,0.00196,44.86936,1.00000,1.69514,1
0.04624,0.00000,45.25907,1.00000,1.72081,1
0.04720,0.00098,44.60869,1.00000,1.68796,1
0.04613,0.00098,44.78658,1.00000,1.69507,1
0.04715,0.00000,45.46959,1.00000,1.70519,1
0.04722,0.00000,45.41039,1.00000,1.70101,1
0.04744,0.00000,46.98628,1.00000,1.69464,1
0.04684,0.00294,45.09034,1.00000,1.66500,1
0.04697,0.00000,42.92962,1.00000,1.67564,1
0.04656,0.00000,46.00685,1.00000,1.68234,1
0.04628,0.00000,45.61876,1.00000,1.69972,1
0.04557,0.00000,45.40080,1.00000,1.70913,1
0.04577,0.00000,46.43190,1.00000,1.72165,1
0.04727,0.00000,45.03947,1.00000,1.69263,1
0.04669,0.00000,44.89133,1.00000,1.71217,1
0.04712,0.00000,45.67435,1.00000,1.67888,1
0.04580,0.00000,44.32709,1.00000,1.69584,1
0.04639,0.00000,45.08228,1.00000,1.73238,1
0.04694,0.00000,45.80688,1.00000,1.68474,1
0.04629,0.00000,45.41045,1.00000,1.70331,1
0.04738,0.00098,44.80368,1.00000,1.68928,1
0.04640,0.00000,46.11627,1.00000,1.71372,1
0.04616,0.00000,44.49595,1.00000,1.69736,1
0.04679,0.00000,45.58628,1.00000,1.69785,1
0.04706,0.00000,45.89594,1.00000,1.69221,1
0.04655,0.00098,44.66704,1.00000,1.70111,1
0.04628,0.00000,44.29892,1.00000,1.68159,1
0.04769,0.00000,44.88394,1.00000,1.69928,1
0.04731,0.00098,44.17797,1.00000,1.69561,1
0.04643,0.00098,44.16903,1.00000,1.69740,1
0.04657,0.00098,45.23610,1.00000,1.68323,1
0.04781,0.00098,44.54992,1.00000,1.68590,1
0.04639,0.00000,43.90954,1.00000,1.69023,1
0.04785,0.00196,45.42860,1.00000,1.70638,1
0.04634,0.00098,45.01636,1.00000,1.72088,1
0.04615,0.00000,45.28556,1.00000,1.70887,1
0.04627,0.00000,44.54359,1.00000,1.70830,1
0.04598,0.00000,44.28892,1.00000,1.71310,1
0.04763,0.00098,44.67245,1.00000,1.69510,1
0.04812,0.00000,45.37486,1.00000,1.68444,1
0.04555,0.00000,44.93066,1.00000,1.69638,1
0.04680,0.00000,45.28790,1.00000,1.68862,1
0.04618,0.00000,45.79662,1.00000,1.71210,1
0.04802,0.00098,45.89382,1.00000,1.70942,1
0.04666,0.00000,44.88166,1.00000,1.68685,1
0.04549,0.00000,45.18238,1.00000,1.69828,1
0.04799,0.00000,43.83127,1.00000,1.69063,1
0.04553,0.00000,44.47350,1.00000,1.69993,1
0.04671,0.00098,45.52996,1.00000,1.69088,1
0.04644,0.00000,45.81857,1.00000,1.70397,1
0.04772,0.00196,44.90375,1.00000,1.69841,1
0.04660,0.00098,48.05009,1.00000,1.70389,1
0.04568,0.00098,45.28568,1.00000,1.71134,1
0.04642,0.00000,45.28093,1.00000,1.70756,1
0.04574,0.00000,45.98293,1.00000,1.74072,1
0.04722,0.00000,43.73295,1.00000,1.71205,1
0.04777,0.00000,44.72705,1.00000,1.69204,1
0.04632,0.00000,44.76784,1.00000,1.70050,1
0.04610,0.00000,45.00668,1.00000,1.70307,1
0.04684,0.00000,45.10169,1.00000,1.69292,1
0.04757,0.00000,44.21592,1.00000,1.68301,1
0.04591,0.00000,45.88843,1.00000,1.69150,1
0.04698,0.00196,45.91861,1.00000,1.69539,1
0.04624,0.00098,46.59667,1.00000,1.70041,1
0.04846,0.00000,45.74115,1.00000,1.71209,1
0.04737,0.00098,46.04622,1.00000,1.70614,1
0.04669,0.00098,46.60479,1.00000,1.71145,1
0.04570,0.00098,44.36852,1.00000,1.72895,1
0.04636,0.00000,45.24466,1.00000,1.68310,1
0.04631,0.00000,46.83283,1.00000,1.70944,1
0.04657,0.00000,46.71449,1.00000,1.70356,1
0.04708,0.00000,44.27621,1.00000,1.69013,1
0.04688,0.00000,44.14237,1.00000,1.69479,1
0.04689,0.00000,45.71843,1.00000,1.68717,1
0.04806,0.00098,44.29637,1.00000,1.68193,1
0.04716,0.00000,45.47145,1.00000,1.68663,1
0.04664,0.00000,44.53611,1.00000,1.70087,1
0.04641,0.00000,45.74044,1.00000,1.69912,1
0.04632,0.00000,45.41744,1.00000,1.69303,1
0.04590,0.00000,45.04554,1.00000,1.70735,1
0.04608,0.00000,45.03768,1.00000,1.69870,1
0.04721,0.00000,45.73461,1.00000,1.71961,1
0.04623,0.00294,45.65140,1.00000,1.71114,1
0.04682,0.00000,46.08357,1.00000,1.69293,1
0.04755,0.00000,44.39247,1.00000,1.66559,1
0.04646,0.00000,44.76222,1.00000,1.69207,1
0.04607,0.00000,45.32376,1.00000,1.70113,1
0.04719,0.00000,45.21294,1.00000,1.70618,1
0.04651,0.00000,45.12850,1.00000,1.69694,1
0.04687,0.00000,45.23951,1.00000,1.71880,1
0.04717,0.00294,46.65196,1.00000,1.71183,1
0.04643,0.00000,44.83877,1.00000,1.70209,1
0.04678,0.00098,43.98856,1.00000,1.70313,1
0.04659,0.00000,45.98784,1.00000,1.69943,1
0.04528,0.00294,45.27151,1.00000,1.73837,1
0.04647,0.00000,43.92627,1.00000,1.69674,1
0.04698,0.00000,46.33491,1.00000,1.70747,1
0.04602,0.00000,46.17342,1.00000,1.70407,1
0.04624,0.00000,45.10978,1.00000,1.70455,1
0.04574,0.00098,45.98577,1.00000,1.72905,1
0.04608,0.00000,45.16917,1.00000,1.69034,1
0.04683,0.00098,44.32081,1.00000,1.70343,1
0.04653,0.00000,45.09212,1.00000,1.67848,1
0.04650,0.00000,44.48536,1.00000,1.71651,1
0.04718,0.00000,44.16962,1.00000,1.70238,1
0.04637,0.00000,44.97733,1.00000,1.72717,1
0.04742,0.00000,45.40559,1.00000,1.70290,1
0.04746,0.00000,45.85259,1.00000,1.71713,1
0.04652,0.00000,44.63143,1.00000,1.67515,1
0.04625,0.00000,45.49603,1.00000,1.70934,1
0.04706,0.00000,44.66422,1.00000,1.71681,1
0.04739,0.00000,45.40648,1.00000,1.71188,1
0.04834,0.00000,43.92216,1.00000,1.65673,1
0.04729,0.00000,45.09453,1.00000,1.68657,1
0.04722,0.00000,45.98649,1.00000,1.71053,1
0.04515,0.00000,44.99348,1.00000,1.69950,1
0.04722,0.00000,45.48841,1.00000,1.68404,1
0.04752,0.00098,46.00203,1.00000,1.69652,1
0.04663,0.00393,45.29734,1.00000,1.69000,1
0.04724,0.00000,46.08431,1.00000,1.71610,1
0.04595,0.00000,44.57936,1.00000,1.73423,1
0.04688,0.00000,45.73477,1.00000,1.73192,1
0.04582,0.00000,44.88451,1.00000,1.70948,1
0.04676,0.00000,44.40062,1.00000,1.68851,1
0.04705,0.00000,44.93308,1.00000,1.69966,1
0.04729,0.00000,45.75858,1.00000,1.71690,1
0.04685,0.00000,44.87022,1.00000,1.71359,1
0.04644,0.00098,45.77192,1.00000,1.72549,1
0.04642,0.00196,44.52880,1.00000,1.70768,1
0.04666,0.00000,46.08112,1.00000,1.66418,1
0.04665,0.00098,45.67366,1.00000,1.73321,1
0.04740,0.00098,45.48169,1.00000,1.71533,1
0.04612,0.00000,46.02287,1.00000,1.70273,1
0.04566,0.00098,44.31277,1.00000,1.70180,1
0.04753,0.00000,46.28228,1.00000,1.69831,1
0.04585,0.00000,45.65660,1.00000,1.69406,1
0.04612,0.00000,46.93828,1.00000,1.70465,1
0.04759,0.00000,44.30756,1.00000,1.65939,1
0.04695,0.00000,44.20179,1.00000,1.71592,1
0.04695,0.00000,45.04444,1.00000,1.71164,1
0.04648,0.00196,45.17847,1.00000,1.69906,1
0.04650,0.00000,44.69836,1.00000,1.70840,1
0.04707,0.00098,45.69665,1.00000,1.70852,1
0.04584,0.00000,46.88736,1.00000,1.68242,1
0.04626,0.00000,45.67991,1.00000,1.71559,1
0.04647,0.00098,44.46337,1.00000,1.69257,1
0.04578,0.00000,45.01956,1.00000,1.70505,1
0.04644,0.00098,44.76570,1.00000,1.73450,1
0.04671,0.00000,45.89930,1.00000,1.67219,1
0.04613,0.00000,44.68081,1.00000,1.72804,1
0.04645,0.00000,44.42418,1.00000,1.69675,1
0.04602,0.00294,44.82039,1.00000,1.73368,1
0.04629,0.00000,44.57069,1.00000,1.72670,1
0.04728,0.00000,44.38533,1.00000,1.70204,1
0.04658,0.00000,46.04181,1.00000,1.71102,1
0.04665,0.00000,44.37836,1.00000,1.70701,1
0.04702,0.00098,46.24758,1.00000,1.71417,1
0.04599,0.00098,45.36856,1.00000,1.72713,1
0.04747,0.00000,46.41836,1.00000,1.68287,1
0.04583,0.00098,45.26249,1.00000,1.70752,1
0.04695,0.00000,45.08849,1.00000,1.69968,1
0.04653,0.00000,44.99873,1.00000,1.69266,1
0.04741,0.00000,46.54809,1.00000,1.68461,1
0.04499,0.00000,45.77270,1.00000,1.69778,1
0.04561,0.00000,45.62707,1.00000,1.73304,1
0.04573,0.00000,45.85361,1.00000,1.72150,1
0.04765,0.00000,44.92779,1.00000,1.69675,1
0.04774,0.00000,44.62911,1.00000,1.68270,1
0.04621,0.00000,46.76864,1.00000,1.70806,1
0.04626,0.00000,45.56815,1.00000,1.70869,1
0.04560,0.00000,45.73105,1.00000,1.71389,1
0.04645,0.00000,47.78362,1.00000,1.71243,1
0.04635,0.00196,46.23145,1.00000,1.69529,1
0.04631,0.00294,45.40971,1.00000,1.69163,1
0.04637,0.00000,45.95126,1.00000,1.72973,1
0.04560,0.00000,45.07772,1.00000,1.70431,1
0.04779,0.00098,44.30516,1.00000,1.69202,1
0.04580,0.00098,44.21581,1.00000,1.70210,1
0.04711,0.00000,46.20035,1.00000,1.70930,1
0.04704,0.00000,45.56102,1.00000,1.71056,1
0.04697,0.00000,45.88828,1.00000,1.70304,1
0.04638,0.00000,45.60332,1.00000,1.68110,1
0.04666,0.00000,45.11991,1.00000,1.69202,1
0.04673,0.00000,45.73099,1.00000,1.68463,1
0.04786,0.00000,46.35327,1.00000,1.69935,1
0.04651,0.00000,44.87948,1.00000,1.71961,1
0.04640,0.00000,45.19009,1.00000,1.69440,1
0.04635,0.00000,45.82643,1.00000,1.68877,1
0.04706,0.00000,45.95857,1.00000,1.69983,1
0.04720,0.00000,45.25028,1.00000,1.70036,1
0.04635,0.00000,44.24377,1.00000,1.69882,1
0.04649,0.00098,45.65882,1.00000,1.70956,1
0.04638,0.00000,43.78702,1.00000,1.70803,1
0.04537,0.00000,45.22130,1.00000,1.70783,1
0.04732,0.00491,43.48657,1.00000,1.70691,1
0.04656,0.00294,45.96921,1.00000,1.68767,1
0.04648,0.00000,45.24621,1.00000,1.72634,1
0.04623,0.00000,45.37627,1.00000,1.71624,1
0.04816,0.00000,45.74755,1.00000,1.69091,1
0.04723,0.00098,44.65271,1.00000,1.69502,1
0.04657,0.00000,45.59045,1.00000,1.69073,1
0.04568,0.00000,45.44466,1.00000,1.74329,1
0.04745,0.00000,46.52611,1.00000,1.69402,1
0.04677,0.00000,45.61278,1.00000,1.71531,1
0.04669,0.00000,44.38323,1.00000,1.73593,1
0.04717,0.00000,43.61947,1.00000,1.67564,1
0.05870,1.00000,5.59047,1.00000,0.27914,2
0.04290,1.00000,14.22589,1.00000,0.27259,2
0.09660,0.91667,16.57846,1.00000,0.23060,2
0.05030,1.00000,10.00889,1.00000,0.22418,2
0.05858,1.00000,19.78905,1.00000,0.00000,2
0.08911,0.90000,19.78905,1.00000,0.00000,2
0.07134,0.90000,19.78905,1.00000,0.00000,2
0.01289,1.00000,19.78906,1.00000,0.00000,2
0.03504,1.00000,12.48588,1.00000,0.17294,2
0.02009,1.00000,11.13035,1.00000,0.21098,2
0.03854,1.00000,9.10303,1.00000,0.22603,2
0.08823,1.00000,12.48588,1.00000,0.17294,2
0.03774,1.00000,11.13035,1.00000,0.21098,2
0.02019,0.90000,19.78905,1.00000,0.00000,2
0.01497,1.00000,19.78905,1.00000,0.00000,2
0.05230,0.90000,19.78906,1.00000,0.00000,2
0.02970,1.00000,19.78905,1.00000,0.00000,2
0.01143,0.91667,16.57846,1.00000,0.23060,2
0.04710,0.91667,16.57847,1.00000,0.23060,2
0.09965,1.00000,19.78906,1.00000,0.00000,2
0.07557,1.00000,6.27536,1.00000,0.27747,2
0.11696,1.00000,19.78905,1.00000,0.00000,2
0.08818,0.90000,16.57847,1.00000,0.23060,2
0.03316,1.00000,9.10303,1.00000,0.22603,2
0.08932,1.00000,14.22589,1.00000,0.27259,2
0.03710,0.89286,7.15665,1.00000,0.33985,2
0.08185,0.96667,6.67552,1.00000,0.28128,2
0.04947,1.00000,19.78905,1.00000,0.00000,2
0.08192,0.80000,19.78905,1.00000,0.00000,2
0.04790,0.97143,5.59047,1.00000,0.27914,2
0.05077,1.00000,12.48588,1.00000,0.17294,2
0.10397,0.95455,7.73138,1.00000,0.29345,2
0.11575,0.87500,19.78905,1.00000,0.00000,2
0.05698,1.00000,16.57847,1.00000,0.23060,2
0.03748,1.00000,19.78905,1.00000,0.00000,2
0.02408,1.00000,5.89106,1.00000,0.27112,2
0.05525,1.00000,19.78905,1.00000,0.00000,2
0.05068,1.00000,19.78906,1.00000,0.00000,2
0.05665,0.96154,7.15665,1.00000,0.33985,2
0.07973,1.00000,11.13035,1.00000,0.21098,2
0.00968,0.95455,9.10305,1.00000,0.22603,2
0.06415,1.00000,14.22589,1.00000,0.27259,2
0.08705,1.00000,9.10303,1.00000,0.22603,2
0.02862,1.00000,9.10303,1.00000,0.22603,2
0.01571,1.00000,6.67552,1.00000,0.28128,2
0.11680,1.00000,14.22589,1.00000,0.27259,2
0.08826,0.92857,14.22589,1.00000,0.27259,2
0.11526,1.00000,16.57846,1.00000,0.23060,2
0.03993,1.00000,10.00889,1.00000,0.22418,2
0.04462,1.00000,14.22589,1.00000,0.27259,2
0.04344,0.90476,8.34571,1.00000,0.29290,2
0.07475,1.00000,6.67552,1.00000,0.28128,2
0.07434,1.00000,6.27536,1.00000,0.27747,2
0.09734,1.00000,16.57847,1.00000,0.23060,2
0.06323,1.00000,5.89106,1.00000,0.27112,2
0.08870,1.00000,16.57847,1.00000,0.23060,2
0.06999,0.75000,16.57847,1.00000,0.23060,2
0.10768,1.00000,16.57846,1.00000,0.23060,2
0.09026,1.00000,19.78905,1.00000,0.00000,2
0.06348,1.00000,19.78906,1.00000,0.00000,2
0.07234,1.00000,11.13035,1.00000,0.21098,2
0.10574,1.00000,7.15665,1.00000,0.33985,2
0.05745,1.00000,12.48588,1.00000,0.17294,2
0.09237,0.95455,9.10303,1.00000,0.22603,2
0.06299,1.00000,16.57847,1.00000,0.23060,2
0.08466,1.00000,16.57847,1.00000,0.23060,2
0.03165,1.00000,16.57846,1.00000,0.23060,2
0.09670,1.00000,7.15665,1.00000,0.33985,2
0.07598,1.00000,19.78905,1.00000,0.00000,2
0.03124,1.00000,8.34571,1.00000,0.29290,2
0.03877,0.91667,14.22589,1.00000,0.27259,2
0.11275,1.00000,14.22589,1.00000,0.27259,2
0.11198,1.00000,7.73138,1.00000,0.29345,2
0.09480,0.90000,19.78905,1.00000,0.00000,2
0.06194,1.00000,12.48588,1.00000,0.17294,2
0.07480,0.93939,5.59047,1.00000,0.27914,2
0.03606,1.00000,7.15665,1.00000,0.33985,2
0.01548,0.95455,8.34572,1.00000,0.29290,2
0.01141,1.00000,12.48588,1.00000,0.17294,2
0.09527,1.00000,16.57847,1.00000,0.23060,2
0.11129,1.00000,16.57847,1.00000,0.23060,2
0.02514,1.00000,16.57847,1.00000,0.23060,2
0.10319,1.00000,11.13035,1.00000,0.21098,2
0.01727,1.00000,16.57847,1.00000,0.23060,2
0.03840,1.00000,5.00960,1.00000,0.26582,2
0.08687,1.00000,16.57847,1.00000,0.23060,2
0.06627,0.90476,9.10303,1.00000,0.22603,2
0.03864,1.00000,5.89106,1.00000,0.27112,2
0.11104,0.86667,12.48588,1.00000,0.17294,2
0.03936,1.00000,14.22589,1.00000,0.27259,2
0.07871,1.00000,5.89106,1.00000,0.27112,2
0.10242,1.00000,16.57847,1.00000,0.23060,2
0.03157,1.00000,16.57846,1.00000,0.23060,2
0.09543,1.00000,16.57847,1.00000,0.23060,2
0.01875,1.00000,11.13035,1.00000,0.21098,2
0.10981,1.00000,19.78906,1.00000,0.00000,2
0.10823,0.88462,7.15665,1.00000,0.33985,2
0.11739,1.00000,19.78905,1.00000,0.00000,2
0.02824,1.00000,11.13035,1.00000,0.21098,2
0.11494,1.00000,11.13035,1.00000,0.21098,2
0.08455,1.00000,6.67552,1.00000,0.28128,2
0.03065,1.00000,7.73138,1.00000,0.29345,2
0.05447,0.90000,19.78905,1.00000,0.00000,2
0.02369,1.00000,9.10303,1.00000,0.22603,2
0.10256,0.91667,16.57847,1.00000,0.23060,2
0.00882,1.00000,19.78906,1.00000,0.00000,2
0.04603,0.90000,16.57846,1.00000,0.23060,2
0.11661,1.00000,11.13035,1.00000,0.21098,2
0.10896,0.96774,6.27536,1.00000,0.27747,2
0.05682,0.91667,16.57847,1.00000,0.23060,2
0.06164,0.91667,14.22588,1.00000,0.27259,2
0.09343,1.00000,8.34571,1.00000,0.29290,2
0.06203,0.77778,19.78905,1.00000,0.00000,2
0.03558,0.91667,16.57847,1.00000,0.23060,2
0.08565,1.00000,16.57847,1.00000,0.23060,2
0.10294,1.00000,19.78905,1.00000,0.00000,2
0.08319,1.00000,10.00889,1.00000,0.22418,2
0.08814,1.00000,7.73138,1.00000,0.29345,2
0.08587,0.87500,19.78905,1.00000,0.00000,2
0.00843,1.00000,12.48588,1.00000,0.17294,2
0.06918,1.00000,12.48588,1.00000,0.17294,2
0.03146,0.94444,8.34571,1.00000,0.29290,2
0.08469,0.90000,19.78905,1.00000,0.00000,2
0.02793,1.00000,6.27538,1.00000,0.27747,2
0.06388,1.00000,12.48588,1.00000,0.17294,2
0.11035,1.00000,11.13035,1.00000,0.21098,2
0.09660,0.96154,7.73138,1.00000,0.29345,2
0.02985,1.00000,14.22589,1.00000,0.27259,2
0.06555,1.00000,19.78905,1.00000,0.00000,2
0.05194,0.81818,16.57847,1.00000,0.23060,2
0.05289,0.90000,19.78905,1.00000,0.00000,2
0.09308,1.00000,19.78905,1.00000,0.00000,2
0.00834,0.94118,12.48588,1.00000,0.17294,2
0.11371,0.91667,16.57846,1.00000,0.23060,2
0.11686,1.00000,16.57847,1.00000,0.23060,2
0.11340,0.92857,14.22589,1.00000,0.27259,2
0.09279,1.00000,10.00889,1.00000,0.22418,2
0.04628,0.96667,6.67552,1.00000,0.28128,2
0.03038,0.95000,7.73138,1.00000,0.29345,2
0.08573,1.00000,14.22589,1.00000,0.27259,2
0.09424,1.00000,6.67552,1.00000,0.28128,2
0.02307,0.95000,10.00889,1.00000,0.22418,2
0.09241,0.94444,10.00889,1.00000,0.22418,2
0.07125,0.95000,9.10303,1.00000,0.22603,2
0.06503,1.00000,16.57846,1.00000,0.23060,2
0.06024,1.00000,19.78905,1.00000,0.00000,2
0.06112,1.00000,9.10303,1.00000,0.22603,2
0.10335,0.93750,12.48588,1.00000,0.17294,2
0.04262,1.00000,9.10303,1.00000,0.22603,2
0.08462,0.90000,16.57847,1.00000,0.23060,2
0.11013,1.00000,8.34571,1.00000,0.29290,2
0.09305,0.90000,19.78905,1.00000,0.00000,2
0.05295,1.00000,11.13035,1.00000,0.21098,2
0.06130,0.96552,5.59047,1.00000,0.27914,2
0.05536,1.00000,6.67552,1.00000,0.28128,2
0.08114,0.78571,12.48588,1.00000,0.17294,2
0.02170,0.90909,16.57847,1.00000,0.23060,2
0.06623,0.92593,7.15665,1.00000,0.33985,2
0.10827,0.80000,19.78905,1.00000,0.00000,2
0.04944,0.94444,11.13035,1.00000,0.21098,2
0.01324,1.00000,10.00888,1.00000,0.22418,2
0.02940,1.00000,5.00960,1.00000,0.26582,2
0.01365,1.00000,19.78905,1.00000,0.00000,2
0.07719,1.00000,9.10303,1.00000,0.22603,2
0.11156,1.00000,12.48588,1.00000,0.17294,2
0.03753,1.00000,19.78905,1.00000,0.00000,2
0.09775,1.00000,19.78905,1.00000,0.00000,2
0.02610,1.00000,5.29685,1.00000,0.27342,2
0.06772,1.00000,7.73138,1.00000,0.29345,2
0.02264,1.00000,19.78906,1.00000,0.00000,2
0.02671,0.90000,16.57847,1.00000,0.23060,2
0.08855,1.00000,7.15665,1.00000,0.33985,2
0.00868,0.90000,19.78905,1.00000,0.00000,2
0.01615,0.91667,16.57847,1.00000,0.23060,2
0.02369,0.93750,12.48588,1.00000,0.17294,2
0.10297,0.95455,9.10303,1.00000,0.22603,2
0.08485,1.00000,6.27536,1.00000,0.27747,2
0.09699,1.00000,11.13035,1.00000,0.21098,2
0.11498,1.00000,5.89106,1.00000,0.27112,2
0.00953,1.00000,16.57847,1.00000,0.23060,2
0.02238,0.90000,19.78905,1.00000,0.00000,2
0.11125,0.81250,12.48588,1.00000,0.17294,2
0.01500,1.00000,19.78905,1.00000,0.00000,2
0.07140,0.92857,14.22588,1.00000,0.27259,2
0.09048,1.00000,9.10303,1.00000,0.22603,2
0.11452,1.00000,11.13035,1.00000,0.21098,2
0.02293,1.00000,6.27536,1.00000,0.27747,2
0.01049,0.93750,12.48588,1.00000,0.17294,2
0.06422,1.00000,5.29685,1.00000,0.27342,2
0.04823,1.00000,19.78906,1.00000,0.00000,2
0.03067,1.00000,10.00888,1.00000,0.22418,2
0.06792,1.00000,6.67552,1.00000,0.28128,2
0.03712,0.95000,10.00889,1.00000,0.22418,2
0.06162,1.00000,7.73138,1.00000,0.29345,2
0.04172,0.90000,19.78906,1.00000,0.00000,2
0.10277,1.00000,7.15665,1.00000,0.33985,2
0.07673,1.00000,14.22589,1.00000,0.27259,2
0.08111,0.86667,11.13035,1.00000,0.21098,2
0.07343,1.00000,19.78905,1.00000,0.00000,2
0.09065,1.00000,9.10303,1.00000,0.22603,2
0.03124,1.00000,16.57847,1.00000,0.23060,2
0.09786,1.00000,7.15665,1.00000,0.33985,2
0.10834,1.00000,14.22589,1.00000,0.27259,2
0.10154,1.00000,19.78905,1.00000,0.00000,2
0.06071,1.00000,7.73138,1.00000,0.29345,2
0.06185,0.90000,19.78905,1.00000,0.00000,2
0.03624,0.96667,5.89106,1.00000,0.27112,2
0.03317,1.00000,5.00960,1.00000,0.26582,2
0.07433,0.97297,5.00960,1.00000,0.26582,2
0.05317,1.00000,11.13035,1.00000,0.21098,2
0.11285,1.00000,14.22589,1.00000,0.27259,2
0.09783,1.00000,14.22589,1.00000,0.27259,2
0.09667,1.00000,11.13035,1.00000,0.21098,2
0.00894,0.87500,19.78906,1.00000,0.00000,2
0.04022,0.90000,19.78905,1.00000,0.00000,2
0.08217,1.00000,11.13035,1.00000,0.21098,2
0.11263,1.00000,19.78905,1.00000,0.00000,2
0.04736,0.90000,19.78905,1.00000,0.00000,2
0.02406,0.78571,14.22589,1.00000,0.27259,2
0.10043,0.96154,6.27536,1.00000,0.27747,2
0.06205,1.00000,19.78906,1.00000,0.00000,2
0.00780,1.00000,19.78905,1.00000,0.00000,2
0.08852,1.00000,12.48588,1.00000,0.17294,2
0.11637,1.00000,12.48588,1.00000,0.17294,2
0.08684,0.80000,19.78905,1.00000,0.00000,2
0.04615,0.90000,19.78905,1.00000,0.00000,2
0.05112,1.00000,14.22589,1.00000,0.27259,2
0.07541,1.00000,7.73138,1.00000,0.29345,2
0.01234,1.00000,10.00888,1.00000,0.22418,2
0.08253,1.00000,16.57847,1.00000,0.23060,2
0.07758,1.00000,8.34571,1.00000,0.29290,2
0.11308,1.00000,14.22589,1.00000,0.27259,2
0.09964,1.00000,8.34571,1.00000,0.29290,2
0.07241,1.00000,19.78905,1.00000,0.00000,2
0.04130,0.93750,12.48588,1.00000,0.17294,2
0.10374,1.00000,14.22589,1.00000,0.27259,2
0.09637,0.90000,19.78905,1.00000,0.00000,2
0.11682,1.00000,12.48588,1.00000,0.17294,2
0.08816,1.00000,11.13035,1.00000,0.21098,2
0.02996,1.00000,19.78906,1.00000,0.00000,2
0.01077,1.00000,19.78906,1.00000,0.00000,2
0.07680,1.00000,12.48588,1.00000,0.17294,2
0.09458,1.00000,19.78906,1.00000,0.00000,2
0.02484,0.96429,5.00960,1.00000,0.26582,2
0.09481,0.95238,9.10303,1.00000,0.22603,2
0.10739,1.00000,12.48588,1.00000,0.17294,2
0.08423,1.00000,11.13035,1.00000,0.21098,2
0.10583,1.00000,10.00889,1.00000,0.22418,2
0.01381,1.00000,10.00889,1.00000,0.22418,2
0.11669,1.00000,8.34571,1.00000,0.29290,2
0.05306,0.94118,10.00889,1.00000,0.22418,2
0.08004,1.00000,9.10303,1.00000,0.22603,2
0.02844,1.00000,14.22589,1.00000,0.27259,2
0.10740,1.00000,14.22589,1.00000,0.27259,2
0.04516,1.00000,9.10303,1.00000,0.22603,2
0.05035,1.00000,9.10303,1.00000,0.22603,2
0.01795,0.96154,6.67553,1.00000,0.28128,2
0.00915,0.90000,19.78905,1.00000,0.00000,2
0.06089,0.95833,8.34571,1.00000,0.29290,2
0.05915,1.00000,9.10303,1.00000,0.22603,2
0.01967,1.00000,5.59047,1.00000,0.27914,2
0.04119,0.93750,11.13035,1.00000,0.21098,2
0.09385,1.00000,7.15665,1.00000,0.33985,2
0.10532,1.00000,9.10303,1.00000,0.22603,2
0.06442,1.00000,19.78905,1.00000,0.00000,2
0.06874,0.93750,12.48588,1.00000,0.17294,2
0.11382,1.00000,5.00960,1.00000,0.26582,2
0.10476,1.00000,14.22589,1.00000,0.27259,2
0.07506,1.00000,14.22589,1.00000,0.27259,2
0.11018,0.90000,19.78905,1.00000,0.00000,2
0.00863,1.00000,16.57847,1.00000,0.23060,2
0.10154,1.00000,19.78905,1.00000,0.00000,2
0.01081,1.00000,7.15665,1.00000,0.33985,2
0.08918,1.00000,19.78905,1.00000,0.00000,2
0.09209,1.00000,12.48588,1.00000,0.17294,2
0.05896,0.81250,12.48588,1.00000,0.17294,2
0.03528,1.00000,19.78905,1.00000,0.00000,2
0.03466,0.81818,16.57847,1.00000,0.23060,2
0.03322,1.00000,19.78905,1.00000,0.00000,2
0.01952,1.00000,19.78905,1.00000,0.00000,2
0.04184,1.00000,6.27536,1.00000,0.27747,2
0.03472,1.00000,19.78905,1.00000,0.00000,2
0.09662,1.00000,10.00889,1.00000,0.22418,2
0.02037,0.90625,6.27536,1.00000,0.27747,2
0.07451,1.00000,11.13035,1.00000,0.21098,2
0.02281,0.93750,12.48588,1.00000,0.17294,2
0.05597,1.00000,14.22589,1.00000,0.27259,2
0.02912,1.00000,5.00960,1.00000,0.26582,2
0.05666,0.92308,14.22589,1.00000,0.27259,2
0.01966,1.00000,6.67552,1.00000,0.28128,2
0.05149,1.00000,14.22589,1.00000,0.27259,2
0.06557,1.00000,14.22588,1.00000,0.27259,2
0.07098,1.00000,19.78905,1.00000,0.00000,2
0.07077,0.83333,8.34571,1.00000,0.29290,2
0.08741,1.00000,7.15665,1.00000,0.33985,2
0.11382,1.00000,16.57847,1.00000,0.23060,2
0.06090,1.00000,11.13035,1.00000,0.21098,2
0.04270,1.00000,5.59047,1.00000,0.27914,2
0.08404,1.00000,19.78905,1.00000,0.00000,2
0.09823,1.00000,19.78905,1.00000,0.00000,2
0.10927,1.00000,12.48588,1.00000,0.17294,2
0.10355,0.96429,5.89106,1.00000,0.27112,2
0.05083,1.00000,12.48588,1.00000,0.17294,2
0.08111,1.00000,14.22589,1.00000,0.27259,2
0.10217,0.91667,16.57847,1.00000,0.23060,2
0.04630,1.00000,10.00889,1.00000,0.22418,2
0.02378,0.90000,19.78905,1.00000,0.00000,2
0.03529,0.95000,10.00889,1.00000,0.22418,2
0.07125,1.00000,8.34571,1.00000,0.29290,2
0.04557,1.00000,11.13035,1.00000,0.21098,2
0.10028,1.00000,5.29685,1.00000,0.27342,2
0.08717,1.00000,10.00889,1.00000,0.22418,2
0.09173,0.95833,5.89106,1.00000,0.27112,2
0.01360,1.00000,12.48588,1.00000,0.17294,2
0.03943,1.00000,11.13035,1.00000,0.21098,2
0.07891,0.89474,7.73138,1.00000,0.29345,2
0.06470,1.00000,9.10303,1.00000,0.22603,2
0.09761,0.87500,8.34571,1.00000,0.29290,2
0.06958,1.00000,11.13035,1.00000,0.21098,2
0.04421,1.00000,7.73138,1.00000,0.29345,2
0.10908,1.00000,6.67552,1.00000,0.28128,2
0.07944,0.90000,19.78905,1.00000,0.00000,2
0.10565,1.00000,19.78905,1.00000,0.00000,2
0.07184,1.00000,7.15665,1.00000,0.33985,2
0.02425,1.00000,19.78906,1.00000,0.00000,2
0.03785,0.95833,8.34571,1.00000,0.29290,2
0.03428,0.93750,12.48588,1.00000,0.17294,2
0.01031,1.00000,12.48588,1.00000,0.17294,2
0.10198,1.00000,19.78905,1.00000,0.00000,2
0.09742,1.00000,9.10303,1.00000,0.22603,2
0.06291,1.00000,10.00889,1.00000,0.22418,2
0.03706,1.00000,5.29685,1.00000,0.27342,2
0.05330,1.00000,12.48588,1.00000,0.17294,2
0.01355,1.00000,9.10303,1.00000,0.22603,2
0.06814,1.00000,16.57846,1.00000,0.23060,2
0.09636,0.90000,19.78905,1.00000,0.00000,2
0.11780,0.90000,14.22589,1.00000,0.27259,2
0.10576,1.00000,7.73138,1.00000,0.29345,2
0.00708,1.00000,9.10304,1.00000,0.22603,2
0.11689,0.94444,11.13035,1.00000,0.21098,2
0.03511,0.90000,16.57847,1.00000,0.23060,2
0.10814,0.91667,12.48588,1.00000,0.17294,2
0.04580,0.87500,19.78905,1.00000,0.00000,2
0.02512,0.93750,12.48588,1.00000,0.17294,2
0.03585,1.00000,11.13035,1.00000,0.21098,2
0.11735,0.81818,11.13035,1.00000,0.21098,2
0.08409,0.92857,14.22589,1.00000,0.27259,2
0.08368,1.00000,19.78905,1.00000,0.00000,2
0.09069,1.00000,19.78906,1.00000,0.00000,2
0.05682,1.00000,6.67552,1.00000,0.28128,2
0.09133,1.00000,11.13035,1.00000,0.21098,2
0.04565,1.00000,12.48588,1.00000,0.17294,2
0.11225,1.00000,11.13035,1.00000,0.21098,2
0.04331,1.00000,14.22589,1.00000,0.27259,2
0.01921,1.00000,11.13035,1.00000,0.21098,2
0.07000,1.00000,14.22589,1.00000,0.27259,2
0.01716,1.00000,19.78905,1.00000,0.00000,2
0.10044,1.00000,19.78905,1.00000,0.00000,2
0.06454,1.00000,12.48588,1.00000,0.17294,2
0.09339,1.00000,16.57847,1.00000,0.23060,2
0.00740,1.00000,9.10304,1.00000,0.22603,2
0.05198,1.00000,7.73138,1.00000,0.29345,2
0.11372,0.93750,12.48588,1.00000,0.17294,2
0.02497,1.00000,12.48588,1.00000,0.17294,2
0.04684,1.00000,16.57847,1.00000,0.23060,2
0.11773,0.93750,12.48588,1.00000,0.17294,2
0.08969,1.00000,19.78905,1.00000,0.00000,2
0.01287,1.00000,16.57847,1.00000,0.23060,2
0.10723,1.00000,16.57847,1.00000,0.23060,2
0.06920,1.00000,14.22589,1.00000,0.27259,2
0.03115,1.00000,19.78906,1.00000,0.00000,2
0.10976,1.00000,16.57846,1.00000,0.23060,2
0.05674,0.91667,16.57847,1.00000,0.23060,2
0.07708,0.81818,16.57847,1.00000,0.23060,2
0.04724,0.90000,16.57847,1.00000,0.23060,2
0.11080,0.94444,10.00889,1.00000,0.22418,2
0.09946,1.00000,14.22589,1.00000,0.27259,2
0.08837,0.94444,10.00889,1.00000,0.22418,2
0.05537,1.00000,6.67552,1.00000,0.28128,2
0.06609,1.00000,19.78906,1.00000,0.00000,2
0.03522,1.00000,7.73138,1.00000,0.29345,2
0.08882,1.00000,12.48588,1.00000,0.17294,2
0.09302,1.00000,11.13035,1.00000,0.21098,2
0.11429,0.90909,14.22589,1.00000,0.27259,2
0.11651,0.81818,16.57847,1.00000,0.23060,2
0.10547,0.96000,7.73138,1.00000,0.29345,2
0.07236,0.93103,5.89106,1.00000,0.27112,2
0.05318,1.00000,5.59047,1.00000,0.27914,2
0.09782,0.90909,16.57847,1.00000,0.23060,2
0.01029,1.00000,16.57847,1.00000,0.23060,2
0.06850,0.96429,6.27536,1.00000,0.27747,2
0.10224,1.00000,16.57847,1.00000,0.23060,2
0.06952,1.00000,9.10303,1.00000,0.22603,2
0.09133,1.00000,16.57847,1.00000,0.23060,2
0.02402,1.00000,16.57847,1.00000,0.23060,2
0.06946,1.00000,12.48588,1.00000,0.17294,2
0.06224,0.91667,16.57846,1.00000,0.23060,2
0.03798,1.00000,5.00960,1.00000,0.26582,2
0.09217,0.88235,11.13035,1.00000,0.21098,2
0.08601,0.86957,6.67552,1.00000,0.28128,2
0.03637,0.93750,12.48588,1.00000,0.17294,2
0.08818,1.00000,12.48588,1.00000,0.17294,2
0.05468,0.96875,5.29685,1.00000,0.27342,2
0.05065,1.00000,19.78905,1.00000,0.00000,2
0.03714,1.00000,7.73138,1.00000,0.29345,2
0.06816,1.00000,11.13035,1.00000,0.21098,2
0.05669,1.00000,19.78906,1.00000,0.00000,2
0.09778,1.00000,14.22589,1.00000,0.27259,2
0.05895,1.00000,14.22589,1.00000,0.27259,2
0.09530,0.84615,16.57847,1.00000,0.23060,2
0.03178,0.87500,19.78905,1.00000,0.00000,2
0.09860,0.93548,6.27536,1.00000,0.27747,2
0.05589,1.00000,5.89106,1.00000,0.27112,2
0.07603,1.00000,9.10303,1.00000,0.22603,2
0.01586,1.00000,19.78905,1.00000,0.00000,2
0.02766,0.90000,19.78906,1.00000,0.00000,2
0.07271,0.90476,9.10303,1.00000,0.22603,2
0.11237,0.94444,9.10303,1.00000,0.22603,2
0.10277,1.00000,14.22589,1.00000,0.27259,2
0.00712,1.00000,14.22589,1.00000,0.27259,2
0.09340,0.90000,16.57847,1.00000,0.23060,2
0.03894,0.94737,8.34571,1.00000,0.29290,2
0.07229,0.90000,19.78905,1.00000,0.00000,2
0.07575,1.00000,16.57847,1.00000,0.23060,2
0.05901,0.96429,7.15665,1.00000,0.33985,2
0.08931,1.00000,19.78905,1.00000,0.00000,2
0.10566,0.95833,7.15665,1.00000,0.33985,2
0.04798,0.93750,12.48588,1.00000,0.17294,2
0.05165,1.00000,5.89106,1.00000,0.27112,2
0.09359,0.90000,19.78905,1.00000,0.00000,2
0.03626,1.00000,10.00888,1.00000,0.22418,2
0.08794,1.00000,11.13035,1.00000,0.21098,2
0.10096,1.00000,10.00889,1.00000,0.22418,2
0.10187,0.96429,5.59047,1.00000,0.27914,2
0.06163,0.95455,7.15665,1.00000,0.33985,2
0.06486,1.00000,5.59047,1.00000,0.27914,2
0.05650,1.00000,11.13035,1.00000,0.21098,2
0.04363,1.00000,6.27536,1.00000,0.27747,2
0.09263,0.95455,8.34571,1.00000,0.29290,2
0.07873,1.00000,16.57846,1.00000,0.23060,2
0.03875,0.95918,21.52600,1.00000,0.06316,2
0.02898,1.00000,27.66508,1.00000,0.07330,2
0.03197,1.00000,29.55910,1.00000,0.08407,2
0.08290,0.94737,15.37179,1.00000,0.04314,2
0.09287,0.69565,28.59030,1.00000,0.07885,2
0.01154,1.00000,45.18853,1.00000,0.00000,2
0.03542,0.95455,31.98281,1.00000,0.00000,2
0.04848,1.00000,19.58603,1.00000,0.05139,2
0.05301,0.97959,21.52600,1.00000,0.06316,2
0.03498,0.95833,30.70619,1.00000,0.09162,2
0.02683,0.96970,26.07591,1.00000,0.06468,2
0.03202,1.00000,41.86625,1.00000,0.00000,2
0.05068,1.00000,23.53654,1.00000,0.05173,2
0.06420,1.00000,18.67671,1.00000,0.04744,2
0.03919,1.00000,22.54962,1.00000,0.04743,2
0.04046,1.00000,31.98280,1.00000,0.00000,2
0.06025,0.96774,26.89665,1.00000,0.06790,2
0.01599,1.00000,45.18857,1.00000,0.00000,2
0.04979,0.96552,19.84886,1.00000,0.05375,2
0.01661,0.93750,36.94872,1.00000,0.00000,2
0.06412,1.00000,23.03961,1.00000,0.04958,2
0.03136,1.00000,28.59026,1.00000,0.07885,2
0.01744,1.00000,39.16792,1.00000,0.00000,2
0.06785,1.00000,20.14409,1.00000,0.05528,2
0.05431,0.96552,27.66502,1.00000,0.07330,2
0.07968,0.98276,19.84885,1.00000,0.05375,2
0.04018,1.00000,24.13353,1.00000,0.05498,2
0.04267,0.95745,22.08116,1.00000,0.06633,2
0.04397,1.00000,26.07587,1.00000,0.06468,2
0.02016,1.00000,45.18857,1.00000,0.00000,2
0.02693,0.95455,31.98281,1.00000,0.00000,2
0.05067,1.00000,29.55911,1.00000,0.08407,2
0.08161,0.97436,16.80374,1.00000,0.04582,2
0.09847,1.00000,26.07587,1.00000,0.06468,2
0.06605,1.00000,19.84885,1.00000,0.05375,2
0.02427,1.00000,29.55911,1.00000,0.08407,2
0.03555,1.00000,26.07586,1.00000,0.06468,2
0.04695,1.00000,19.84882,1.00000,0.05375,2
0.03499,1.00000,31.98280,1.00000,0.00000,2
0.07768,1.00000,25.29707,1.00000,0.06035,2
0.05796,1.00000,18.67658,1.00000,0.04744,2
0.01891,1.00000,39.16791,1.00000,0.00000,2
0.08902,1.00000,19.84885,1.00000,0.05375,2
0.01747,1.00000,39.16797,1.00000,0.00000,2
0.09652,1.00000,26.07587,1.00000,0.06468,2
0.01176,1.00000,45.18838,1.00000,0.00000,2
0.08067,1.00000,20.75101,1.00000,0.05842,2
0.03745,1.00000,34.99891,1.00000,0.00000,2
0.02254,1.00000,45.18858,1.00000,0.00000,2
0.05872,0.96552,27.66502,1.00000,0.07330,2
0.04485,1.00000,27.66502,1.00000,0.07330,2
0.09530,0.96552,26.07586,1.00000,0.06468,2
0.08244,0.97222,17.85253,1.00000,0.05156,2
0.07187,1.00000,29.55910,1.00000,0.08407,2
0.02978,0.94118,34.99890,1.00000,0.00000,2
0.02688,1.00000,45.18857,1.00000,0.00000,2
0.03347,0.96970,26.07586,1.00000,0.06468,2
0.03498,1.00000,26.07586,1.00000,0.06468,2
0.03719,0.96875,26.89666,1.00000,0.06790,2
0.04582,1.00000,36.94872,1.00000,0.00000,2
0.08209,0.93421,16.52235,1.00000,0.04391,2
0.02919,1.00000,36.94872,1.00000,0.00000,2
0.04361,0.97727,22.54962,1.00000,0.04743,2
0.01853,0.87500,49.53868,1.00000,0.00000,2
0.04856,1.00000,30.70622,1.00000,0.09162,2
0.02686,1.00000,31.98282,1.00000,0.00000,2
0.09874,0.96774,19.30998,1.00000,0.04895,2
0.06167,1.00000,24.13352,1.00000,0.05498,2
0.07905,1.00000,21.24506,1.00000,0.06160,2
0.03380,0.92308,33.39297,1.00000,0.00000,2
0.02700,1.00000,41.86625,1.00000,0.00000,2
0.05106,0.90000,33.39291,1.00000,0.00000,2
0.01990,0.96154,29.55908,1.00000,0.08407,2
0.02312,1.00000,39.16791,1.00000,0.00000,2
0.03598,1.00000,29.55911,1.00000,0.08407,2
0.03124,1.00000,28.59028,1.00000,0.07885,2
0.03988,1.00000,29.55911,1.00000,0.08407,2
0.08655,0.95918,15.31495,1.00000,0.04310,2
0.03300,1.00000,41.86625,1.00000,0.00000,2
0.02086,1.00000,41.86625,1.00000,0.00000,2
0.03880,0.97674,22.54960,1.00000,0.04743,2
0.07402,1.00000,26.07587,1.00000,0.06468,2
0.01394,1.00000,49.53868,1.00000,0.00000,2
0.07743,1.00000,21.24507,1.00000,0.06160,2
0.05033,0.98182,20.14412,1.00000,0.05528,2
0.09068,0.97753,16.04115,1.00000,0.04203,2
0.05525,0.95238,31.98281,1.00000,0.00000,2
0.01443,1.00000,34.99895,1.00000,0.00000,2
0.06151,1.00000,23.03952,1.00000,0.04958,2
0.04077,1.00000,26.07588,1.00000,0.06468,2
0.07293,0.98413,19.30999,1.00000,0.04895,2
0.07662,0.98000,18.37144,1.00000,0.05539,2
0.04470,0.97436,24.13347,1.00000,0.05498,2
0.10137,1.00000,26.89665,1.00000,0.06790,2
0.02017,1.00000,34.99890,1.00000,0.00000,2
0.07996,0.97222,17.85255,1.00000,0.05156,2
0.07069,0.94872,24.13353,1.00000,0.05498,2
0.07378,1.00000,21.24507,1.00000,0.06160,2
0.08780,0.96154,17.18245,1.00000,0.04774,2
0.05009,1.00000,22.08113,1.00000,0.06633,2
0.01564,1.00000,49.53868,1.00000,0.00000,2
0.05660,0.95455,18.67672,1.00000,0.04744,2
0.05482,0.96970,26.07585,1.00000,0.06468,2
0.07647,1.00000,16.77320,1.00000,0.04584,2
0.06046,0.98305,19.58603,1.00000,0.05139,2
0.02685,1.00000,30.70619,1.00000,0.09162,2
0.07032,0.97143,25.29707,1.00000,0.06035,2
0.06349,0.98113,20.75101,1.00000,0.05842,2
0.05317,1.00000,23.03952,1.00000,0.04958,2
0.03774,1.00000,33.39291,1.00000,0.00000,2
0.08890,0.92157,21.24507,1.00000,0.06160,2
0.06119,1.00000,29.55910,1.00000,0.08407,2
0.09515,0.94915,19.84885,1.00000,0.05375,2
0.03056,0.91667,41.86626,1.00000,0.00000,2
0.04697,1.00000,22.54962,1.00000,0.04743,2
0.07225,1.00000,28.59028,1.00000,0.07885,2
0.00833,1.00000,45.18854,1.00000,0.00000,2
0.01577,1.00000,45.18860,1.00000,0.00000,2
0.05671,0.98276,19.84885,1.00000,0.05375,2
0.02618,1.00000,28.59024,1.00000,0.07885,2
0.00811,1.00000,63.93750,1.00000,0.00000,2
0.06375,1.00000,21.24508,1.00000,0.06160,2
0.09554,0.94624,15.69369,1.00000,0.04530,2
0.04484,0.97297,24.64534,1.00000,0.05712,2
0.06477,1.00000,20.75099,1.00000,0.05842,2
0.07247,0.96000,21.52599,1.00000,0.06316,2
0.03251,0.94444,34.99897,1.00000,0.00000,2
0.04085,1.00000,39.16790,1.00000,0.00000,2
0.01796,1.00000,33.39290,1.00000,0.00000,2
0.03171,1.00000,29.55911,1.00000,0.08407,2
0.07858,1.00000,25.29707,1.00000,0.06035,2
0.07577,1.00000,26.07587,1.00000,0.06468,2
0.07654,0.96970,26.07587,1.00000,0.06468,2
0.07356,1.00000,19.30997,1.00000,0.04895,2
0.09667,0.95918,21.52600,1.00000,0.06316,2
0.09616,0.97561,23.53655,1.00000,0.05173,2
0.09502,1.00000,15.81180,1.00000,0.04528,2
0.02447,1.00000,39.16791,1.00000,0.00000,2
0.03664,1.00000,26.89664,1.00000,0.06790,2
0.02721,0.95000,33.39292,1.00000,0.00000,2
0.03564,1.00000,23.53658,1.00000,0.05173,2
0.09187,0.97059,14.93381,1.00000,0.04099,2
0.07071,0.96774,19.30999,1.00000,0.04895,2
0.07329,0.94521,17.85253,1.00000,0.05156,2
0.06451,0.97872,22.08116,1.00000,0.06633,2
0.04981,0.96078,21.24506,1.00000,0.06160,2
0.05859,1.00000,19.84885,1.00000,0.05375,2
0.03189,0.90000,31.98281,1.00000,0.00000,2
0.01931,0.75000,49.53867,1.00000,0.00000,2
0.01921,1.00000,33.39287,1.00000,0.00000,2
0.03520,0.96552,26.89677,1.00000,0.06790,2
0.06192,0.95238,19.30999,1.00000,0.04895,2
0.05342,1.00000,20.75100,1.00000,0.05842,2
0.04205,1.00000,31.98281,1.00000,0.00000,2
0.01201,1.00000,45.18848,1.00000,0.00000,2
0.05388,0.97561,23.53655,1.00000,0.05173,2
0.09493,0.93478,15.81180,1.00000,0.04528,2
0.04930,1.00000,36.94872,1.00000,0.00000,2
0.05837,1.00000,26.89664,1.00000,0.06790,2
0.02866,1.00000,24.64535,1.00000,0.05712,2
0.07479,1.00000,20.14412,1.00000,0.05528,2
0.01350,1.00000,49.53868,1.00000,0.00000,2
0.01596,1.00000,34.99888,1.00000,0.00000,2
0.02187,1.00000,49.53869,1.00000,0.00000,2
0.05029,0.96552,27.66501,1.00000,0.07330,2
0.08207,0.98438,18.37146,1.00000,0.05539,2
0.07938,1.00000,18.10671,1.00000,0.05348,2
0.06783,0.97872,22.08116,1.00000,0.06633,2
0.08755,1.00000,20.48977,1.00000,0.05685,2
0.06782,1.00000,19.30998,1.00000,0.04895,2
0.02525,1.00000,26.89665,1.00000,0.06790,2
0.03220,0.97059,26.07586,1.00000,0.06468,2
0.08066,1.00000,29.55911,1.00000,0.08407,2
0.08240,1.00000,15.37180,1.00000,0.04314,2
0.01380,0.87500,49.53869,1.00000,0.00000,2
0.06717,0.97297,24.64534,1.00000,0.05712,2
0.05126,0.97561,23.53654,1.00000,0.05173,2
0.02619,1.00000,39.16791,1.00000,0.00000,2
0.09280,0.96721,19.30999,1.00000,0.04895,2
0.08183,0.98837,15.81181,1.00000,0.04528,2
0.06368,1.00000,20.75101,1.00000,0.05842,2
0.08844,1.00000,26.07583,1.00000,0.06468,2
0.05347,0.97143,25.29707,1.00000,0.06035,2
0.08430,1.00000,19.30998,1.00000,0.04895,2
0.03507,1.00000,33.39291,1.00000,0.00000,2
0.07577,1.00000,29.55910,1.00000,0.08407,2
0.07863,1.00000,20.48976,1.00000,0.05685,2
0.09740,0.95890,17.48856,1.00000,0.04964,2
0.08669,1.00000,29.55911,1.00000,0.08407,2
0.07460,0.96250,16.80374,1.00000,0.04582,2
0.00895,0.75000,63.93750,1.00000,0.00000,2
0.05783,1.00000,31.98281,1.00000,0.00000,2
0.00891,1.00000,45.18857,1.00000,0.00000,2
0.04889,0.94444,34.99890,1.00000,0.00000,2
0.05243,0.93750,26.07586,1.00000,0.06468,2
0.05122,0.97778,22.54968,1.00000,0.04743,2
0.07284,1.00000,21.24506,1.00000,0.06160,2
0.02048,0.95652,30.70620,1.00000,0.09162,2
0.06057,0.96875,18.10672,1.00000,0.05348,2
0.09232,0.92308,17.18246,1.00000,0.04774,2
0.03749,0.97368,24.64537,1.00000,0.05712,2
0.04098,1.00000,36.94872,1.00000,0.00000,2
0.02335,1.00000,30.70620,1.00000,0.09162,2
0.05694,1.00000,33.39290,1.00000,0.00000,2
0.05308,1.00000,20.14412,1.00000,0.05528,2
0.03933,1.00000,33.39294,1.00000,0.00000,2
0.03354,0.92857,39.16793,1.00000,0.00000,2
0.07758,1.00000,17.18247,1.00000,0.04774,2
0.08781,0.98485,18.67671,1.00000,0.04744,2
0.02862,1.00000,45.18857,1.00000,0.00000,2
0.06825,0.94203,18.37145,1.00000,0.05539,2
0.05185,1.00000,34.99875,1.00000,0.00000,2
0.07412,1.00000,20.48976,1.00000,0.05685,2
0.07809,0.97222,17.85253,1.00000,0.05156,2
0.00668,1.00000,55.38501,1.00000,0.00000,2
0.08112,0.98214,20.14412,1.00000,0.05528,2
0.02605,0.90909,31.98284,1.00000,0.00000,2
0.05244,0.94737,20.48988,1.00000,0.05685,2
0.03871,1.00000,31.98281,1.00000,0.00000,2
0.07632,0.97297,17.41442,1.00000,0.04966,2
0.06723,0.97436,17.18245,1.00000,0.04774,2
0.07820,1.00000,28.59028,1.00000,0.07885,2
0.03087,1.00000,26.89662,1.00000,0.06790,2
0.03959,1.00000,28.59028,1.00000,0.07885,2
0.02320,1.00000,31.98269,1.00000,0.00000,2
0.06991,1.00000,19.30998,1.00000,0.04895,2
0.02957,0.93750,36.94870,1.00000,0.00000,2
0.04134,1.00000,24.64532,1.00000,0.05712,2
0.07773,1.00000,23.53655,1.00000,0.05173,2
0.09428,0.94366,18.10671,1.00000,0.05348,2
0.09511,0.97778,22.54962,1.00000,0.04743,2
0.02582,1.00000,26.89654,1.00000,0.06790,2
0.02297,1.00000,31.98281,1.00000,0.00000,2
0.06786,0.98113,20.75103,1.00000,0.05842,2
0.02729,1.00000,28.59030,1.00000,0.07885,2
0.06701,0.95714,18.10671,1.00000,0.05348,2
0.08050,0.95402,16.17338,1.00000,0.04201,2
0.08693,0.96739,15.41621,1.00000,0.04312,2
0.07266,0.97183,18.10672,1.00000,0.05348,2
0.07256,0.96250,16.80375,1.00000,0.04582,2
0.00780,0.90000,45.18858,1.00000,0.00000,2
0.06626,0.95238,19.30997,1.00000,0.04895,2
0.09624,0.96491,20.14412,1.00000,0.05528,2
0.05414,0.95918,21.52600,1.00000,0.06316,2
0.09599,1.00000,22.54962,1.00000,0.04743,2
0.09679,0.94444,17.85253,1.00000,0.05156,2
0.08268,1.00000,22.08116,1.00000,0.06633,2
0.01318,1.00000,45.18857,1.00000,0.00000,2
0.01357,1.00000,49.53869,1.00000,0.00000,2
0.08893,0.92135,16.04115,1.00000,0.04203,2
0.05674,0.98182,20.48976,1.00000,0.05685,2
0.04479,1.00000,26.07586,1.00000,0.06468,2
0.06864,0.96552,26.89665,1.00000,0.06790,2
0.05645,1.00000,24.13351,1.00000,0.05498,2
0.06022,0.94521,17.85254,1.00000,0.05156,2
0.02704,1.00000,33.39291,1.00000,0.00000,2
0.08858,0.97959,21.52599,1.00000,0.06316,2
0.08674,0.95652,15.81181,1.00000,0.04528,2
0.07621,1.00000,16.77300,1.00000,0.04584,2
0.07040,1.00000,21.52599,1.00000,0.06316,2
0.08567,0.98507,18.37145,1.00000,0.05539,2
0.04755,0.98182,19.84886,1.00000,0.05375,2
0.01556,1.00000,36.94872,1.00000,0.00000,2
0.08884,0.96610,19.84885,1.00000,0.05375,2
0.04533,1.00000,20.48991,1.00000,0.05685,2
0.07715,0.98810,16.04115,1.00000,0.04203,2
0.00854,1.00000,55.38501,1.00000,0.00000,2
0.05766,0.70588,30.70621,1.00000,0.09162,2
0.04453,1.00000,31.98282,1.00000,0.00000,2
0.03245,1.00000,24.13349,1.00000,0.05498,2
0.08985,1.00000,16.17338,1.00000,0.04201,2
0.06594,1.00000,28.59027,1.00000,0.07885,2
0.06503,0.97959,21.52599,1.00000,0.06316,2
0.05132,1.00000,21.52600,1.00000,0.06316,2
0.08311,0.96875,19.00126,1.00000,0.04823,2
0.09533,0.97468,16.80374,1.00000,0.04582,2
0.05468,0.94737,20.14412,1.00000,0.05528,2
0.08963,1.00000,27.66502,1.00000,0.07330,2
0.09305,1.00000,26.07588,1.00000,0.06468,2
0.05467,1.00000,19.00125,1.00000,0.04823,2
0.05138,1.00000,20.48977,1.00000,0.05685,2
0.08081,1.00000,21.24506,1.00000,0.06160,2
0.08851,0.93617,15.69369,1.00000,0.04530,2
0.03878,0.96774,26.89665,1.00000,0.06790,2
0.08177,0.96226,20.75101,1.00000,0.05842,2
0.06876,1.00000,28.59028,1.00000,0.07885,2
0.06900,0.93443,19.30998,1.00000,0.04895,2
0.05108,1.00000,24.64535,1.00000,0.05712,2
0.08989,1.00000,19.58603,1.00000,0.05139,2
0.05545,0.95238,31.98281,1.00000,0.00000,2
0.07268,1.00000,20.75089,1.00000,0.05842,2
0.07102,1.00000,30.70620,1.00000,0.09162,2
0.08787,1.00000,26.89666,1.00000,0.06790,2
0.08256,0.96471,16.52234,1.00000,0.04391,2
0.03030,1.00000,26.07589,1.00000,0.06468,2
0.09698,1.00000,21.24507,1.00000,0.06160,2
0.02035,1.00000,30.70600,1.00000,0.09162,2
0.02174,1.00000,28.59028,1.00000,0.07885,2
0.06383,0.97059,18.37146,1.00000,0.05539,2
0.02649,1.00000,33.39290,1.00000,0.00000,2
0.04545,1.00000,36.94870,1.00000,0.00000,2
0.02958,1.00000,28.59027,1.00000,0.07885,2
0.05126,0.98113,20.75102,1.00000,0.05842,2
0.01626,1.00000,36.94861,1.00000,0.00000,2
0.08727,0.96296,16.77318,1.00000,0.04584,2
0.05041,1.00000,27.66501,1.00000,0.07330,2
0.06673,1.00000,27.66497,1.00000,0.07330,2
0.04715,1.00000,25.29707,1.00000,0.06035,2
0.01785,0.80000,49.53868,1.00000,0.00000,2
0.09664,1.00000,14.93380,1.00000,0.04099,2
0.08652,0.93478,15.81180,1.00000,0.04528,2
0.06265,1.00000,20.48977,1.00000,0.05685,2
0.05795,1.00000,18.67669,1.00000,0.04744,2
0.08476,1.00000,29.55917,1.00000,0.08407,2
0.05695,1.00000,26.07587,1.00000,0.06468,2
0.08558,1.00000,15.05616,1.00000,0.04097,2
0.09511,0.97500,16.80373,1.00000,0.04582,2
0.07053,0.96341,16.77318,1.00000,0.04584,2
0.01766,1.00000,39.16789,1.00000,0.00000,2
0.05845,0.97143,25.29706,1.00000,0.06035,2
0.05937,0.94203,18.37150,1.00000,0.05539,2
0.04840,0.97436,24.13353,1.00000,0.05498,2
0.09263,0.97143,25.29707,1.00000,0.06035,2
0.07790,0.98551,18.37145,1.00000,0.05539,2
0.09186,1.00000,21.24507,1.00000,0.06160,2
0.03346,0.96667,27.66503,1.00000,0.07330,2
0.02885,0.96774,26.89665,1.00000,0.06790,2
0.03783,1.00000,24.13352,1.00000,0.05498,2
0.01999,0.90909,41.86625,1.00000,0.00000,2
0.04456,1.00000,21.52617,1.00000,0.06316,2
0.08511,0.95699,15.69369,1.00000,0.04530,2
0.07549,1.00000,18.67672,1.00000,0.04744,2
0.04203,1.00000,26.89665,1.00000,0.06790,2
0.01911,1.00000,31.98280,1.00000,0.00000,2
0.07215,1.00000,16.77321,1.00000,0.04584,2
0.04273,1.00000,36.94872,1.00000,0.00000,2
0.07989,1.00000,18.37145,1.00000,0.05539,2
0.06581,0.96774,19.30998,1.00000,0.04895,2
0.02619,0.95455,31.98285,1.00000,0.00000,2
0.01414,0.94444,34.99891,1.00000,0.00000,2
0.03859,0.96429,28.59029,1.00000,0.07885,2
0.07211,1.00000,24.13353,1.00000,0.05498,2
0.01379,1.00000,39.16789,1.00000,0.00000,2
0.03256,0.96970,26.07586,1.00000,0.06468,2
0.08218,1.00000,21.52603,1.00000,0.06316,2
0.02712,0.96296,28.59029,1.00000,0.07885,2
0.07656,1.00000,19.00125,1.00000,0.04823,2
0.02949,1.00000,29.55911,1.00000,0.08407,2
0.03995,1.00000,31.98281,1.00000,0.00000,2
0.02156,1.00000,30.70614,1.00000,0.09162,2
0.03803,0.96774,26.89664,1.00000,0.06790,2
0.02341,0.87500,49.53869,1.00000,0.00000,2
0.03470,0.97436,24.13352,1.00000,0.05498,2
0.09136,1.00000,27.66502,1.00000,0.07330,2
0.01616,1.00000,33.39291,1.00000,0.00000,2
0.01477,0.87500,49.53869,1.00000,0.00000,2
0.04012,1.00000,31.98279,1.00000,0.00000,2
0.06649,0.94366,18.10670,1.00000,0.05348,2
0.08114,0.96364,20.48976,1.00000,0.05685,2
0.04446,0.97872,22.08116,1.00000,0.06633,2
0.05957,0.95652,22.54962,1.00000,0.04743,2
0.04876,0.95000,33.39290,1.00000,0.00000,2
0.09266,0.96667,15.81180,1.00000,0.04528,2
0.04221,0.95000,31.98281,1.00000,0.00000,2
0.07140,0.93902,16.77319,1.00000,0.04584,2
0.07972,0.97297,17.48857,1.00000,0.04964,2
0.01795,1.00000,39.16790,1.00000,0.00000,2
0.04507,0.97674,23.03951,1.00000,0.04958,2
0.08379,0.97143,18.10672,1.00000,0.05348,2
0.05614,0.98387,19.30999,1.00000,0.04895,2
0.07236,0.93651,18.67671,1.00000,0.04744,2
0.08340,0.98039,21.24506,1.00000,0.06160,2
0.01417,1.00000,49.53867,1.00000,0.00000,2
0.09388,0.97143,14.60883,1.00000,0.03880,2
0.08173,1.00000,21.52599,1.00000,0.06316,2
0.09575,0.95506,15.81180,1.00000,0.04528,2
0.03790,1.00000,29.55910,1.00000,0.08407,2
0.04473,1.00000,23.53656,1.00000,0.05173,2
0.03705,0.97674,23.03952,1.00000,0.04958,2
0.07627,1.00000,25.29707,1.00000,0.06035,2
0.01350,1.00000,49.53869,1.00000,0.00000,2
0.00885,1.00000,45.18857,1.00000,0.00000,2
0.07978,0.96386,16.52234,1.00000,0.04391,2
0.07972,0.94545,20.48976,1.00000,0.05685,2
0.09395,1.00000,27.66502,1.00000,0.07330,2
0.09113,1.00000,19.58603,1.00000,0.05139,2
0.06059,0.96970,18.67669,1.00000,0.04744,2
0.04341,0.94872,24.13353,1.00000,0.05498,2
0.09289,0.95455,16.04114,1.00000,0.04203,2
0.00798,1.00000,55.38501,1.00000,0.00000,2
0.03665,0.95556,22.54962,1.00000,0.04743,2
0.00604,0.75000,63.93750,1.00000,0.00000,2
0.02792,1.00000,33.39291,1.00000,0.00000,2
0.07601,0.94737,17.18245,1.00000,0.04774,2
0.00571,1.00000,55.38502,1.00000,0.00000,2
0.07302,0.92500,23.53655,1.00000,0.05173,2
0.06767,1.00000,25.29709,1.00000,0.06035,2
0.07784,1.00000,29.55910,1.00000,0.08407,2
0.07452,0.97403,17.18247,1.00000,0.04774,2
0.05081,1.00000,22.08115,1.00000,0.06633,2
0.04953,1.00000,29.55910,1.00000,0.08407,2
0.03510,1.00000,25.29708,1.00000,0.06035,2
0.02659,1.00000,31.98281,1.00000,0.00000,2
0.03330,1.00000,25.29707,1.00000,0.06035,2
0.08472,1.00000,18.37144,1.00000,0.05539,2
0.01330,1.00000,39.16791,1.00000,0.00000,2
0.02114,1.00000,39.16791,1.00000,0.00000,2
0.08902,1.00000,26.07586,1.00000,0.06468,2
0.08549,0.96825,18.37145,1.00000,0.05539,2
0.03971,1.00000,30.70620,1.00000,0.09162,2
0.05540,1.00000,26.07587,1.00000,0.06468,2
0.02669,1.00000,34.99891,1.00000,0.00000,2
0.05007,0.95000,19.84884,1.00000,0.05375,2
0.03479,0.97143,25.29708,1.00000,0.06035,2
0.01656,1.00000,55.38502,1.00000,0.00000,2
0.06387,1.00000,26.89668,1.00000,0.06790,2
0.05464,1.00000,19.30999,1.00000,0.04895,2
0.09234,1.00000,16.77318,1.00000,0.04584,2
0.05805,0.96970,24.13357,1.00000,0.05498,2
0.07881,0.98851,16.04116,1.00000,0.04203,2
0.02231,1.00000,36.94872,1.00000,0.00000,2
0.00988,1.00000,55.38502,1.00000,0.00000,2
0.08797,1.00000,18.10672,1.00000,0.05348,2
0.05876,1.00000,31.98282,1.00000,0.00000,2
0.01897,1.00000,33.39291,1.00000,0.00000,2
0.02099,1.00000,33.39292,1.00000,0.00000,2
0.09131,0.96429,20.14412,1.00000,0.05528,2
0.04825,0.96226,20.75103,1.00000,0.05842,2
0.08281,1.00000,20.14408,1.00000,0.05528,2
0.03895,0.94737,33.39291,1.00000,0.00000,2
0.08153,1.00000,18.66880,1.00000,0.04756,2
0.08506,1.00000,18.66881,1.00000,0.04756,2
0.01277,1.00000,49.51284,1.00000,0.00000,2
0.06370,1.00000,21.53039,1.00000,0.06316,2
0.02479,1.00000,45.22165,1.00000,0.00000,2
0.02510,1.00000,31.98282,1.00000,0.00000,2
0.02111,0.95833,30.68360,1.00000,0.09162,2
0.09035,0.98333,19.58603,1.00000,0.05053,2
0.06274,1.00000,25.29710,1.00000,0.06035,2
0.08012,1.00000,26.70840,1.00000,0.06790,2
0.03822,0.87500,28.58169,1.00000,0.07812,2
0.07977,1.00000,22.06109,1.00000,0.06633,2
0.06094,0.98529,18.35474,1.00000,0.05539,2
0.09798,0.95745,15.67604,1.00000,0.04530,2
0.03069,1.00000,34.99891,1.00000,0.00000,2
0.09258,1.00000,15.35229,1.00000,0.04314,2
0.02151,0.95455,31.98284,1.00000,0.00000,2
0.06866,0.97778,22.06107,1.00000,0.06633,2
0.04273,1.00000,31.98280,1.00000,0.00000,2
0.04597,1.00000,20.75101,1.00000,0.05842,2
0.02261,1.00000,34.99890,1.00000,0.00000,2
0.04861,1.00000,25.29708,1.00000,0.06035,2
0.07593,1.00000,16.15976,1.00000,0.04201,2
0.02943,1.00000,26.70859,1.00000,0.06790,2
0.02883,1.00000,45.22162,1.00000,0.00000,2
0.08945,1.00000,26.70840,1.00000,0.06790,2
0.04929,0.90476,23.01509,1.00000,0.04958,2
0.09516,0.95652,22.06107,1.00000,0.06633,2
0.06036,1.00000,23.52257,1.00000,0.05173,2
0.08174,1.00000,17.83435,1.00000,0.05156,2
0.05755,0.98113,20.75103,1.00000,0.05842,2
0.07580,0.98361,19.58603,1.00000,0.05053,2
0.00972,1.00000,55.38501,1.00000,0.00000,2
0.05175,0.96610,19.83958,1.00000,0.05388,2
0.03592,0.90909,41.86625,1.00000,0.00000,2
0.04720,1.00000,31.98281,1.00000,0.00000,2
0.01550,1.00000,39.15357,1.00000,0.00000,2
0.06825,1.00000,26.70843,1.00000,0.06790,2
0.05325,1.00000,26.70840,1.00000,0.06790,2
0.02550,1.00000,31.98283,1.00000,0.00000,2
0.08327,0.98925,15.41152,1.00000,0.04312,2
0.03329,1.00000,31.98280,1.00000,0.00000,2
0.07703,0.96610,19.83959,1.00000,0.05388,2
0.04685,0.97143,25.29707,1.00000,0.06035,2
0.06856,0.97917,21.53055,1.00000,0.06316,2
0.03602,0.96552,27.64553,1.00000,0.07330,2
0.03518,0.91667,41.86625,1.00000,0.00000,2
0.05873,1.00000,22.06107,1.00000,0.06633,2
0.02442,1.00000,27.64553,1.00000,0.07330,2
0.01909,1.00000,45.22166,1.00000,0.00000,2
0.01656,0.87500,49.51284,1.00000,0.00000,2
0.02595,1.00000,26.70840,1.00000,0.06790,2
0.08058,0.98387,19.01902,1.00000,0.04895,2
0.08712,0.95556,22.52502,1.00000,0.04743,2
0.08568,0.94048,16.51190,1.00000,0.04391,2
0.05284,0.96364,20.46698,1.00000,0.05685,2
0.01307,0.92857,39.15362,1.00000,0.00000,2
0.07851,0.94872,24.11869,1.00000,0.05498,2
0.09174,0.92593,14.63006,1.00000,0.03882,2
0.07225,1.00000,18.35475,1.00000,0.05539,2
0.08599,1.00000,26.05842,1.00000,0.06468,2
0.04140,1.00000,22.52503,1.00000,0.04743,2
0.05368,0.92857,20.12407,1.00000,0.05528,2
0.01627,1.00000,33.36922,1.00000,0.00000,2
0.04599,1.00000,24.11868,1.00000,0.05498,2
0.09258,1.00000,15.35229,1.00000,0.04314,2
0.05116,0.96364,20.46698,1.00000,0.05685,2
0.07742,0.96774,26.70840,1.00000,0.06790,2
0.03245,0.97059,25.29707,1.00000,0.06035,2
0.02993,1.00000,36.84534,1.00000,0.00000,2
0.07905,1.00000,26.05842,1.00000,0.06468,2
0.02482,0.96296,28.58170,1.00000,0.07812,2
0.04948,0.97561,23.52256,1.00000,0.05173,2
0.04925,0.93333,36.84538,1.00000,0.00000,2
0.07484,1.00000,17.83443,1.00000,0.05156,2
0.06666,1.00000,17.16248,1.00000,0.04774,2
0.04897,0.93878,21.53056,1.00000,0.06316,2
0.03342,0.95238,23.01509,1.00000,0.04958,2
0.04255,1.00000,39.15357,1.00000,0.00000,2
0.04877,0.97727,22.06107,1.00000,0.06633,2
0.03070,1.00000,31.98281,1.00000,0.00000,2
0.04280,1.00000,36.84538,1.00000,0.00000,2
0.08876,0.97333,17.39832,1.00000,0.04967,2
0.06856,1.00000,21.53056,1.00000,0.06316,2
0.01541,1.00000,55.38502,1.00000,0.00000,2
0.08743,0.90196,15.04052,1.00000,0.04097,2
0.00971,1.00000,63.93750,1.00000,0.00000,2
0.05332,0.95918,21.53058,1.00000,0.06316,2
0.08089,0.93750,16.80594,1.00000,0.04582,2
0.00850,0.87500,49.51278,1.00000,0.00000,2
0.09364,0.96923,18.35474,1.00000,0.05539,2
0.07858,1.00000,27.64553,1.00000,0.07330,2
0.01170,1.00000,49.51284,1.00000,0.00000,2
0.07495,1.00000,16.02575,1.00000,0.04203,2
0.03074,1.00000,41.86625,1.00000,0.00000,2
0.06809,0.98387,19.01902,1.00000,0.04895,2
0.08489,1.00000,28.58170,1.00000,0.07812,2
0.05491,1.00000,29.54988,1.00000,0.08407,2
0.09008,0.97561,23.52256,1.00000,0.05173,2
0.07851,0.97436,24.11870,1.00000,0.05498,2
0.03038,1.00000,33.36921,1.00000,0.00000,2
0.08036,0.97143,24.64534,1.00000,0.05712,2
0.06806,0.98571,18.08485,1.00000,0.05348,2
0.02774,1.00000,41.86626,1.00000,0.00000,2
0.08789,0.97826,22.06107,1.00000,0.06633,2
0.02035,1.00000,36.84533,1.00000,0.00000,2
0.05584,1.00000,26.70839,1.00000,0.06790,2
0.02844,0.96667,27.64551,1.00000,0.07330,2
0.03931,0.97297,24.64534,1.00000,0.05712,2
0.04368,1.00000,25.29707,1.00000,0.06035,2
0.01643,1.00000,45.22165,1.00000,0.00000,2
0.09245,0.90625,19.00126,1.00000,0.04737,2
0.03769,1.00000,24.64535,1.00000,0.05712,2
0.01239,1.00000,45.22166,1.00000,0.00000,2
0.08848,1.00000,25.29707,1.00000,0.06035,2
0.04273,1.00000,31.98282,1.00000,0.00000,2
0.02993,1.00000,36.84527,1.00000,0.00000,2
0.01472,0.90000,45.22165,1.00000,0.00000,2
0.03463,0.97143,25.29707,1.00000,0.06035,2
0.08847,0.97000,15.04051,1.00000,0.04097,2
0.04535,1.00000,36.84538,1.00000,0.00000,2
0.04853,0.95349,23.01508,1.00000,0.04958,2
0.05977,0.97561,23.52255,1.00000,0.05173,2
0.05300,1.00000,20.12407,1.00000,0.05528,2
0.09515,0.96667,19.58603,1.00000,0.05053,2
0.03437,1.00000,34.99890,1.00000,0.00000,2
0.00801,1.00000,49.51286,1.00000,0.00000,2
0.09312,1.00000,20.46699,1.00000,0.05685,2
0.08876,1.00000,16.51190,1.00000,0.04391,2
0.02150,1.00000,36.84541,1.00000,0.00000,2
0.05548,1.00000,31.98281,1.00000,0.00000,2
0.07905,1.00000,26.05843,1.00000,0.06468,2
0.03526,0.97297,24.64534,1.00000,0.05712,2
0.04951,1.00000,26.05842,1.00000,0.06468,2
0.00719,0.75000,63.93751,1.00000,0.00000,2
0.07852,1.00000,19.01902,1.00000,0.04895,2
0.02469,1.00000,39.15354,1.00000,0.00000,2
0.07760,1.00000,16.51190,1.00000,0.04391,2
0.03966,1.00000,34.99889,1.00000,0.00000,2
0.08138,0.98413,19.00126,1.00000,0.04737,2
0.04864,1.00000,34.99891,1.00000,0.00000,2
0.06726,0.97959,21.22201,1.00000,0.06160,2
0.00826,1.00000,45.22165,1.00000,0.00000,2
0.08201,1.00000,19.01902,1.00000,0.04895,2
0.07351,1.00000,24.11870,1.00000,0.05498,2
0.08195,1.00000,21.22201,1.00000,0.06160,2
0.05082,1.00000,33.36922,1.00000,0.00000,2
0.09145,1.00000,23.52256,1.00000,0.05173,2
0.04526,1.00000,24.11871,1.00000,0.05498,2
0.00920,1.00000,41.86627,1.00000,0.00000,2
0.05916,1.00000,19.83958,1.00000,0.05388,2
0.02963,1.00000,34.99892,1.00000,0.00000,2
0.08876,0.98765,16.51190,1.00000,0.04391,2
0.03385,1.00000,24.11871,1.00000,0.05498,2
0.06050,0.93651,19.01902,1.00000,0.04895,2
0.01754,1.00000,34.99891,1.00000,0.00000,2
0.06201,1.00000,31.98281,1.00000,0.00000,2
0.01601,1.00000,55.38502,1.00000,0.00000,2
0.02748,1.00000,33.36923,1.00000,0.00000,2
0.06302,1.00000,22.06105,1.00000,0.06633,2
0.05473,1.00000,20.12399,1.00000,0.05528,2
0.00723,0.87500,49.51286,1.00000,0.00000,2
0.06948,0.98701,17.16248,1.00000,0.04774,2
0.02029,0.94737,33.36920,1.00000,0.00000,2
0.08035,1.00000,26.05842,1.00000,0.06468,2
0.04280,1.00000,36.84538,1.00000,0.00000,2
0.06707,1.00000,23.52256,1.00000,0.05173,2
0.08578,0.98413,19.00126,1.00000,0.04737,2
0.06495,0.95238,23.01509,1.00000,0.04958,2
0.07617,0.95181,16.51189,1.00000,0.04391,2
0.07439,0.97101,18.08489,1.00000,0.05348,2
0.00936,0.90000,45.22167,1.00000,0.00000,2
0.07829,0.96053,17.39832,1.00000,0.04967,2
0.05901,1.00000,30.68362,1.00000,0.09162,2
0.06752,1.00000,17.39832,1.00000,0.04967,2
0.02420,1.00000,41.86625,1.00000,0.00000,2
0.03044,1.00000,28.58170,1.00000,0.07812,2
0.01130,0.90000,45.22166,1.00000,0.00000,2
0.08373,0.96610,19.83958,1.00000,0.05388,2
0.08221,0.96512,16.15976,1.00000,0.04201,2
0.05265,1.00000,26.70840,1.00000,0.06790,2
0.06911,1.00000,19.01897,1.00000,0.04895,2
0.01454,1.00000,36.84537,1.00000,0.00000,2
0.02833,1.00000,34.99890,1.00000,0.00000,2
0.06933,0.92308,16.51191,1.00000,0.04391,2
0.02146,1.00000,41.86626,1.00000,0.00000,2
0.06860,1.00000,27.64537,1.00000,0.07330,2
0.06896,1.00000,18.08485,1.00000,0.05348,2
0.08947,1.00000,22.52502,1.00000,0.04743,2
0.02167,1.00000,33.36923,1.00000,0.00000,2
0.09580,1.00000,23.52256,1.00000,0.05173,2
0.08386,0.97674,23.01508,1.00000,0.04958,2
0.02105,1.00000,39.15356,1.00000,0.00000,2
0.04243,1.00000,29.54986,1.00000,0.08407,2
0.02247,1.00000,28.58170,1.00000,0.07812,2
0.02037,1.00000,30.68358,1.00000,0.09162,2
0.04677,0.93750,26.70841,1.00000,0.06790,2
0.07032,0.95714,17.16250,1.00000,0.04774,2
0.03041,1.00000,31.98280,1.00000,0.00000,2
0.09700,0.96970,15.31031,1.00000,0.04287,2
0.07376,0.90789,16.15975,1.00000,0.04201,2
0.04053,0.96429,28.58170,1.00000,0.07812,2
0.02471,1.00000,31.98281,1.00000,0.00000,2
0.09698,1.00000,26.70840,1.00000,0.06790,2
0.07316,1.00000,26.05842,1.00000,0.06468,2
0.04697,1.00000,22.52502,1.00000,0.04743,2
0.07075,0.97619,23.01509,1.00000,0.04958,2
0.01158,1.00000,49.51286,1.00000,0.00000,2
0.01123,1.00000,49.51281,1.00000,0.00000,2
0.03658,1.00000,33.36921,1.00000,0.00000,2
0.03921,1.00000,39.15357,1.00000,0.00000,2
0.05519,0.97561,22.52502,1.00000,0.04743,2
0.07769,0.97674,23.01509,1.00000,0.04958,2
0.00968,1.00000,49.51284,1.00000,0.00000,2
0.07209,0.97436,17.16249,1.00000,0.04774,2
0.07213,0.98333,19.58603,1.00000,0.05053,2
0.07614,1.00000,26.70840,1.00000,0.06790,2
0.04444,1.00000,21.53055,1.00000,0.06316,2
0.02917,0.93750,36.84537,1.00000,0.00000,2
0.08925,0.96591,15.80000,1.00000,0.04528,2
0.08829,0.96721,19.01902,1.00000,0.04895,2
0.05949,0.97917,21.53055,1.00000,0.06316,2
0.06675,0.96721,19.58603,1.00000,0.05053,2
0.09631,0.94118,18.35474,1.00000,0.05539,2
0.09449,0.91358,16.80594,1.00000,0.04582,2
0.07886,0.93617,22.06105,1.00000,0.06633,2
0.06766,0.88235,25.29707,1.00000,0.06035,2
0.04679,1.00000,20.12408,1.00000,0.05528,2
0.06274,0.97143,25.29707,1.00000,0.06035,2
0.08798,1.00000,19.83958,1.00000,0.05388,2
0.03860,1.00000,26.05842,1.00000,0.06468,2
0.08307,1.00000,26.05841,1.00000,0.06468,2
0.03693,1.00000,23.01508,1.00000,0.04958,2
0.05134,1.00000,22.52502,1.00000,0.04743,2
0.06607,1.00000,21.22202,1.00000,0.06160,2
0.08417,0.97059,25.29707,1.00000,0.06035,2
0.07240,1.00000,25.29707,1.00000,0.06035,2
0.09580,0.97619,23.52255,1.00000,0.05173,2
0.07493,0.95714,18.08488,1.00000,0.05348,2
0.03234,0.91892,24.64535,1.00000,0.05712,2
0.05465,0.97297,24.64535,1.00000,0.05712,2
0.04836,1.00000,24.64534,1.00000,0.05712,2
0.08566,0.95294,16.38237,1.00000,0.04394,2
0.07701,0.95833,17.83444,1.00000,0.05156,2
0.07180,1.00000,29.54986,1.00000,0.08407,2
0.08876,1.00000,23.52256,1.00000,0.05173,2
0.03486,1.00000,25.29707,1.00000,0.06035,2
0.03773,0.92857,39.15358,1.00000,0.00000,2
0.01416,0.75000,34.99891,1.00000,0.00000,2
0.05085,1.00000,21.22203,1.00000,0.06160,2
0.01666,0.83333,55.38502,1.00000,0.00000,2
0.04647,1.00000,27.64552,1.00000,0.07330,2
0.05380,0.93443,19.00125,1.00000,0.04737,2
0.02355,0.90000,45.22167,1.00000,0.00000,2
0.01967,1.00000,30.68359,1.00000,0.09162,2
0.02732,0.97059,25.29707,1.00000,0.06035,2
0.07251,1.00000,18.66879,1.00000,0.04756,2
0.01343,1.00000,36.84540,1.00000,0.00000,2
0.09061,1.00000,28.58170,1.00000,0.07812,2
0.07351,1.00000,19.01902,1.00000,0.04895,2
0.05589,0.97436,23.52255,1.00000,0.05173,2
0.08265,1.00000,20.75101,1.00000,0.05842,2
0.09139,0.95122,16.51190,1.00000,0.04391,2
0.01399,1.00000,45.22166,1.00000,0.00000,2
0.01905,1.00000,39.15357,1.00000,0.00000,2
0.08157,0.97059,18.35475,1.00000,0.05539,2
0.01481,1.00000,39.15355,1.00000,0.00000,2
0.09088,1.00000,21.22202,1.00000,0.06160,2
0.06937,0.98077,20.75101,1.00000,0.05842,2
0.00996,1.00000,55.38502,1.00000,0.00000,2
0.04722,1.00000,36.84538,1.00000,0.00000,2
0.02040,0.96154,29.54985,1.00000,0.08407,2
0.06942,0.98551,18.08488,1.00000,0.05348,2
0.06443,0.95522,18.66880,1.00000,0.04756,2
0.03096,1.00000,30.68359,1.00000,0.09162,2
0.06157,1.00000,20.12407,1.00000,0.05528,2
0.04761,0.95833,30.68359,1.00000,0.09162,2
0.07700,1.00000,22.52503,1.00000,0.04743,2
0.01339,1.00000,55.38502,1.00000,0.00000,2
0.08048,0.80769,23.52256,1.00000,0.05173,2
0.02998,0.96429,28.58167,1.00000,0.07812,2
0.07117,1.00000,30.68359,1.00000,0.09162,2
0.02110,1.00000,29.54986,1.00000,0.08407,2
0.02342,1.00000,31.98280,1.00000,0.00000,2
0.07425,0.96429,20.46699,1.00000,0.05685,2
0.02290,0.91667,41.86625,1.00000,0.00000,2
0.07156,0.98214,20.12405,1.00000,0.05528,2
0.00653,1.00000,55.38501,1.00000,0.00000,2
0.05344,1.00000,23.01509,1.00000,0.04958,2
0.07329,0.95833,17.83444,1.00000,0.05156,2
0.04954,1.00000,24.11870,1.00000,0.05498,2
0.02449,1.00000,36.84538,1.00000,0.00000,2
0.08643,1.00000,27.64553,1.00000,0.07330,2
0.04806,0.96970,26.05845,1.00000,0.06468,2
0.01021,1.00000,55.38501,1.00000,0.00000,2
0.08611,1.00000,26.70840,1.00000,0.06790,2
0.10050,1.00000,27.64550,1.00000,0.07330,2
0.07769,0.90385,20.75102,1.00000,0.05842,2
0.07155,0.97619,23.01510,1.00000,0.04958,2
0.03907,1.00000,25.29706,1.00000,0.06035,2
0.06073,0.98039,21.22202,1.00000,0.06160,2
0.06407,1.00000,17.39832,1.00000,0.04967,2
0.04037,1.00000,30.68359,1.00000,0.09162,2
0.00671,1.00000,63.93750,1.00000,0.00000,2
0.02865,0.95652,30.68358,1.00000,0.09162,2
0.09599,1.00000,16.38237,1.00000,0.04394,2
0.00901,0.66667,63.93750,1.00000,0.00000,2
0.07382,1.00000,16.80591,1.00000,0.04582,2
0.02089,1.00000,49.51283,1.00000,0.00000,2
0.02363,0.90000,33.36922,1.00000,0.00000,2
0.09448,0.95146,14.60882,1.00000,0.03880,2
0.04237,1.00000,27.64554,1.00000,0.07330,2
0.06220,1.00000,30.68360,1.00000,0.09162,2
0.09594,0.92727,14.20427,1.00000,0.03664,2
0.09662,0.97778,15.67604,1.00000,0.04530,2
0.00976,1.00000,49.51283,1.00000,0.00000,2
0.07944,1.00000,29.54986,1.00000,0.08407,2
0.09072,0.95238,16.51189,1.00000,0.04391,2
0.07712,0.98795,16.51188,1.00000,0.04391,2
0.09312,0.95385,18.66879,1.00000,0.04756,2
0.06377,1.00000,24.11872,1.00000,0.05498,2
0.00752,0.90000,45.22163,1.00000,0.00000,2
0.06223,1.00000,23.52256,1.00000,0.05173,2
0.07886,1.00000,22.06107,1.00000,0.06633,2
0.05075,0.96429,20.12407,1.00000,0.05528,2
0.08484,1.00000,17.16249,1.00000,0.04774,2
0.05325,1.00000,26.70839,1.00000,0.06790,2
0.01268,1.00000,41.86627,1.00000,0.00000,2
0.02018,0.90000,45.22165,1.00000,0.00000,2
0.07208,1.00000,26.05842,1.00000,0.06468,2
0.04823,1.00000,26.70840,1.00000,0.06790,2
0.08456,1.00000,20.12400,1.00000,0.05528,2
0.02863,0.96552,27.64553,1.00000,0.07330,2
0.04556,1.00000,21.53056,1.00000,0.06316,2
0.08003,1.00000,27.64553,1.00000,0.07330,2
0.05254,1.00000,24.64534,1.00000,0.05712,2
0.07797,1.00000,22.06107,1.00000,0.06633,2
0.08209,1.00000,19.00124,1.00000,0.04737,2
0.05034,1.00000,26.70840,1.00000,0.06790,2
0.05085,0.97436,24.11870,1.00000,0.05498,2
0.01767,1.00000,31.98280,1.00000,0.00000,2
0.06301,1.00000,23.01509,1.00000,0.04958,2
0.06325,0.93750,31.98308,1.00000,0.00000,2
0.00891,1.00000,49.51285,1.00000,0.00000,2
0.01587,1.00000,41.86626,1.00000,0.00000,2
0.04840,1.00000,20.46705,1.00000,0.05685,2
0.04888,0.96429,28.58169,1.00000,0.07812,2
0.03247,1.00000,29.54986,1.00000,0.08407,2
0.01058,1.00000,39.15356,1.00000,0.00000,2
0.09418,0.96386,16.51190,1.00000,0.04391,2
0.08472,1.00000,21.22202,1.00000,0.06160,2
0.06702,0.95833,30.68361,1.00000,0.09162,2
0.05687,0.96552,27.64551,1.00000,0.07330,2
0.07084,0.95714,18.08488,1.00000,0.05348,2
0.03403,1.00000,28.58171,1.00000,0.07812,2
0.03922,1.00000,26.05842,1.00000,0.06468,2
0.05944,1.00000,26.70840,1.00000,0.06790,2
0.02442,1.00000,27.64550,1.00000,0.07330,2
0.05640,1.00000,28.58173,1.00000,0.07812,2
0.08710,1.00000,17.83444,1.00000,0.05156,2
0.09312,1.00000,20.46698,1.00000,0.05685,2
0.07614,1.00000,26.70840,1.00000,0.06790,2
0.01905,0.92857,39.15355,1.00000,0.00000,2
0.01859,1.00000,45.22167,1.00000,0.00000,2
0.07334,0.96610,18.08487,1.00000,0.05348,2
0.04957,1.00000,34.99890,1.00000,0.00000,2
0.08499,1.00000,23.01509,1.00000,0.04958,2
0.10002,0.93939,26.05842,1.00000,0.06468,2
0.07846,0.98750,16.75343,1.00000,0.04584,2
0.03572,0.97222,24.64534,1.00000,0.05712,2
0.09360,0.98077,20.75101,1.00000,0.05842,2
0.05652,0.96875,26.70841,1.00000,0.06790,2
0.06835,1.00000,30.68359,1.00000,0.09162,2
0.00648,1.00000,49.51281,1.00000,0.00000,2
0.06364,0.97674,23.01508,1.00000,0.04958,2
0.06895,0.96970,18.66880,1.00000,0.04756,2
0.01552,1.00000,36.84538,1.00000,0.00000,2
0.04192,1.00000,22.52502,1.00000,0.04743,2
0.03305,1.00000,34.99891,1.00000,0.00000,2
0.05254,1.00000,24.64534,1.00000,0.05712,2
0.04865,0.90909,31.98280,1.00000,0.00000,2
0.01089,0.83333,55.38502,1.00000,0.00000,2
0.04698,0.94915,19.83956,1.00000,0.05388,2
0.04210,0.97917,21.53056,1.00000,0.06316,2
0.04497,1.00000,26.05841,1.00000,0.06468,2
0.09000,0.98148,20.46698,1.00000,0.05685,2
0.00653,0.83333,55.38502,1.00000,0.00000,2
0.01384,0.80000,55.38502,1.00000,0.00000,2
0.07537,0.94521,17.83444,1.00000,0.05156,2
0.02686,1.00000,29.54988,1.00000,0.08407,2
0.05752,1.00000,24.64536,1.00000,0.05712,2
0.04125,0.97143,25.29706,1.00000,0.06035,2
0.05485,1.00000,34.99890,1.00000,0.00000,2
0.01767,0.89474,33.36921,1.00000,0.00000,2
0.03502,0.96970,26.05842,1.00000,0.06468,2
0.03325,1.00000,27.64551,1.00000,0.07330,2
0.06648,1.00000,17.48857,1.00000,0.04964,2
0.09669,0.93519,14.51558,1.00000,0.03884,2
0.01385,1.00000,45.22036,1.00000,0.00000,2
0.08203,1.00000,18.08492,1.00000,0.05348,2
0.07014,0.92308,9.98545,1.00000,0.00000,2
0.01882,1.00000,6.48928,1.00000,0.25392,2
0.05980,1.00000,6.48929,1.00000,0.25392,2
0.00897,0.69565,7.34916,1.00000,0.24941,2
0.02539,0.87500,17.98571,1.00000,0.00000,2
0.04271,1.00000,5.82613,1.00000,0.25783,2
0.06084,1.00000,6.48929,1.00000,0.25392,2
0.08524,1.00000,9.98545,1.00000,0.00000,2
0.02923,1.00000,12.17640,1.00000,0.00000,2
0.08483,1.00000,12.17640,1.00000,0.00000,2
0.07625,1.00000,15.51069,1.00000,0.00001,2
0.01842,0.85714,12.17636,1.00000,0.00000,2
0.07571,0.70588,10.97246,1.00000,0.00001,2
0.06762,0.60000,21.33104,1.00000,0.00000,2
0.04305,1.00000,17.98567,1.00000,0.00000,2
0.01797,1.00000,10.97247,1.00000,0.00001,2
0.01703,1.00000,5.82614,1.00000,0.25783,2
0.04911,0.91667,17.98571,1.00000,0.00000,2
0.04583,0.80000,10.97247,1.00000,0.00001,2
0.08143,1.00000,6.14760,1.00000,0.25613,2
0.04869,1.00000,13.63577,1.00000,0.00001,2
0.09650,1.00000,17.98572,1.00000,0.00000,2
0.07243,1.00000,6.14760,1.00000,0.25613,2
0.05233,1.00000,13.63577,1.00000,0.00001,2
0.06592,1.00000,10.97247,1.00000,0.00001,2
0.01031,0.97297,6.14760,1.00000,0.25613,2
0.01776,1.00000,17.98590,1.00000,0.00000,2
0.03358,0.94737,12.17640,1.00000,0.00000,2
0.02489,1.00000,13.63577,1.00000,0.00001,2
0.09197,1.00000,17.98571,1.00000,0.00000,2
0.09527,1.00000,9.98546,1.00000,0.00000,2
0.02742,1.00000,17.98573,1.00000,0.00000,2
0.06263,1.00000,17.98571,1.00000,0.00000,2
0.07126,0.91667,17.98571,1.00000,0.00000,2
0.01122,0.70000,17.98572,1.00000,0.00000,2
0.02187,0.93750,13.63577,1.00000,0.00001,2
0.08645,0.74074,7.86831,1.00000,0.24657,2
0.09608,1.00000,21.33104,1.00000,0.00000,2
0.09142,0.90909,9.16814,1.00000,0.23982,2
0.02303,1.00000,8.48797,1.00000,0.24376,2
0.07955,1.00000,10.97247,1.00000,0.00001,2
0.03306,0.91667,10.97247,1.00000,0.00001,2
0.09309,1.00000,21.33104,1.00000,0.00000,2
0.06427,1.00000,21.33104,1.00000,0.00000,2
0.07027,1.00000,12.17640,1.00000,0.00000,2
0.00766,0.94737,12.17640,1.00000,0.00000,2
0.08301,1.00000,5.51964,1.00000,0.25893,2
0.08092,1.00000,7.34916,1.00000,0.24941,2
0.07714,0.95238,8.48796,1.00000,0.24376,2
0.09729,0.91667,17.98571,1.00000,0.00000,2
0.01174,1.00000,9.16816,1.00000,0.23982,2
0.03373,1.00000,7.86832,1.00000,0.24657,2
0.06175,0.91667,17.98572,1.00000,0.00000,2
0.02027,0.93333,13.63577,1.00000,0.00001,2
0.08415,1.00000,15.51069,1.00000,0.00001,2
0.09199,1.00000,15.51069,1.00000,0.00001,2
0.03614,1.00000,15.51068,1.00000,0.00001,2
0.08648,1.00000,13.63577,1.00000,0.00001,2
0.01916,0.93939,6.14760,1.00000,0.25613,2
0.01883,0.92593,6.89888,1.00000,0.25192,2
0.06326,1.00000,7.86831,1.00000,0.24657,2
0.09102,1.00000,15.51069,1.00000,0.00001,2
0.01365,1.00000,7.86831,1.00000,0.24657,2
0.01129,1.00000,17.98566,1.00000,0.00000,2
0.06461,1.00000,17.98572,1.00000,0.00000,2
0.08652,0.95455,9.16814,1.00000,0.23982,2
0.02783,1.00000,12.17636,1.00000,0.00000,2
0.00895,0.95455,9.16823,1.00000,0.23982,2
0.01713,1.00000,13.63577,1.00000,0.00001,2
0.00772,1.00000,6.14760,1.00000,0.25613,2
0.01901,0.93333,15.51069,1.00000,0.00001,2
0.03455,1.00000,17.98571,1.00000,0.00000,2
0.08640,0.96296,7.86831,1.00000,0.24657,2
0.07636,1.00000,13.63577,1.00000,0.00001,2
0.01348,1.00000,12.17638,1.00000,0.00000,2
0.01886,1.00000,21.33104,1.00000,0.00000,2
0.09369,1.00000,5.51964,1.00000,0.25893,2
0.05889,0.66667,21.33104,1.00000,0.00000,2
0.04879,1.00000,13.63577,1.00000,0.00001,2
0.09113,1.00000,17.98572,1.00000,0.00000,2
0.05113,1.00000,6.48929,1.00000,0.25392,2
0.03413,1.00000,6.48929,1.00000,0.25392,2
0.04364,0.91667,17.98575,1.00000,0.00000,2
0.05986,1.00000,8.48796,1.00000,0.24376,2
0.02954,0.95000,7.86831,1.00000,0.24657,2
0.01503,0.93333,15.51065,1.00000,0.00001,2
0.08592,0.70000,21.33104,1.00000,0.00000,2
0.08760,1.00000,15.51068,1.00000,0.00001,2
0.04984,1.00000,8.48797,1.00000,0.24376,2
0.09614,1.00000,17.98570,1.00000,0.00000,2
0.06084,1.00000,6.48929,1.00000,0.25392,2
0.02585,0.93333,15.51056,1.00000,0.00001,2
0.01162,0.73333,13.63578,1.00000,0.00001,2
0.03841,1.00000,7.86831,1.00000,0.24657,2
0.04969,1.00000,9.16814,1.00000,0.23982,2
0.08588,1.00000,21.33104,1.00000,0.00000,2
0.03284,1.00000,13.63577,1.00000,0.00001,2
0.05036,1.00000,9.16813,1.00000,0.23982,2
0.02684,1.00000,12.17640,1.00000,0.00000,2
0.01619,1.00000,7.34917,1.00000,0.24941,2
0.00737,1.00000,15.51076,1.00000,0.00001,2
0.07595,1.00000,21.33104,1.00000,0.00000,2
0.09107,0.92857,9.16814,1.00000,0.23982,2
0.05425,0.93103,7.86830,1.00000,0.24657,2
0.02773,0.93333,15.51067,1.00000,0.00001,2
0.00877,1.00000,17.98571,1.00000,0.00000,2
0.08393,0.75000,21.33104,1.00000,0.00000,2
0.02203,1.00000,21.33104,1.00000,0.00000,2
0.03177,1.00000,7.34916,1.00000,0.24941,2
0.05745,0.87500,21.33104,1.00000,0.00000,2
0.08706,1.00000,17.98570,1.00000,0.00000,2
0.04915,0.70000,21.33104,1.00000,0.00000,2
0.01077,1.00000,15.51109,1.00000,0.00001,2
0.04921,0.78571,10.97247,1.00000,0.00001,2
0.03532,0.91667,17.98571,1.00000,0.00000,2
0.07203,0.93750,15.51069,1.00000,0.00001,2
0.07063,0.66667,21.33104,1.00000,0.00000,2
0.03229,1.00000,6.89888,1.00000,0.25192,2
0.09135,0.94737,12.17640,1.00000,0.00000,2
0.06977,1.00000,12.17640,1.00000,0.00000,2
0.09481,0.90000,21.33104,1.00000,0.00000,2
0.03023,1.00000,12.17641,1.00000,0.00000,2
0.04146,1.00000,12.17646,1.00000,0.00000,2
0.09540,0.84615,17.98571,1.00000,0.00000,2
0.05193,0.70588,12.17640,1.00000,0.00000,2
0.06189,1.00000,21.33104,1.00000,0.00000,2
0.09639,1.00000,15.51071,1.00000,0.00001,2
0.06387,1.00000,9.16814,1.00000,0.23982,2
0.06585,1.00000,12.17640,1.00000,0.00000,2
0.04941,1.00000,9.98545,1.00000,0.00000,2
0.08520,1.00000,15.51068,1.00000,0.00001,2
0.06063,1.00000,13.63577,1.00000,0.00001,2
0.09360,1.00000,9.98545,1.00000,0.00000,2
0.01782,0.87500,17.98571,1.00000,0.00000,2
0.09013,1.00000,10.97247,1.00000,0.00001,2
0.08083,1.00000,8.48797,1.00000,0.24376,2
0.09668,1.00000,9.98545,1.00000,0.00000,2
0.07357,0.85714,21.33104,1.00000,0.00000,2
0.02787,1.00000,9.98545,1.00000,0.00000,2
0.06085,1.00000,5.82613,1.00000,0.25783,2
0.05764,1.00000,21.33104,1.00000,0.00000,2
0.01003,1.00000,17.98564,1.00000,0.00000,2
0.07649,1.00000,7.86831,1.00000,0.24657,2
0.04983,1.00000,17.98574,1.00000,0.00000,2
0.07669,1.00000,12.17639,1.00000,0.00000,2
0.05154,1.00000,5.51964,1.00000,0.25893,2
0.01288,0.66667,21.33104,1.00000,0.00000,2
0.08485,1.00000,7.86831,1.00000,0.24657,2
0.08421,1.00000,13.63577,1.00000,0.00001,2
0.03827,0.93333,15.51069,1.00000,0.00001,2
0.08845,1.00000,8.48797,1.00000,0.24376,2
0.07631,0.88889,12.17641,1.00000,0.00000,2
0.09207,1.00000,9.98545,1.00000,0.00000,2
0.05412,0.90000,21.33105,1.00000,0.00000,2
0.06726,1.00000,5.51964,1.00000,0.25893,2
0.08384,1.00000,9.16814,1.00000,0.23982,2
0.09258,0.91667,17.98571,1.00000,0.00000,2
0.02369,1.00000,6.48928,1.00000,0.25392,2
0.09353,1.00000,21.33104,1.00000,0.00000,2
0.06982,0.95833,6.14761,1.00000,0.25613,2
0.09676,1.00000,15.51068,1.00000,0.00001,2
0.01369,1.00000,15.51067,1.00000,0.00001,2
0.02587,1.00000,13.63577,1.00000,0.00001,2
0.04763,1.00000,17.98571,1.00000,0.00000,2
0.03044,1.00000,9.98546,1.00000,0.00000,2
0.05904,1.00000,7.86831,1.00000,0.24657,2
0.01026,0.96296,8.48797,1.00000,0.24376,2
0.04599,0.69231,17.98571,1.00000,0.00000,2
0.05208,1.00000,10.97247,1.00000,0.00001,2
0.08670,0.85714,10.97248,1.00000,0.00001,2
0.03787,1.00000,15.51069,1.00000,0.00001,2
0.04460,0.94737,12.17640,1.00000,0.00000,2
0.08775,0.75000,13.63577,1.00000,0.00001,2
0.00738,0.75000,21.33104,1.00000,0.00000,2
0.05671,0.96875,6.14760,1.00000,0.25613,2
0.09114,1.00000,12.17639,1.00000,0.00000,2
0.06425,1.00000,9.16814,1.00000,0.23982,2
0.08592,0.86667,13.63577,1.00000,0.00001,2
0.04874,1.00000,6.89888,1.00000,0.25192,2
0.07976,1.00000,13.63577,1.00000,0.00001,2
0.03474,0.90909,21.33100,1.00000,0.00000,2
0.06871,1.00000,17.98571,1.00000,0.00000,2
0.01890,0.95000,9.16814,1.00000,0.23982,2
0.02139,1.00000,9.16821,1.00000,0.23982,2
0.09111,1.00000,9.16814,1.00000,0.23982,2
0.02194,1.00000,12.17640,1.00000,0.00000,2
0.08051,0.66667,21.33104,1.00000,0.00000,2
0.06641,0.94118,9.98545,1.00000,0.00000,2
0.08720,1.00000,9.16814,1.00000,0.23982,2
0.03476,1.00000,9.98546,1.00000,0.00000,2
0.09247,1.00000,21.33104,1.00000,0.00000,2
0.02137,0.84211,7.34916,1.00000,0.24941,2
0.06105,1.00000,12.17638,1.00000,0.00000,2
0.02309,1.00000,17.98573,1.00000,0.00000,2
0.09514,1.00000,21.33104,1.00000,0.00000,2
0.09866,1.00000,21.33104,1.00000,0.00000,2
0.06034,1.00000,15.51069,1.00000,0.00001,2
0.05541,0.94737,8.48797,1.00000,0.24376,2
0.00827,1.00000,13.63577,1.00000,0.00001,2
0.03899,1.00000,17.98574,1.00000,0.00000,2
0.02332,0.88889,21.33104,1.00000,0.00000,2
0.03039,1.00000,8.48797,1.00000,0.24376,2
0.08061,0.96154,6.89888,1.00000,0.25192,2
0.03944,1.00000,21.33104,1.00000,0.00000,2
0.07954,1.00000,15.51072,1.00000,0.00001,2
0.07346,1.00000,9.16814,1.00000,0.23982,2
0.03894,0.85714,21.33104,1.00000,0.00000,2
0.08130,1.00000,15.51068,1.00000,0.00001,2
0.08732,0.72222,9.16814,1.00000,0.23982,2
0.02871,1.00000,12.17644,1.00000,0.00000,2
0.07053,0.70000,21.33104,1.00000,0.00000,2
0.04969,1.00000,9.16811,1.00000,0.23982,2
0.06723,1.00000,21.33104,1.00000,0.00000,2
0.01796,1.00000,17.98579,1.00000,0.00000,2
0.05010,0.95000,7.86830,1.00000,0.24657,2
0.07970,0.75000,21.33104,1.00000,0.00000,2
0.06816,1.00000,21.33104,1.00000,0.00000,2
0.01831,0.75000,21.33104,1.00000,0.00000,2
0.04266,0.89474,5.82613,1.00000,0.25783,2
0.02410,1.00000,17.98554,1.00000,0.00000,2
0.05047,1.00000,13.63577,1.00000,0.00001,2
0.04028,1.00000,5.51964,1.00000,0.25893,2
0.06750,0.70000,17.98571,1.00000,0.00000,2
0.07044,0.92308,17.98571,1.00000,0.00000,2
0.06508,1.00000,6.89888,1.00000,0.25192,2
0.06294,1.00000,13.63577,1.00000,0.00001,2
0.09107,1.00000,15.51069,1.00000,0.00001,2
0.02864,1.00000,15.51069,1.00000,0.00001,2
0.01248,0.87500,21.33105,1.00000,0.00000,2
0.02099,0.84615,17.98575,1.00000,0.00000,2
0.05657,1.00000,17.98569,1.00000,0.00000,2
0.02797,1.00000,9.98546,1.00000,0.00000,2
0.04423,1.00000,7.34916,1.00000,0.24941,2
0.07165,1.00000,12.17639,1.00000,0.00000,2
0.09917,1.00000,21.33104,1.00000,0.00000,2
0.06275,1.00000,15.51069,1.00000,0.00001,2
0.07936,0.91667,17.98563,1.00000,0.00000,2
0.00849,1.00000,12.17639,1.00000,0.00000,2
0.05268,1.00000,10.97247,1.00000,0.00001,2
0.01508,1.00000,15.51069,1.00000,0.00001,2
0.03942,0.75000,21.33104,1.00000,0.00000,2
0.07834,0.93750,13.63577,1.00000,0.00001,2
0.08196,1.00000,13.63577,1.00000,0.00001,2
0.05089,0.92857,7.34915,1.00000,0.24941,2
0.09358,1.00000,7.86831,1.00000,0.24657,2
0.04265,1.00000,9.16813,1.00000,0.23982,2
0.00812,1.00000,6.89888,1.00000,0.25192,2
0.03949,1.00000,15.51069,1.00000,0.00001,2
0.09245,1.00000,9.98546,1.00000,0.00000,2
0.03261,0.96875,6.48929,1.00000,0.25392,2
0.08334,0.91667,17.98571,1.00000,0.00000,2
0.00989,1.00000,10.97247,1.00000,0.00001,2
0.06643,1.00000,9.98545,1.00000,0.00000,2
0.05655,1.00000,17.98571,1.00000,0.00000,2
0.00983,0.85714,9.98545,1.00000,0.00000,2
0.09012,0.75000,13.63577,1.00000,0.00001,2
0.09690,1.00000,21.33104,1.00000,0.00000,2
0.06441,1.00000,10.97247,1.00000,0.00001,2
0.06222,1.00000,9.16813,1.00000,0.23982,2
0.01027,1.00000,10.97247,1.00000,0.00001,2
0.06670,1.00000,10.97247,1.00000,0.00001,2
0.01707,0.90909,15.51061,1.00000,0.00001,2
0.06514,1.00000,15.51069,1.00000,0.00001,2
0.06097,0.80000,10.97247,1.00000,0.00001,2
0.06064,1.00000,12.17640,1.00000,0.00000,2
0.04224,1.00000,15.51069,1.00000,0.00001,2
0.05268,0.95000,9.16814,1.00000,0.23982,2
0.01029,0.95833,6.14759,1.00000,0.25613,2
0.05560,0.70000,17.98571,1.00000,0.00000,2
0.05193,1.00000,9.16814,1.00000,0.23982,2
0.07291,1.00000,12.17640,1.00000,0.00000,2
0.08550,1.00000,21.33104,1.00000,0.00000,2
0.04050,0.91667,17.98571,1.00000,0.00000,2
0.01475,1.00000,15.51069,1.00000,0.00001,2
0.05949,1.00000,13.63577,1.00000,0.00001,2
0.01869,0.95238,6.89891,1.00000,0.25192,2
0.07804,1.00000,12.17640,1.00000,0.00000,2
0.01675,1.00000,9.98546,1.00000,0.00000,2
0.02644,0.84615,17.98568,1.00000,0.00000,2
0.03523,1.00000,5.51964,1.00000,0.25893,2
0.03857,1.00000,6.14760,1.00000,0.25613,2
0.08609,0.96000,8.48797,1.00000,0.24376,2
0.08076,0.86667,13.63577,1.00000,0.00001,2
0.06133,1.00000,21.33104,1.00000,0.00000,2
0.08770,1.00000,9.16814,1.00000,0.23982,2
0.01781,1.00000,13.63576,1.00000,0.00001,2
0.06675,1.00000,9.98546,1.00000,0.00000,2
0.06292,1.00000,12.17639,1.00000,0.00000,2
0.09020,1.00000,17.98571,1.00000,0.00000,2
0.04240,1.00000,12.17639,1.00000,0.00000,2
0.00873,1.00000,21.33104,1.00000,0.00000,2
0.04034,0.92308,17.98572,1.00000,0.00000,2
0.05983,1.00000,15.51070,1.00000,0.00001,2
0.09811,1.00000,15.51070,1.00000,0.00001,2
0.01088,1.00000,6.14764,1.00000,0.25613,2
0.04980,1.00000,8.48796,1.00000,0.24376,2
0.07668,0.88889,21.33104,1.00000,0.00000,2
0.05638,1.00000,7.34916,1.00000,0.24941,2
0.07639,0.91667,17.98571,1.00000,0.00000,2
0.09526,1.00000,6.48929,1.00000,0.25392,2
0.09737,1.00000,21.33104,1.00000,0.00000,2
0.05259,0.85714,21.33104,1.00000,0.00000,2
0.00952,0.92308,17.98579,1.00000,0.00000,2
0.04944,1.00000,9.98545,1.00000,0.00000,2
0.01215,0.92857,7.34918,1.00000,0.24941,2
0.08989,0.90000,13.63577,1.00000,0.00001,2
0.07010,0.87500,21.33104,1.00000,0.00000,2
0.06232,0.96774,6.48928,1.00000,0.25392,2
0.07797,0.85714,21.33104,1.00000,0.00000,2
0.06277,0.94737,12.17640,1.00000,0.00000,2
0.07231,1.00000,8.48796,1.00000,0.24376,2
0.07359,1.00000,13.63577,1.00000,0.00001,2
0.02149,1.00000,9.98551,1.00000,0.00000,2
0.03201,1.00000,8.48801,1.00000,0.24376,2
0.06520,1.00000,15.51069,1.00000,0.00001,2
0.01227,1.00000,17.98578,1.00000,0.00000,2
0.00856,0.97222,6.14761,1.00000,0.25613,2
0.01388,1.00000,21.33104,1.00000,0.00000,2
0.08449,1.00000,6.89888,1.00000,0.25192,2
0.07072,1.00000,17.98571,1.00000,0.00000,2
0.06095,1.00000,17.98572,1.00000,0.00000,2
0.05326,1.00000,13.63577,1.00000,0.00001,2
0.05867,1.00000,10.97247,1.00000,0.00001,2
0.07900,0.91667,17.98571,1.00000,0.00000,2
0.07629,0.91667,17.98571,1.00000,0.00000,2
0.03713,0.93333,15.51069,1.00000,0.00001,2
0.04292,1.00000,12.17640,1.00000,0.00000,2
0.06402,1.00000,6.89888,1.00000,0.25192,2
0.09010,1.00000,6.89888,1.00000,0.25192,2
0.03491,1.00000,21.33104,1.00000,0.00000,2
0.01975,1.00000,21.33104,1.00000,0.00000,2
0.06501,0.91667,17.98571,1.00000,0.00000,2
0.04993,0.96429,6.48931,1.00000,0.25392,2
0.06850,1.00000,6.48929,1.00000,0.25392,2
0.05235,1.00000,15.51054,1.00000,0.00001,2
0.07235,1.00000,9.16815,1.00000,0.23982,2
0.01822,0.85714,21.33104,1.00000,0.00000,2
0.04546,1.00000,15.51069,1.00000,0.00001,2
0.02768,0.85714,21.33104,1.00000,0.00000,2
0.07579,1.00000,17.98570,1.00000,0.00000,2
0.09676,1.00000,17.98570,1.00000,0.00000,2
0.09962,1.00000,21.33104,1.00000,0.00000,2
0.07877,1.00000,21.33104,1.00000,0.00000,2
0.07672,1.00000,7.34916,1.00000,0.24941,2
0.04317,1.00000,13.63577,1.00000,0.00001,2
0.09540,0.85714,21.33104,1.00000,0.00000,2
0.08566,1.00000,15.51070,1.00000,0.00001,2
0.03113,0.97222,6.14761,1.00000,0.25613,2
0.04901,0.87500,17.98571,1.00000,0.00000,2
0.08749,0.93750,13.63577,1.00000,0.00001,2
0.07267,0.70000,21.33104,1.00000,0.00000,2
0.07277,1.00000,21.33104,1.00000,0.00000,2
0.06995,1.00000,21.33104,1.00000,0.00000,2
0.06322,1.00000,13.63577,1.00000,0.00001,2
0.09017,1.00000,9.98545,1.00000,0.00000,2
0.03956,1.00000,9.98545,1.00000,0.00000,2
0.03783,1.00000,21.33104,1.00000,0.00000,2
0.00801,1.00000,15.51069,1.00000,0.00001,2
0.06707,1.00000,21.33104,1.00000,0.00000,2
0.08430,1.00000,15.51069,1.00000,0.00001,2
0.05901,1.00000,7.86831,1.00000,0.24657,2
0.05338,1.00000,5.51964,1.00000,0.25893,2
0.02395,1.00000,7.86831,1.00000,0.24657,2
0.01468,0.91667,17.98588,1.00000,0.00000,2
0.04479,0.92857,13.63577,1.00000,0.00001,2
0.09706,1.00000,15.51069,1.00000,0.00001,2
0.06402,0.75000,21.33104,1.00000,0.00000,2
0.00895,1.00000,15.51068,1.00000,0.00001,2
0.04102,0.94118,9.98545,1.00000,0.00000,2
0.03162,1.00000,21.33104,1.00000,0.00000,2
0.06215,0.86667,9.16814,1.00000,0.23982,2
0.04773,1.00000,17.98567,1.00000,0.00000,2
0.02313,1.00000,17.98574,1.00000,0.00000,2
0.00946,1.00000,15.51069,1.00000,0.00001,2
0.02349,1.00000,13.63577,1.00000,0.00001,2
0.02398,0.91667,17.98563,1.00000,0.00000,2
0.07881,0.75000,21.33104,1.00000,0.00000,2
0.05419,1.00000,13.63576,1.00000,0.00001,2
0.07997,1.00000,8.48796,1.00000,0.24376,2
0.07995,0.93333,15.51068,1.00000,0.00001,2
0.05247,1.00000,13.63577,1.00000,0.00001,2
0.05428,1.00000,6.89888,1.00000,0.25192,2
0.02747,1.00000,7.86830,1.00000,0.24657,2
0.03807,0.93750,13.63577,1.00000,0.00001,2
0.09494,1.00000,21.33104,1.00000,0.00000,2
0.03251,1.00000,7.86831,1.00000,0.24657,2
0.08010,0.95000,9.16814,1.00000,0.23982,2
0.07011,0.94737,8.48797,1.00000,0.24376,2
0.01208,0.81250,10.97247,1.00000,0.00001,2
0.06325,1.00000,13.63577,1.00000,0.00001,2
0.06747,1.00000,13.63577,1.00000,0.00001,2
0.07303,1.00000,15.51068,1.00000,0.00001,2
0.04695,0.70000,17.98571,1.00000,0.00000,2
0.00768,0.95238,9.98550,1.00000,0.00000,2
0.06755,1.00000,21.33104,1.00000,0.00000,2
0.07186,1.00000,12.17639,1.00000,0.00000,2
0.06313,1.00000,15.51069,1.00000,0.00001,2
0.09592,1.00000,8.48797,1.00000,0.24376,2
0.03619,0.66667,21.33104,1.00000,0.00000,2
0.03809,0.70000,17.98571,1.00000,0.00000,2
0.17270,0.02305,43.56262,1.00000,0.58589,3
0.10794,0.13029,51.30740,1.00000,0.73535,3
0.01612,0.29839,49.18709,1.00000,0.80960,3
0.16963,0.05732,45.47637,1.00000,0.71916,3
0.16448,0.04603,48.67505,1.00000,0.57671,3
0.07577,0.62069,54.48655,1.00000,0.47998,3
0.12976,0.02096,46.40040,1.00000,0.55570,3
0.17453,0.03030,45.20945,1.00000,0.63576,3
0.16443,0.06882,45.32559,1.00000,0.51055,3
0.09003,0.12330,46.44689,1.00000,0.56269,3
0.16347,0.10718,41.84622,1.00000,0.09901,3
0.12160,0.05753,47.99805,1.00000,0.69640,3
0.18748,0.05694,49.46824,1.00000,0.42127,3
0.13433,0.06597,40.92363,1.00000,0.62945,3
0.12278,0.07741,45.77701,1.00000,0.50987,3
0.14571,0.02923,46.69215,1.00000,0.73198,3
0.16482,0.02716,45.16441,1.00000,0.62742,3
0.16765,0.06769,46.31815,1.00000,0.46710,3
0.18667,0.04214,39.48111,1.00000,0.80275,3
0.17861,0.03134,48.48312,1.00000,0.81021,3
0.16350,0.05985,45.29548,1.00000,0.75615,3
0.17444,0.02817,43.95880,1.00000,0.75421,3
0.14340,0.04499,45.99760,1.00000,0.77369,3
0.16681,0.33714,54.40244,1.00000,0.46184,3
0.15820,0.05711,48.75580,1.00000,0.67190,3
0.16446,0.05492,39.61963,1.00000,0.65256,3
0.18121,0.02429,48.47736,1.00000,0.57655,3
0.09613,0.11460,37.55732,1.00000,0.23707,3
0.12640,0.02831,39.68467,1.00000,0.51611,3
0.17081,0.02920,44.79271,1.00000,0.57862,3
0.16938,0.10242,41.85983,1.00000,0.19121,3
0.12336,0.34626,49.78412,1.00000,0.51392,3
0.13210,0.04891,46.63744,1.00000,0.33115,3
0.17979,0.07866,48.53384,1.00000,0.59640,3
0.16531,0.07203,48.61286,1.00000,0.33059,3
0.09516,0.09965,43.23776,1.00000,0.47393,3
0.11854,0.12486,47.98264,1.00000,0.87969,3
0.16751,0.22166,39.39988,1.00000,0.15395,3
0.17617,0.02618,48.47234,1.00000,0.69295,3
0.12442,0.06499,37.53601,1.00000,0.58727,3
0.09609,0.05005,40.57484,1.00000,0.42346,3
0.17430,0.07080,45.60526,1.00000,0.48134,3
0.12061,0.03459,46.67510,1.00000,0.73144,3
0.19140,0.05833,52.46278,1.00000,0.31007,3
0.15488,0.03448,47.03699,1.00000,0.67742,3
0.15625,0.03980,46.14901,1.00000,0.65297,3
0.20510,0.06316,51.98003,1.00000,0.69612,3
0.17910,0.05330,40.99468,1.00000,0.63405,3
0.15159,0.02405,45.38401,1.00000,0.48375,3
0.16873,0.04082,45.63051,1.00000,0.57381,3
0.12561,0.12431,47.68323,1.00000,0.48884,3
0.11642,0.02935,46.70256,1.00000,0.69919,3
0.18214,0.02820,44.33710,1.00000,0.62921,3
0.17508,0.02505,41.03774,1.00000,0.70945,3
0.07598,0.07970,41.71565,1.00000,0.61844,3
0.18830,0.15705,53.16125,1.00000,0.86421,3
0.10900,0.16905,50.27394,1.00000,0.59118,3
0.06707,0.16069,43.72498,1.00000,0.43857,3
0.16393,0.04415,44.73548,1.00000,0.62233,3
0.15305,0.06381,46.17114,1.00000,0.69692,3
0.16840,0.02100,50.94894,1.00000,0.60972,3
0.14376,0.08994,44.21936,1.00000,0.26996,3
0.14113,0.06997,45.91776,1.00000,0.54217,3
0.13530,0.05504,38.84969,1.00000,0.44547,3
0.17446,0.06210,44.89096,1.00000,0.65423,3
0.19011,0.09061,42.98173,1.00000,0.62295,3
0.15899,0.03980,43.93036,1.00000,0.53526,3
0.16041,0.03605,46.66720,1.00000,0.51584,3
0.15979,0.02417,44.37870,1.00000,0.66553,3
0.11180,0.10953,47.09656,1.00000,0.66403,3
0.16663,0.15796,47.61691,1.00000,0.76031,3
0.11702,0.02920,43.74488,1.00000,0.48604,3
0.19892,0.04718,44.73015,1.00000,0.89142,3
0.16568,0.03659,46.92670,1.00000,0.60046,3
0.12199,0.07611,46.74610,1.00000,0.68735,3
0.13263,0.06947,47.00577,1.00000,0.67342,3
0.16940,0.02716,48.66311,1.00000,0.71530,3
0.15702,0.09506,50.89004,1.00000,0.51815,3
0.07839,0.07471,45.57137,1.00000,0.55898,3
0.06915,0.26255,51.93192,1.00000,0.75509,3
0.15761,0.08226,45.22493,1.00000,0.46189,3
0.18347,0.08490,42.37508,1.00000,0.78371,3
0.16422,0.01998,42.90209,1.00000,0.67888,3
0.16443,0.04606,46.54071,1.00000,0.49079,3
0.17667,0.03033,44.39601,1.00000,0.46007,3
0.16264,0.03354,46.55490,1.00000,0.70256,3
0.13677,0.03862,45.51665,1.00000,0.65760,3
0.18741,0.08487,47.33994,1.00000,0.77669,3
0.15821,0.02616,46.21942,1.00000,0.71407,3
0.17825,0.04728,44.50247,1.00000,0.66297,3
0.17079,0.05094,46.79609,1.00000,0.73115,3
0.18257,0.06250,43.24564,1.00000,0.57558,3
0.17811,0.05414,47.93469,1.00000,0.75374,3
0.15701,0.03579,46.86116,1.00000,0.53979,3
0.18154,0.05487,45.42966,1.00000,0.48537,3
0.18636,0.13288,48.48360,1.00000,0.90428,3
0.19598,0.11032,44.15172,1.00000,0.65881,3
0.17543,0.04489,48.32828,1.00000,0.66207,3
0.14230,0.08635,46.95101,1.00000,0.54513,3
0.13377,0.27454,50.22854,1.00000,0.55445,3
0.11656,0.09556,49.83102,1.00000,0.33394,3
0.15967,0.04406,46.89233,1.00000,0.60694,3
0.16964,0.03337,48.97446,1.00000,0.73437,3
0.15355,0.05515,44.35612,1.00000,0.83006,3
0.15737,0.03564,45.86321,1.00000,0.51941,3
0.14848,0.05765,44.53133,1.00000,0.52878,3
0.07986,0.28780,52.87226,1.00000,0.66744,3
0.18004,0.02632,44.64957,1.00000,0.71455,3
0.11419,0.04069,40.91538,1.00000,0.64957,3
0.18330,0.03874,45.88459,1.00000,0.72765,3
0.13951,0.09385,46.14551,1.00000,0.62325,3
0.15782,0.04098,46.99926,1.00000,0.39958,3
0.12869,0.03027,46.18607,1.00000,0.62818,3
0.17112,0.04308,43.43144,1.00000,0.63818,3
0.06349,0.40000,56.26037,1.00000,0.46652,3
0.10943,0.17675,53.24291,1.00000,0.61237,3
0.15668,0.04290,49.55887,1.00000,0.65866,3
0.12791,0.17417,48.14833,1.00000,0.10637,3
0.11637,0.04290,46.35893,1.00000,0.55089,3
0.15821,0.01690,43.09102,1.00000,0.69951,3
0.14434,0.04995,44.62463,1.00000,0.62600,3
0.16294,0.09719,42.06854,1.00000,0.31944,3
0.15687,0.04082,39.97389,1.00000,0.62402,3
0.14673,0.03040,42.49214,1.00000,0.54232,3
0.17573,0.04286,45.04100,1.00000,0.68363,3
0.14736,0.10889,41.51998,1.00000,0.20630,3
0.16649,0.03647,42.38639,1.00000,0.65876,3
0.15910,0.03772,47.62765,1.00000,0.61019,3
0.12296,0.06276,47.74236,1.00000,0.44088,3
0.11166,0.03987,44.54525,1.00000,0.58569,3
0.15509,0.03296,50.99187,1.00000,0.61171,3
0.18581,0.02968,43.59706,1.00000,0.71047,3
0.19040,0.04201,49.00859,1.00000,0.61852,3
0.15289,0.06597,42.79441,1.00000,0.59209,3
0.18872,0.06035,38.91008,1.00000,0.37958,3
0.14949,0.04419,47.82290,1.00000,0.59763,3
0.10411,0.08766,44.85474,1.00000,0.26381,3
0.15270,0.03772,48.21025,1.00000,0.68490,3
0.15664,0.05280,42.12723,1.00000,0.56313,3
0.14250,0.08719,47.67565,1.00000,0.47000,3
0.16763,0.09247,48.40901,1.00000,0.80213,3
0.16639,0.05241,46.72242,1.00000,0.62855,3
0.17464,0.04167,40.64961,1.00000,0.55601,3
0.15874,0.03189,45.10257,1.00000,0.58008,3
0.03082,0.69321,56.62402,1.00000,0.45667,3
0.17677,0.04197,47.62549,1.00000,0.83513,3
0.18044,0.03992,45.44161,1.00000,0.53234,3
0.16048,0.02722,44.80395,1.00000,0.67034,3
0.16899,0.02711,47.62334,1.00000,0.66137,3
0.16711,0.05394,44.07641,1.00000,0.38391,3
0.12814,0.03333,45.83274,1.00000,0.47410,3
0.15324,0.05573,44.43614,1.00000,0.48997,3
0.14499,0.01998,47.85159,1.00000,0.58075,3
0.18090,0.06381,48.32598,1.00000,0.81949,3
0.11057,0.20955,43.75134,1.00000,0.72987,3
0.14951,0.04606,45.10842,1.00000,0.52338,3
0.05660,0.29139,56.49682,1.00000,0.46391,3
0.10626,0.03502,49.99615,1.00000,0.72309,3
0.13924,0.03399,40.04314,1.00000,0.79650,3
0.20643,0.12528,54.42296,1.00000,0.27580,3
0.21310,0.13143,45.76113,1.00000,0.57258,3
0.17175,0.02414,48.56744,1.00000,0.68154,3
0.14685,0.04728,45.70026,1.00000,0.26523,3
0.13983,0.06067,45.11084,1.00000,0.32611,3
0.15194,0.04835,45.96618,1.00000,0.64916,3
0.03238,0.26883,59.65164,1.00000,0.36067,3
0.17116,0.03878,46.76963,1.00000,0.62302,3
0.18355,0.04094,44.46006,1.00000,0.67172,3
0.14220,0.04069,47.80225,1.00000,0.68217,3
0.17372,0.02211,45.02237,1.00000,0.73357,3
0.15479,0.03666,44.67335,1.00000,0.60105,3
0.05478,0.18182,53.20652,1.00000,0.71731,3
0.14534,0.03866,49.36993,1.00000,0.65758,3
0.13746,0.06576,49.06880,1.00000,0.75661,3
0.11442,0.02505,44.73417,1.00000,0.64163,3
0.16390,0.04876,46.68060,1.00000,0.66352,3
0.19180,0.01589,43.96263,1.00000,0.52778,3
0.14617,0.05046,47.37937,1.00000,0.63243,3
0.13258,0.04601,49.22990,1.00000,0.61385,3
0.02006,0.23861,53.16616,1.00000,0.64909,3
0.16519,0.04073,43.87727,1.00000,0.40502,3
0.17188,0.06597,47.56298,1.00000,0.80050,3
0.16883,0.02626,49.65297,1.00000,0.66161,3
0.17148,0.07304,46.55155,1.00000,0.53682,3
0.14671,0.05383,47.43625,1.00000,0.52724,3
0.17074,0.04855,43.93451,1.00000,0.74643,3
0.12148,0.09328,41.60431,1.00000,0.37363,3
0.19938,0.15200,51.64409,1.00000,0.36221,3
0.17289,0.04611,43.04682,1.00000,0.58493,3
0.15662,0.04807,44.99712,1.00000,0.51395,3
0.12954,0.05991,45.32606,1.00000,0.57499,3
0.14554,0.03229,49.62251,1.00000,0.63915,3
0.16294,0.02510,45.32007,1.00000,0.76516,3
0.18265,0.04772,42.66878,1.00000,0.65974,3
0.16058,0.06799,45.99974,1.00000,0.66405,3
0.16327,0.06250,44.63858,1.00000,0.41262,3
0.17784,0.13208,48.79980,1.00000,0.42630,3
0.16438,0.02513,48.84621,1.00000,0.58759,3
0.18237,0.02817,47.12546,1.00000,0.59143,3
0.18005,0.03147,49.44675,1.00000,0.73471,3
0.13672,0.06035,43.74787,1.00000,0.62768,3
0.17057,0.02752,42.59564,1.00000,0.72835,3
0.15567,0.06604,48.40766,1.00000,0.19160,3
0.16344,0.06394,43.53143,1.00000,0.73090,3
0.14274,0.07461,46.87205,1.00000,0.38622,3
0.17522,0.09061,39.17452,1.00000,0.51945,3
0.00635,0.26478,55.43696,1.00000,0.47729,3
0.19469,0.10730,51.04866,1.00000,0.86567,3
0.08950,0.14075,43.81114,1.00000,0.61094,3
0.19416,0.06492,49.08628,1.00000,0.76749,3
0.14676,0.04073,48.55519,1.00000,0.75827,3
0.15754,0.01904,43.38174,1.00000,0.59500,3
0.16710,0.12945,51.44054,1.00000,0.61908,3
0.13359,0.13921,46.62562,1.00000,0.64912,3
0.16145,0.03670,38.22271,1.00000,0.44088,3
0.14132,0.09467,37.35596,1.00000,0.72898,3
0.10309,0.14608,44.38708,1.00000,0.34718,3
0.12002,0.04634,46.82615,1.00000,0.66103,3
0.16164,0.09859,46.66454,1.00000,0.59288,3
0.09270,0.14692,44.09698,1.00000,0.14635,3
0.17560,0.04607,43.69582,1.00000,0.61370,3
0.16355,0.04128,45.45524,1.00000,0.57359,3
0.17156,0.05099,49.15970,1.00000,0.63243,3
0.15901,0.03473,46.60440,1.00000,0.57455,3
0.17176,0.05263,50.06392,1.00000,0.47769,3
0.15557,0.13179,47.18692,1.00000,0.46072,3
0.18636,0.03360,46.84082,1.00000,0.76450,3
0.18800,0.05302,45.67486,1.00000,0.48917,3
0.13856,0.07513,49.74885,1.00000,0.45009,3
0.18433,0.04124,44.27088,1.00000,0.75792,3
0.17631,0.04308,39.81902,1.00000,0.53664,3
0.19050,0.03550,46.13827,1.00000,0.52318,3
0.17847,0.04115,53.05742,1.00000,0.68748,3
0.16168,0.03154,41.20243,1.00000,0.59677,3
0.12097,0.02505,44.70915,1.00000,0.65516,3
0.16566,0.04728,43.90692,1.00000,0.71959,3
0.13686,0.05864,50.94167,1.00000,0.43648,3
0.16437,0.06554,45.93309,1.00000,0.68447,3
0.19249,0.03988,50.75804,1.00000,0.59404,3
0.16236,0.05926,50.64899,1.00000,0.35640,3
0.13409,0.17019,42.82768,1.00000,0.76256,3
0.15989,0.08850,41.17080,1.00000,0.65373,3
0.17983,0.02439,46.64161,1.00000,0.67281,3
0.17890,0.07053,50.34562,1.00000,0.13837,3
0.14856,0.16824,49.79876,1.00000,0.38234,3
0.14855,0.02814,48.76711,1.00000,0.57178,3
0.15670,0.03971,47.93018,1.00000,0.50020,3
0.16267,0.04522,45.54066,1.00000,0.70716,3
0.12108,0.04606,49.09514,1.00000,0.47505,3
0.17759,0.05439,47.59779,1.00000,0.69516,3
0.13428,0.05504,50.57287,1.00000,0.42961,3
0.12967,0.02508,46.88564,1.00000,0.66283,3
0.19988,0.05590,40.26773,1.00000,0.40643,3
0.17751,0.09227,49.00211,1.00000,0.71346,3
0.19298,0.04401,48.39434,1.00000,0.64471,3
0.17460,0.09567,48.82903,1.00000,0.66857,3
0.14995,0.05340,42.21980,1.00000,0.58452,3
0.14209,0.06995,47.07487,1.00000,0.20748,3
0.17939,0.02714,46.49984,1.00000,0.76555,3
0.14707,0.06139,46.88909,1.00000,0.52843,3
0.12214,0.14989,40.06051,1.00000,0.68982,3
0.16095,0.04086,45.40737,1.00000,0.33608,3
0.15792,0.05573,46.75630,1.00000,0.63198,3
0.11557,0.03976,45.14753,1.00000,0.56153,3
0.14629,0.05099,49.81822,1.00000,0.66924,3
0.20597,0.08017,42.89026,1.00000,0.57698,3
0.13333,0.02825,38.99331,1.00000,0.71019,3
0.15791,0.15976,49.69392,1.00000,0.74015,3
0.21053,0.07383,48.17765,1.00000,0.60949,3
0.17721,0.04294,45.78240,1.00000,0.59652,3
0.16390,0.29122,53.77720,1.00000,0.47993,3
0.18646,0.09447,49.34900,1.00000,0.45637,3
0.11776,0.04082,40.26130,1.00000,0.65285,3
0.17709,0.03874,43.63449,1.00000,0.58308,3
0.09684,0.11400,40.78887,1.00000,0.64457,3
0.18486,0.05699,39.76627,1.00000,0.45165,3
0.12466,0.04113,46.21540,1.00000,0.57736,3
0.16888,0.04723,48.55937,1.00000,0.50004,3
0.18155,0.04401,46.05328,1.00000,0.70344,3
0.16933,0.07068,41.04538,1.00000,0.47752,3
0.14444,0.06821,50.60530,1.00000,0.54257,3
0.13389,0.13988,44.21094,1.00000,0.18091,3
0.16175,0.03150,41.51963,1.00000,0.55795,3
0.14183,0.08260,47.73986,1.00000,0.64046,3
0.10570,0.02624,47.06150,1.00000,0.67178,3
0.16398,0.02302,44.08349,1.00000,0.69192,3
0.18322,0.04357,46.06616,1.00000,0.72861,3
0.17388,0.05405,51.98558,1.00000,0.68359,3
0.17098,0.07761,48.36831,1.00000,0.70876,3
0.14808,0.06431,44.55720,1.00000,0.56174,3
0.18729,0.03976,48.96688,1.00000,0.70418,3
0.14973,0.07482,49.46422,1.00000,0.76596,3
0.08921,0.06191,49.28123,1.00000,0.49069,3
0.17317,0.05106,49.23636,1.00000,0.58979,3
0.20815,0.02302,44.88919,1.00000,0.85648,3
0.11391,0.07987,48.41350,1.00000,0.74742,3
0.10261,0.03131,47.49023,1.00000,0.66382,3
0.16462,0.02719,44.77836,1.00000,0.54426,3
0.11809,0.04752,46.71425,1.00000,0.65860,3
0.19039,0.07173,51.12211,1.00000,0.39520,3
0.13968,0.03870,46.41657,1.00000,0.52831,3
0.15020,0.07839,42.21815,1.00000,0.32085,3
0.18764,0.03052,42.66434,1.00000,0.65938,3
0.16119,0.05462,45.86384,1.00000,0.63987,3
0.13415,0.13028,45.86548,1.00000,0.69764,3
0.08677,0.06977,46.30280,1.00000,0.71553,3
0.12481,0.02716,44.35539,1.00000,0.55382,3
0.16329,0.02817,48.03876,1.00000,0.51195,3
0.14813,0.04855,49.93709,1.00000,0.44703,3
0.22855,0.20500,46.07136,1.00000,0.67150,3
0.11226,0.16032,52.67973,1.00000,0.64610,3
0.17545,0.04244,47.47400,1.00000,0.73754,3
0.08491,0.15376,48.12951,1.00000,0.54938,3
0.07301,0.09179,44.26442,1.00000,0.60246,3
0.15204,0.03125,45.16721,1.00000,0.60642,3
0.16568,0.04772,47.88086,1.00000,0.44941,3
0.14488,0.23370,48.28467,1.00000,0.88124,3
0.14235,0.04974,47.63807,1.00000,0.81691,3
0.16000,0.05307,45.45007,1.00000,0.66595,3
0.16730,0.05765,48.61167,1.00000,0.79346,3
0.10177,0.10478,44.72158,1.00000,0.55054,3
0.15820,0.02305,44.55819,1.00000,0.68025,3
0.16909,0.03546,50.43627,1.00000,0.61409,3
0.16905,0.05654,50.05145,1.00000,0.68817,3
0.12847,0.02198,48.30629,1.00000,0.61195,3
0.15179,0.01892,43.09342,1.00000,0.73419,3
0.12767,0.07185,47.19560,1.00000,0.62849,3
0.14537,0.07996,49.35711,1.00000,0.67495,3
0.14685,0.04465,44.26946,1.00000,0.58027,3
0.15836,0.03651,48.71230,1.00000,0.57905,3
0.18506,0.12139,46.04372,1.00000,0.94117,3
0.17330,0.03659,47.75128,1.00000,0.73417,3
0.15866,0.07143,50.77508,1.00000,0.19359,3
0.12151,0.07203,41.97173,1.00000,0.55453,3
0.16076,0.03885,47.02466,1.00000,0.63391,3
0.17650,0.03882,45.05536,1.00000,0.74111,3
0.16245,0.11576,46.05906,1.00000,0.74994,3
0.18143,0.05252,51.17084,1.00000,0.57807,3
0.07164,0.26120,48.77951,1.00000,0.81346,3
0.11946,0.19803,48.07051,1.00000,0.89947,3
0.16482,0.08593,46.54779,1.00000,0.61187,3
0.18490,0.02613,48.05763,1.00000,0.64966,3
0.18252,0.10087,49.26905,1.00000,0.81623,3
0.17314,0.03673,43.22421,1.00000,0.65719,3
0.18145,0.05654,45.82824,1.00000,0.60442,3
0.14552,0.04508,48.05300,1.00000,0.59382,3
0.15041,0.04816,49.32541,1.00000,0.35001,3
0.17202,0.02837,40.80935,1.00000,0.57639,3
0.15568,0.02010,45.44287,1.00000,0.65479,3
0.18551,0.02200,48.02228,1.00000,0.71288,3
0.14977,0.06709,43.11283,1.00000,0.65886,3
0.16295,0.10216,45.51588,1.00000,0.65907,3
0.18811,0.07611,45.61740,1.00000,0.50696,3
0.09820,0.12306,51.94344,1.00000,0.25698,3
0.16956,0.14400,47.32825,1.00000,0.82901,3
0.09198,0.06276,49.09574,1.00000,0.50234,3
0.16523,0.04004,33.88697,1.00000,0.42958,3
0.17176,0.04777,49.26409,1.00000,0.69813,3
0.15381,0.06042,51.22523,1.00000,0.79341,3
0.14565,0.03768,47.27803,1.00000,0.59116,3
0.14968,0.04077,39.30033,1.00000,0.48807,3
0.15144,0.04990,44.01477,1.00000,0.73080,3
0.18114,0.05352,44.90278,1.00000,0.55763,3
0.17168,0.05590,50.56309,1.00000,0.58265,3
0.19004,0.04713,48.60973,1.00000,0.45792,3
0.15742,0.06984,48.72236,1.00000,0.82558,3
0.20837,0.15121,49.29955,1.00000,0.90890,3
0.18450,0.04419,45.90555,1.00000,0.68664,3
0.14542,0.05377,44.12739,1.00000,0.47593,3
0.14755,0.07856,49.99650,1.00000,0.66341,3
0.16376,0.06957,46.04798,1.00000,0.50546,3
0.19172,0.02929,44.81803,1.00000,0.70971,3
0.04094,0.16513,51.29099,1.00000,0.83466,3
0.13887,0.33267,46.52750,1.00000,0.30859,3
0.13582,0.03571,44.51119,1.00000,0.59493,3
0.15073,0.03249,43.39918,1.00000,0.69647,3
0.17079,0.03971,43.22458,1.00000,0.53060,3
0.15845,0.05352,45.51324,1.00000,0.55640,3
0.15717,0.01791,43.88093,1.00000,0.63872,3
0.16765,0.03455,45.94338,1.00000,0.64947,3
0.19412,0.24611,48.52334,1.00000,0.67031,3
0.15117,0.11568,49.51959,1.00000,0.55587,3
0.17585,0.05280,46.93045,1.00000,0.48180,3
0.11118,0.08035,43.08206,1.00000,0.51287,3
0.12138,0.12528,50.21098,1.00000,0.44425,3
0.18691,0.18514,52.56115,1.00000,0.50963,3
0.14151,0.04499,40.75679,1.00000,0.65969,3
0.19760,0.05101,45.04401,1.00000,0.75990,3
0.13951,0.06211,46.69915,1.00000,0.40822,3
0.17996,0.04825,40.56111,1.00000,0.61405,3
0.10308,0.13801,45.85528,1.00000,0.64434,3
0.17011,0.10433,46.52732,1.00000,0.71879,3
0.17278,0.04175,43.18011,1.00000,0.70806,3
0.13537,0.08984,49.84101,1.00000,0.73730,3
0.16326,0.07219,40.31541,1.00000,0.56085,3
0.10625,0.04286,43.95346,1.00000,0.69277,3
0.12637,0.02920,50.00984,1.00000,0.52252,3
0.16880,0.03980,42.37588,1.00000,0.70587,3
0.16646,0.03030,42.63110,1.00000,0.57802,3
0.04608,0.09622,48.30547,1.00000,0.00000,3
0.16967,0.04470,44.28112,1.00000,0.75472,3
0.17625,0.05591,46.41801,1.00000,0.72651,3
0.11641,0.03067,39.33076,1.00000,0.60268,3
0.15741,0.16176,39.16559,1.00000,0.38739,3
0.15227,0.04442,42.20511,1.00000,0.73569,3
0.11646,0.13092,42.78778,1.00000,0.51352,3
0.15754,0.03333,49.06172,1.00000,0.66049,3
0.15607,0.33488,47.74857,1.00000,0.74679,3
0.12763,0.20711,41.11397,1.00000,0.29295,3
0.10091,0.43277,52.20188,1.00000,0.34725,3
0.15900,0.06270,46.79531,1.00000,0.41408,3
0.15952,0.09670,42.40272,1.00000,0.44414,3
0.15169,0.28020,48.42206,1.00000,0.79163,3
0.16936,0.06709,47.43070,1.00000,0.47602,3
0.13037,0.17690,51.96471,1.00000,0.49919,3
0.15462,0.09719,48.54757,1.00000,0.64423,3
0.15113,0.06073,44.52492,1.00000,0.34091,3
0.14255,0.06159,44.81012,1.00000,0.86805,3
0.18605,0.04612,41.74406,1.00000,0.50462,3
0.18107,0.08163,46.52808,1.00000,0.80890,3
0.10037,0.05296,47.30280,1.00000,0.53969,3
0.09561,0.14198,54.11812,1.00000,0.15955,3
0.20434,0.03647,45.84508,1.00000,0.49415,3
0.18635,0.03131,49.09406,1.00000,0.69806,3
0.15570,0.03229,41.05574,1.00000,0.61157,3
0.14456,0.08271,45.57122,1.00000,0.69085,3
0.18966,0.06506,46.70130,1.00000,0.60115,3
0.14093,0.06918,46.89559,1.00000,0.48159,3
0.08472,0.09483,41.77980,1.00000,0.43059,3
0.09455,0.02444,47.30112,1.00000,0.64592,3
0.18307,0.02422,41.52794,1.00000,0.55993,3
0.17391,0.06681,43.99141,1.00000,0.52108,3
0.19968,0.02923,44.86094,1.00000,0.79483,3
0.17135,0.02100,48.69809,1.00000,0.52466,3
0.12236,0.07709,44.78480,1.00000,0.58620,3
0.14960,0.17581,42.60683,1.00000,0.51709,3
0.17963,0.03239,49.84813,1.00000,0.78393,3
0.15155,0.07807,46.90715,1.00000,0.64468,3
0.17288,0.05053,42.55334,1.00000,0.64358,3
0.16129,0.04428,50.83478,1.00000,0.48606,3
0.10324,0.13170,47.04067,1.00000,0.93100,3
0.18015,0.04004,46.76593,1.00000,0.76178,3
0.11389,0.15394,53.48784,1.00000,0.61759,3
0.12612,0.13826,46.02445,1.00000,0.68814,3
0.16234,0.03897,43.84264,1.00000,0.47831,3
0.17588,0.03571,42.94321,1.00000,0.47231,3
0.14745,0.10757,49.43896,1.00000,0.65238,3
0.14280,0.02747,42.09312,1.00000,0.63520,3
0.12186,0.08161,38.31101,1.00000,0.34041,3
0.10876,0.06224,50.66108,1.00000,0.67844,3
0.15940,0.03367,44.44071,1.00000,0.64541,3
0.13136,0.08422,45.61302,1.00000,0.61287,3
0.16400,0.02761,45.29635,1.00000,0.57909,3
0.13657,0.12344,49.91403,1.00000,0.52846,3
0.15315,0.12719,48.01254,1.00000,0.60542,3
0.16121,0.03546,43.12819,1.00000,0.63555,3
0.13800,0.03768,44.28804,1.00000,0.57317,3
0.08091,0.37688,53.62800,1.00000,0.47879,3
0.15304,0.24304,53.00378,1.00000,0.65687,3
0.15023,0.13309,49.38330,1.00000,0.33223,3
0.16806,0.09091,52.62869,1.00000,0.25109,3
0.18555,0.02823,46.23355,1.00000,0.76642,3
0.12390,0.06296,43.16567,1.00000,0.18068,3
0.12612,0.06067,47.39052,1.00000,0.43722,3
0.15915,0.11847,44.56110,1.00000,0.85548,3
0.15829,0.08102,41.15518,1.00000,0.30258,3
0.10437,0.08183,53.72892,1.00000,0.65640,3
0.17569,0.08405,47.01757,1.00000,0.32143,3
0.14795,0.09721,46.29181,1.00000,0.49766,3
0.06198,0.33053,45.06915,1.00000,0.36896,3
0.09937,0.03441,43.25011,1.00000,0.66795,3
0.13507,0.10109,49.37074,1.00000,0.18915,3
0.18656,0.06283,49.24786,1.00000,0.67484,3
0.17595,0.03086,41.35779,1.00000,0.54574,3
0.12816,0.04192,40.99747,1.00000,0.47763,3
0.17489,0.15540,45.52706,1.00000,0.59904,3
0.18950,0.04644,47.51377,1.00000,0.48948,3
0.17129,0.05016,49.22351,1.00000,0.65436,3
0.15083,0.14092,50.96238,1.00000,0.60213,3
0.17308,0.06772,48.67961,1.00000,0.75048,3
0.14353,0.03874,47.31607,1.00000,0.73866,3
0.18839,0.02923,44.35559,1.00000,0.60959,3
0.18317,0.04107,44.51599,1.00000,0.67650,3
0.17198,0.05285,45.77173,1.00000,0.78607,3
0.17698,0.05994,50.46230,1.00000,0.55038,3
0.14822,0.08584,48.06791,1.00000,0.64173,3
0.14454,0.03455,48.94876,1.00000,0.70369,3
0.16648,0.03347,44.49581,1.00000,0.59861,3
0.14080,0.09052,47.33282,1.00000,0.46111,3
0.14210,0.13258,48.45453,1.00000,0.77770,3
0.11276,0.13167,43.50589,1.00000,0.51903,3
0.14388,0.05324,45.74630,1.00000,0.77009,3
0.22388,0.14762,48.57436,1.00000,0.31988,3
0.02940,0.32745,43.68668,1.00000,0.59611,3
0.12869,0.03783,45.95443,1.00000,0.80080,3
0.17098,0.10395,42.13092,1.00000,0.61933,3
0.15931,0.07734,48.66526,1.00000,0.46889,3
0.18205,0.06893,47.15520,1.00000,0.47530,3
0.15593,0.04522,46.88960,1.00000,0.88476,3
0.18029,0.02965,41.65996,1.00000,0.64014,3
0.17018,0.15092,51.35095,1.00000,0.26715,3
0.17578,0.16647,46.28517,1.00000,0.43332,3
0.17343,0.02300,46.27512,1.00000,0.62599,3
0.15848,0.04197,48.56767,1.00000,0.56960,3
0.14100,0.13953,50.35785,1.00000,0.70615,3
0.17478,0.03776,43.79943,1.00000,0.62023,3
0.17142,0.05403,50.48574,1.00000,0.58004,3
0.11833,0.04881,49.99174,1.00000,0.70622,3
0.13122,0.04634,43.77806,1.00000,0.56348,3
0.13711,0.25470,48.28667,1.00000,0.55170,3
0.18180,0.14386,47.25185,1.00000,0.46396,3
0.14848,0.25611,53.14147,1.00000,0.74179,3
0.09122,0.56889,43.79528,1.00000,0.17362,3
0.12602,0.09385,47.58929,1.00000,0.70693,3
0.13176,0.04303,42.35871,1.00000,0.48962,3
0.14063,0.04835,45.28329,1.00000,0.69894,3
0.15187,0.01826,46.81800,1.00000,0.59364,3
0.17363,0.03553,45.48859,1.00000,0.74483,3
0.18671,0.29623,54.05694,1.00000,0.41508,3
0.15739,0.03659,42.02247,1.00000,0.55899,3
0.15203,0.21409,51.06171,1.00000,0.59465,3
0.15962,0.04077,51.26238,1.00000,0.64317,3
0.13959,0.05649,42.28676,1.00000,0.55655,3
0.11340,0.04943,38.98832,1.00000,0.43012,3
0.14748,0.09753,45.49877,1.00000,0.18498,3
0.17016,0.04954,43.96014,1.00000,0.61173,3
0.16881,0.03550,48.00429,1.00000,0.73199,3
0.17490,0.08779,54.25518,1.00000,0.39798,3
0.18053,0.03850,47.22332,1.00000,0.57339,3
0.15445,0.05763,50.40430,1.00000,0.46584,3
0.12958,0.05931,44.81216,1.00000,0.70732,3
0.16605,0.02881,47.34609,1.00000,0.64342,3
0.18294,0.04406,36.98727,1.00000,0.68792,3
0.10714,0.13732,47.27877,1.00000,0.48996,3
0.20618,0.06381,43.72889,1.00000,0.55910,3
0.10518,0.14716,56.16913,1.00000,0.17362,3
0.16159,0.02618,38.52358,1.00000,0.43914,3
0.16729,0.04303,47.78148,1.00000,0.55782,3
0.12791,0.04294,44.76736,1.00000,0.61423,3
0.11422,0.11296,37.43067,1.00000,0.34599,3
0.17809,0.02977,48.93998,1.00000,0.76205,3
0.16874,0.05274,43.35747,1.00000,0.63194,3
0.11764,0.13529,46.48858,1.00000,0.59510,3
0.08507,0.11050,50.31977,1.00000,0.42906,3
0.13418,0.15578,52.37640,1.00000,0.32981,3
0.15958,0.04433,49.77900,1.00000,0.46119,3
0.16447,0.02160,40.89422,1.00000,0.64415,3
0.18799,0.14806,53.15868,1.00000,0.72016,3
0.13198,0.06469,48.86091,1.00000,0.37724,3
0.18105,0.08013,49.82521,1.00000,0.56368,3
0.18062,0.12222,48.55428,1.00000,0.68842,3
0.16455,0.04777,46.98279,1.00000,0.55053,3
0.16701,0.08316,38.83396,1.00000,0.27639,3
0.13335,0.06886,45.74023,1.00000,0.45532,3
0.16844,0.04752,45.52203,1.00000,0.75880,3
0.15056,0.15574,46.49073,1.00000,0.75254,3
0.19667,0.06479,46.14215,1.00000,0.63101,3
0.11262,0.04840,43.21588,1.00000,0.55407,3
0.17080,0.03445,46.67081,1.00000,0.60158,3
0.18164,0.04673,44.53280,1.00000,0.45442,3
0.15223,0.02817,45.12251,1.00000,0.61071,3
0.09919,0.04162,46.60486,1.00000,0.79025,3
0.16266,0.30854,47.69843,1.00000,0.30791,3
0.16863,0.08298,45.06292,1.00000,0.69601,3
0.16794,0.02439,46.34643,1.00000,0.78039,3
0.19924,0.04855,48.29526,1.00000,0.76735,3
0.15875,0.04845,48.41012,1.00000,0.63862,3
0.12032,0.04692,47.24123,1.00000,0.82585,3
0.09046,0.16114,48.36827,1.00000,0.62867,3
0.16914,0.04644,47.46211,1.00000,0.70159,3
0.15749,0.05573,48.14935,1.00000,0.42294,3
0.16534,0.06469,41.74050,1.00000,0.54138,3
0.13770,0.06716,45.20261,1.00000,0.50250,3
0.15535,0.05109,42.16568,1.00000,0.89677,3
0.13035,0.14964,53.11448,1.00000,0.68692,3
0.07486,0.19276,49.46678,1.00000,0.67556,3
0.18070,0.06992,42.37665,1.00000,0.72406,3
0.18395,0.03229,49.36077,1.00000,0.74575,3
0.14239,0.14489,50.61495,1.00000,0.56481,3
0.16531,0.03971,44.49715,1.00000,0.54230,3
0.17599,0.03080,45.10167,1.00000,0.58402,3
0.17698,0.03597,45.76614,1.00000,0.64209,3
0.16422,0.08923,42.99321,1.00000,0.52058,3
0.11141,0.18278,48.77682,1.00000,0.21451,3
0.17203,0.03252,44.01211,1.00000,0.65578,3
0.17328,0.02977,46.99101,1.00000,0.54327,3
0.19261,0.05144,52.84827,1.00000,0.57688,3
0.19045,0.07166,48.99493,1.00000,0.46657,3
0.16882,0.10877,46.08295,1.00000,0.26381,3
0.14405,0.23750,56.08099,1.00000,0.44040,3
0.18920,0.04845,44.79624,1.00000,0.67638,3
0.14292,0.05383,44.22490,1.00000,0.48705,3
0.13461,0.08983,43.75123,1.00000,0.27967,3
0.19088,0.13523,41.55363,1.00000,0.79271,3
0.17051,0.06871,45.02195,1.00000,0.58393,3
0.15733,0.05191,44.21247,1.00000,0.53813,3
0.14928,0.03967,45.55198,1.00000,0.59876,3
0.18902,0.06243,41.54451,1.00000,0.67081,3
0.16710,0.03452,46.62002,1.00000,0.74539,3
0.15956,0.02204,46.54679,1.00000,0.61906,3
0.14716,0.03452,46.22573,1.00000,0.67200,3
0.16388,0.03354,44.75837,1.00000,0.72958,3
0.16245,0.04742,44.58081,1.00000,0.75456,3
0.17290,0.03870,43.91749,1.00000,0.58980,3
0.10379,0.05036,44.39457,1.00000,0.77648,3
0.16706,0.03024,49.02932,1.00000,0.68310,3
0.16857,0.07265,47.58021,1.00000,0.58757,3
0.17451,0.03064,41.31574,1.00000,0.60722,3
0.17861,0.01894,50.42485,1.00000,0.70447,3
0.16024,0.02711,46.40194,1.00000,0.65428,3
0.17130,0.03313,44.53455,1.00000,0.75713,3
0.09405,0.10410,46.13788,1.00000,0.64173,3
0.17459,0.14843,41.60572,1.00000,0.28991,3
0.13765,0.11233,48.37195,1.00000,0.45155,3
0.13524,0.02198,49.01312,1.00000,0.61436,3
0.13663,0.03024,49.68327,1.00000,0.85313,3
0.16815,0.06144,50.94278,1.00000,0.45915,3
0.16327,0.03354,43.68194,1.00000,0.67789,3
0.17735,0.04723,47.23272,1.00000,0.35862,3
0.15991,0.03021,48.23349,1.00000,0.59344,3
0.15989,0.05729,46.84719,1.00000,0.60456,3
0.18221,0.03337,48.38576,1.00000,0.57362,3
0.17767,0.04149,43.37819,1.00000,0.76639,3
0.15963,0.05165,47.43448,1.00000,0.69248,3
0.15735,0.06230,46.33421,1.00000,0.83081,3
0.14907,0.06940,44.96435,1.00000,0.36968,3
0.17617,0.08068,43.52293,1.00000,0.60860,3
0.18041,0.03176,51.47707,1.00000,0.72722,3
0.10813,0.04424,45.44685,1.00000,0.71235,3
0.16413,0.03343,44.96630,1.00000,0.42493,3
0.17408,0.03866,50.41348,1.00000,0.64636,3
0.13755,0.06337,43.96278,1.00000,0.71166,3
0.16127,0.22523,48.47089,1.00000,0.73911,3
0.13245,0.06250,52.16610,1.00000,0.44317,3
0.10856,0.03030,48.94119,1.00000,0.45347,3
0.14813,0.02814,49.20662,1.00000,0.56974,3
0.18945,0.06813,45.22905,1.00000,0.25939,3
0.15068,0.04299,52.18249,1.00000,0.74695,3
0.13343,0.04424,50.88034,1.00000,0.51951,3
0.09912,0.03901,42.51826,1.00000,0.49754,3
0.17165,0.12515,43.67169,1.00000,0.42649,3
0.15017,0.06191,39.79929,1.00000,0.47268,3
0.18008,0.03027,42.56166,1.00000,0.64708,3
0.15814,0.07940,44.69807,1.00000,0.30541,3
0.16562,0.06165,44.47194,1.00000,0.60202,3
0.16312,0.06029,46.93214,1.00000,0.59332,3
0.16781,0.05498,48.09663,1.00000,0.45307,3
0.16725,0.06304,49.71931,1.00000,0.40618,3
0.15027,0.02508,47.22923,1.00000,0.39621,3
0.16576,0.03337,40.88146,1.00000,0.45497,3
0.01131,0.37707,55.35613,1.00000,0.47786,3
0.17783,0.05149,49.32352,1.00000,0.45080,3
0.15510,0.03269,45.14104,1.00000,0.65314,3
0.17449,0.05088,40.16895,1.00000,0.58558,3
0.10934,0.09297,46.78323,1.00000,0.51790,3
0.17225,0.03575,46.72055,1.00000,0.49576,3
0.15055,0.09329,42.33046,1.00000,0.60312,3
0.16485,0.04943,41.77456,1.00000,0.54126,3
0.12487,0.09292,46.18855,1.00000,0.64284,3
0.09360,0.07392,46.29047,1.00000,0.79534,3
0.14417,0.02100,46.28091,1.00000,0.70854,3
0.18896,0.04098,50.82621,1.00000,0.70688,3
0.17826,0.03343,46.96581,1.00000,0.58488,3
0.15956,0.04289,44.71170,1.00000,0.49866,3
0.12842,0.28617,47.01975,1.00000,0.77490,3
0.16153,0.03971,50.42924,1.00000,0.56989,3
0.17020,0.04475,46.46742,1.00000,0.56395,3
0.17566,0.03448,48.72189,1.00000,0.63473,3
0.13327,0.09372,50.38629,1.00000,0.51248,3
0.12458,0.09611,46.18345,1.00000,0.81484,3
0.15333,0.02719,42.98416,1.00000,0.61574,3
0.13545,0.15319,40.83592,1.00000,0.27528,3
0.17599,0.02505,47.41299,1.00000,0.67669,3
0.17478,0.06821,47.51748,1.00000,0.18990,3
0.15314,0.03903,48.39379,1.00000,0.54256,3
0.08481,0.25325,40.09620,1.00000,0.21296,3
0.16236,0.06237,44.37058,1.00000,0.59030,3
0.14970,0.03189,51.78571,1.00000,0.60390,3
0.07932,0.12584,51.17229,1.00000,0.31880,3
0.15922,0.03971,47.28365,1.00000,0.81464,3
0.14311,0.01998,46.22203,1.00000,0.64999,3
0.18129,0.04943,47.06582,1.00000,0.68996,3
0.17020,0.02613,43.96296,1.00000,0.45675,3
0.13759,0.03448,47.64297,1.00000,0.73495,3
0.16513,0.03128,49.55161,1.00000,0.58698,3
0.12680,0.10862,46.15250,1.00000,0.51552,3
0.19221,0.05515,43.47779,1.00000,0.59658,3
0.16766,0.07228,46.36755,1.00000,0.68287,3
0.10422,0.07412,46.55276,1.00000,0.22007,3
0.14256,0.06401,48.71506,1.00000,0.90387,3
0.14428,0.12571,48.97890,1.00000,0.85559,3
0.08191,0.33778,51.42655,1.00000,0.44148,3
0.09597,0.01692,47.04038,1.00000,0.68081,3
0.18589,0.05643,48.50368,1.00000,0.51232,3
0.15284,0.03046,50.66600,1.00000,0.59581,3
0.13324,0.05470,47.68656,1.00000,0.36684,3
0.14743,0.03760,49.71595,1.00000,0.56307,3
0.18562,0.02618,46.02459,1.00000,0.80059,3
0.13668,0.05057,41.38778,1.00000,0.37627,3
0.18082,0.02300,47.39845,1.00000,0.67312,3
0.08452,0.29262,52.18788,1.00000,0.45711,3
0.15653,0.10874,48.17980,1.00000,0.74249,3
0.17093,0.04702,45.76631,1.00000,0.44817,3
0.03425,0.26978,55.49389,1.00000,0.52304,3
0.20555,0.05492,40.98075,1.00000,0.81565,3
0.17258,0.07758,44.23055,1.00000,0.50571,3
0.14500,0.04508,40.21208,1.00000,0.48044,3
0.16386,0.05696,47.40211,1.00000,0.53491,3
0.10428,0.04891,46.23967,1.00000,0.73940,3
0.15185,0.07634,53.23855,1.00000,0.69855,3
0.17182,0.02610,41.00622,1.00000,0.59864,3
0.18328,0.05962,42.40196,1.00000,0.66168,3
0.18952,0.05796,42.77604,1.00000,0.67015,3
0.13147,0.05521,51.31324,1.00000,0.52599,3
0.15180,0.04886,48.17004,1.00000,0.42765,3
0.09016,0.33565,51.74313,1.00000,0.43715,3
0.15642,0.07799,48.20427,1.00000,0.59930,3
0.18852,0.15566,56.39429,1.00000,0.29299,3
0.15511,0.06051,42.88433,1.00000,0.60770,3
0.16771,0.04103,48.40336,1.00000,0.75802,3
0.10173,0.04497,46.24736,1.00000,0.69764,3
0.17015,0.13517,47.27345,1.00000,0.69218,3
0.14467,0.03255,48.90530,1.00000,0.54728,3
0.16549,0.05165,48.60105,1.00000,0.77854,3
0.17305,0.03183,47.82713,1.00000,0.53716,3
0.14875,0.03561,42.64262,1.00000,0.64231,3
0.15928,0.09978,48.93825,1.00000,0.45595,3
0.15118,0.04727,46.70192,1.00000,0.62177,3
0.11450,0.22911,50.18515,1.00000,0.74602,3
0.16779,0.04303,43.93185,1.00000,0.62265,3
0.10515,0.36486,63.93750,1.00000,0.00000,3
0.17210,0.06513,44.11367,1.00000,0.74329,3
0.14770,0.07595,48.23131,1.00000,0.97391,3
0.09791,0.15017,51.42182,1.00000,0.83747,3
0.15072,0.08307,50.19837,1.00000,0.13823,3
0.14638,0.01935,48.77975,1.00000,0.60581,3
0.17282,0.02510,48.19554,1.00000,0.87680,3
0.17294,0.12081,55.04958,1.00000,0.45318,3
0.20620,0.08271,43.77055,1.00000,0.71767,3
0.16414,0.03242,50.33820,1.00000,0.82593,3
0.09734,0.05876,46.38624,1.00000,0.49078,3
0.17938,0.14770,45.24548,1.00000,0.72519,3
0.17155,0.03557,47.62401,1.00000,0.61011,3
0.12447,0.02817,44.44633,1.00000,0.56621,3
0.16474,0.04184,41.79627,1.00000,0.65126,3
0.10683,0.02749,43.58908,1.00000,0.65579,3
0.17648,0.04886,46.13985,1.00000,0.80330,3
0.10953,0.15548,51.37422,1.00000,0.44939,3
0.19118,0.05970,50.64793,1.00000,0.74857,3
0.15857,0.04392,44.45650,1.00000,0.60337,3
0.17587,0.06427,46.26382,1.00000,0.58901,3
0.18534,0.04969,44.96407,1.00000,0.48835,3
0.12882,0.12727,44.64361,1.00000,0.81104,3
0.17133,0.04424,44.64676,1.00000,0.54412,3
0.16506,0.03842,51.52332,1.00000,0.63181,3
0.16533,0.09622,50.29647,1.00000,0.66880,3
0.13812,0.05280,45.63950,1.00000,0.66932,3
0.17442,0.03350,49.80841,1.00000,0.63167,3
0.17379,0.05247,45.01366,1.00000,0.59134,3
0.16750,0.03302,47.61704,1.00000,0.72277,3
0.14600,0.07758,47.26965,1.00000,0.26900,3
0.11770,0.12067,44.85422,1.00000,0.43664,3
0.16353,0.04406,39.88216,1.00000,0.48048,3
0.17053,0.04906,45.25778,1.00000,0.50724,3
0.16863,0.07668,47.53806,1.00000,0.74269,3
0.19368,0.12725,44.07951,1.00000,0.63499,3
0.18033,0.04281,45.26601,1.00000,0.72189,3
0.19525,0.03874,48.74429,1.00000,0.66035,3
0.08468,0.14512,51.70021,1.00000,0.50421,3
0.15365,0.07754,47.55805,1.00000,0.30553,3
0.13967,0.25452,53.65815,1.00000,0.75968,3
0.17116,0.06878,48.51468,1.00000,0.35047,3
0.16827,0.02505,46.11664,1.00000,0.55730,3
0.14064,0.03480,49.62584,1.00000,0.63400,3
0.16313,0.04041,42.61934,1.00000,0.68395,3
0.11184,0.05602,44.46699,1.00000,0.43105,3
0.12329,0.14335,46.43120,1.00000,0.46509,3
0.15523,0.17257,53.22980,1.00000,0.63548,3
0.13397,0.07082,47.35158,1.00000,0.26486,3
0.17699,0.07513,45.55999,1.00000,0.51194,3
0.17945,0.04733,49.51996,1.00000,0.65585,3
0.17645,0.01388,51.05392,1.00000,0.56798,3
0.14661,0.03913,43.66255,1.00000,0.57308,3
0.15511,0.02510,47.99970,1.00000,0.56000,3
0.15482,0.02096,46.15351,1.00000,0.60065,3
0.14994,0.05602,43.05183,1.00000,0.75323,3
0.13982,0.03333,45.39215,1.00000,0.76445,3
0.18006,0.10867,45.66900,1.00000,0.55767,3
0.16238,0.03055,53.66131,1.00000,0.44896,3
0.15913,0.02410,43.99116,1.00000,0.59059,3
0.14833,0.05181,49.66883,1.00000,0.55186,3
0.19146,0.04718,43.33618,1.00000,0.20822,3
0.10407,0.09091,50.77115,1.00000,0.57701,3
0.11414,0.06283,41.44788,1.00000,0.26800,3
0.18697,0.06283,45.35741,1.00000,0.79523,3
0.18264,0.22739,46.59109,1.00000,0.27789,3
0.10777,0.05613,42.27616,1.00000,0.71738,3
0.03961,0.22932,56.26207,1.00000,0.45198,3
0.14834,0.02923,40.99004,1.00000,0.59136,3
0.11981,0.18273,47.36985,1.00000,0.87510,3
0.11552,0.16298,48.90427,1.00000,0.19833,3
0.18538,0.05509,45.74616,1.00000,0.86961,3
0.11765,0.19902,44.69478,1.00000,0.26007,3
0.17978,0.04271,47.69099,1.00000,0.68977,3
0.14553,0.04392,46.31383,1.00000,0.72996,3
0.09024,0.26183,48.88957,1.00000,0.55084,3
0.15325,0.06204,40.68030,1.00000,0.57991,3
0.13422,0.18613,43.65053,1.00000,0.80695,3
0.16258,0.04406,41.46719,1.00000,0.86581,3
0.17459,0.02923,41.64678,1.00000,0.71689,3
0.14891,0.04825,46.31439,1.00000,0.59088,3
0.18395,0.06042,48.96897,1.00000,0.52282,3
0.13379,0.09613,44.99278,1.00000,0.62517,3
0.17417,0.05729,47.80972,1.00000,0.70033,3
0.12026,0.02926,46.81551,1.00000,0.54016,3
0.15895,0.04188,46.05360,1.00000,0.55587,3
0.09719,0.07651,48.70110,1.00000,0.57363,3
0.15667,0.03024,45.05223,1.00000,0.62868,3
0.19041,0.02814,50.31897,1.00000,0.53093,3
0.17810,0.06191,47.84159,1.00000,0.44827,3
0.04028,0.40809,55.18744,1.00000,0.10664,3
0.16347,0.04348,42.40961,1.00000,0.60412,3
0.16273,0.03367,46.86335,1.00000,0.61252,3
0.06011,0.71429,50.77365,1.00000,0.55400,3
0.12612,0.07856,45.58330,1.00000,0.81700,3
0.15165,0.05072,50.18724,1.00000,0.54538,3
0.14210,0.03030,48.61196,1.00000,0.60367,3
0.12101,0.05851,48.81428,1.00000,0.52338,3
0.16920,0.03905,48.52684,1.00000,0.40490,3
0.19517,0.03901,44.21372,1.00000,0.67844,3
0.13456,0.11261,43.95482,1.00000,0.35872,3
0.19110,0.09257,55.53664,1.00000,0.16270,3
0.16334,0.06316,43.09037,1.00000,0.57123,3
0.14174,0.07611,47.36525,1.00000,0.53083,3
0.17004,0.03866,49.42899,1.00000,0.49231,3
0.13366,0.04757,46.53860,1.00000,0.43522,3
0.15498,0.03183,45.11228,1.00000,0.47701,3
0.17380,0.04593,45.87226,1.00000,0.53953,3
0.17068,0.04124,48.15288,1.00000,0.60875,3
0.18136,0.06776,49.83991,1.00000,0.69730,3
0.16211,0.03550,46.01489,1.00000,0.45670,3
0.15921,0.05041,47.36478,1.00000,0.46612,3
0.17767,0.13886,41.90176,1.00000,0.55437,3
0.15429,0.06006,43.58575,1.00000,0.45736,3
0.13763,0.04611,45.66525,1.00000,0.66160,3
0.12615,0.03459,47.44146,1.00000,0.57782,3
0.17280,0.06127,49.04322,1.00000,0.36765,3
0.18624,0.02410,42.94299,1.00000,0.68771,3
0.17766,0.03249,52.40504,1.00000,0.74228,3
0.16643,0.02198,42.47806,1.00000,0.70273,3
0.16554,0.03128,41.72202,1.00000,0.47569,3
0.18401,0.14122,49.18858,1.00000,0.31994,3
0.17237,0.02307,45.78944,1.00000,0.70600,3
0.16524,0.03239,42.92914,1.00000,0.68669,3
0.13140,0.23569,50.43542,1.00000,0.25162,3
0.13806,0.16872,49.40149,1.00000,0.46609,3
0.15579,0.06099,46.95087,1.00000,0.58891,3
0.15637,0.06751,46.54797,1.00000,0.59010,3
0.08430,0.28877,56.27462,1.00000,0.45103,3
0.16328,0.11564,53.17899,1.00000,0.57938,3
0.12810,0.05882,51.43592,1.00000,0.50213,3
0.19170,0.06751,47.35996,1.00000,0.71780,3
0.14009,0.06611,45.72918,1.00000,0.33526,3
0.17486,0.03677,43.41117,1.00000,0.68440,3
0.12859,0.08487,49.60141,1.00000,0.66375,3
0.16390,0.03759,48.15602,1.00000,0.59624,3
0.17610,0.06758,47.12421,1.00000,0.44237,3
0.14305,0.05694,48.20060,1.00000,0.67225,3
0.12596,0.07447,44.18704,1.00000,0.38856,3
0.09924,0.05192,51.89293,1.00000,0.57512,3
0.15746,0.08469,46.58686,1.00000,0.39808,3
0.09527,1.00000,54.03701,1.00000,0.48055,3
0.13137,0.09924,52.42355,1.00000,0.42379,3
0.14224,0.04947,39.59975,1.00000,0.40235,3
0.16239,0.03173,44.15601,1.00000,0.75288,3
0.16003,0.09229,44.58865,1.00000,0.53081,3
0.10290,0.08990,51.33526,1.00000,0.00000,3
0.17780,0.03502,43.78432,1.00000,0.66636,3
0.13594,0.10988,41.28774,1.00000,0.51599,3
0.20087,0.03976,39.80006,1.00000,0.65962,3
0.17566,0.12646,45.10248,1.00000,0.63602,3
0.18630,0.03340,44.74644,1.00000,0.55944,3
0.16000,0.02650,48.43178,1.00000,0.72803,3
0.19246,0.03452,42.27912,1.00000,0.64098,3
0.18029,0.03783,44.76019,1.00000,0.65436,3
0.16803,0.02202,46.31952,1.00000,0.58266,3
0.16915,0.06830,52.23199,1.00000,0.75745,3
0.20259,0.03971,45.87614,1.00000,0.80495,3
0.19151,0.08387,43.58832,1.00000,0.69063,3
0.17243,0.02335,47.87849,1.00000,0.69066,3
0.14912,0.06408,45.24598,1.00000,0.68866,3
0.12853,0.03971,49.01898,1.00000,0.36362,3
0.15399,0.06452,36.74826,1.00000,0.38804,3
0.13155,0.13048,46.36924,1.00000,0.74759,3
0.10184,0.07970,45.56489,1.00000,0.45057,3
0.12413,0.07188,53.88033,1.00000,0.44983,3
0.17372,0.04103,48.48135,1.00000,0.47576,3
0.17122,0.03590,44.94947,1.00000,0.54489,3
0.12199,0.03021,47.78425,1.00000,0.56259,3
0.03062,0.27968,53.18016,1.00000,0.47531,3
0.14897,0.21552,51.51980,1.00000,0.75180,3
0.20350,0.05400,49.98308,1.00000,0.55509,3
0.14873,0.01994,46.61303,1.00000,0.71957,3
0.16828,0.03021,43.25515,1.00000,0.40815,3
0.17068,0.03882,49.82459,1.00000,0.81023,3
0.15691,0.10874,43.53715,1.00000,0.58668,3
0.15175,0.03399,42.37825,1.00000,0.73831,3
0.17083,0.01795,42.71009,1.00000,0.72442,3
0.11415,0.07779,47.35874,1.00000,0.72090,3
0.13773,0.13575,49.70489,1.00000,0.19897,3
0.17234,0.03787,46.85816,1.00000,0.59049,3
0.12558,0.02823,46.71265,1.00000,0.63317,3
0.12887,0.14988,55.90964,1.00000,0.21769,3
0.18577,0.13043,50.20163,1.00000,0.83941,3
0.15852,0.05057,49.68997,1.00000,0.69179,3
0.13067,0.04406,51.37753,1.00000,0.67555,3
0.18904,0.03462,51.39542,1.00000,0.86626,3
0.17052,0.06172,50.51077,1.00000,0.69770,3
0.10991,0.15525,48.14129,1.00000,0.68047,3
0.09726,0.11560,49.93662,1.00000,0.62597,3
0.17500,0.02733,43.00232,1.00000,0.61031,3
0.15807,0.03550,41.31594,1.00000,0.60755,3
0.06661,0.23929,54.81764,1.00000,0.47911,3
0.16205,0.05016,44.68388,1.00000,0.65814,3
0.13565,0.11625,45.23447,1.00000,0.80981,3
0.14706,0.07188,42.97050,1.00000,0.50851,3
0.17549,0.02213,47.59602,1.00000,0.81327,3
0.16506,0.03772,45.81806,1.00000,0.53270,3
0.17421,0.06086,45.74348,1.00000,0.54230,3
0.18606,0.15000,49.82927,1.00000,0.70008,3
0.17178,0.06243,43.69865,1.00000,0.55541,3
0.16732,0.07769,44.48344,1.00000,0.45079,3
0.17187,0.04077,45.08224,1.00000,0.57250,3
0.16554,0.05821,48.30022,1.00000,0.57198,3
0.13464,0.09300,41.97661,1.00000,0.54476,3
0.19025,0.12203,45.52544,1.00000,0.51546,3
0.14661,0.08094,36.35057,1.00000,0.43263,3
0.17483,0.13853,43.39838,1.00000,0.87235,3
0.15962,0.03024,47.17954,1.00000,0.71111,3
0.16682,0.03926,44.19656,1.00000,0.64061,3
0.18311,0.04073,45.51513,1.00000,0.41134,3
0.17766,0.01996,49.89473,1.00000,0.76810,3
0.16048,0.04090,44.02573,1.00000,0.65119,3
0.17121,0.04601,48.31508,1.00000,0.60804,3
0.15742,0.02823,46.30331,1.00000,0.67109,3
0.16928,0.04888,47.64226,1.00000,0.79467,3
0.16049,0.03662,45.33976,1.00000,0.60328,3
0.09505,0.08304,53.45845,1.00000,0.57281,3
0.17107,0.02823,43.17501,1.00000,0.72798,3
0.16611,0.06013,41.56617,1.00000,0.56973,3
0.20080,0.10153,46.45238,1.00000,0.70608,3
0.13176,0.03543,39.99811,1.00000,0.52995,3
0.17548,0.05106,43.05378,1.00000,0.63002,3
0.17926,0.04933,43.83409,1.00000,0.68943,3
0.17108,0.04625,45.83280,1.00000,0.76308,3
0.17576,0.03093,53.17289,1.00000,0.51537,3
0.13258,0.09335,57.51716,1.00000,0.33357,3
0.16241,0.08779,48.72135,1.00000,0.61043,3
0.18100,0.03958,44.34304,1.00000,0.79261,3
0.16366,0.05072,48.77392,1.00000,0.38901,3
0.18200,0.08795,47.53884,1.00000,0.76044,3
0.10911,0.04410,54.19759,1.00000,0.56389,3
0.14233,0.08896,41.49934,1.00000,0.16441,3
0.16741,0.04397,46.74153,1.00000,0.50904,3
0.16305,0.03040,44.16396,1.00000,0.62643,3
0.14765,0.04184,45.45995,1.00000,0.67567,3
0.10330,0.03764,42.93776,1.00000,0.41393,3
0.15794,0.02610,41.97061,1.00000,0.52106,3
0.11019,0.07463,44.33342,1.00000,0.63871,3
0.11217,0.03470,47.46163,1.00000,0.63670,3
0.15141,0.03343,50.61527,1.00000,0.49360,3
0.15910,0.15395,47.45102,1.00000,0.85073,3
0.18480,0.02608,43.74993,1.00000,0.70165,3
0.15486,0.02621,47.62366,1.00000,0.44294,3
0.17004,0.02918,48.35169,1.00000,0.54523,3
0.15584,0.03502,49.27267,1.00000,0.67984,3
0.09984,0.07045,48.56168,1.00000,0.65949,3
0.16397,0.04348,49.27195,1.00000,0.60982,3
0.13616,0.04403,44.29965,1.00000,0.50858,3
0.18293,0.04504,42.33447,1.00000,0.70595,3
0.13551,0.02769,49.12208,1.00000,0.74475,3
0.15155,0.05937,51.95754,1.00000,0.41552,3
0.17557,0.03862,45.79493,1.00000,0.72199,3
0.15012,0.06390,49.35286,1.00000,0.35133,3
0.10036,0.03655,48.39629,1.00000,0.66300,3
0.19681,0.03830,41.76819,1.00000,0.82268,3
0.16593,0.02932,45.36759,1.00000,0.66048,3
0.17931,0.03141,46.29716,1.00000,0.60288,3
0.16306,0.12245,50.63468,1.00000,0.28481,3
0.16330,0.11517,42.52217,1.00000,0.56411,3
0.15915,0.06618,43.15109,1.00000,0.59390,3
0.16925,0.06042,45.73598,1.00000,0.71435,3
0.12473,0.13161,53.57437,1.00000,0.58379,3
0.17580,0.08751,40.43419,1.00000,0.20332,3
0.16564,0.05470,48.27264,1.00000,0.48659,3
0.17298,0.03255,47.76278,1.00000,0.53557,3
0.16519,0.03882,47.42881,1.00000,0.69556,3
0.13229,0.01994,47.41597,1.00000,0.69735,3
0.15819,0.04303,48.03613,1.00000,0.60289,3
0.11680,0.03897,48.72144,1.00000,0.54373,3
0.15181,0.03459,47.15607,1.00000,0.56606,3
0.16389,0.02207,44.05235,1.00000,0.61632,3
0.17656,0.04545,48.66482,1.00000,0.49949,3
0.17992,0.26404,51.98329,1.00000,0.77249,3
0.19477,0.09372,52.16906,1.00000,0.68504,3
0.16413,0.06025,46.38657,1.00000,0.49522,3
0.10044,0.10832,50.70312,1.00000,0.18454,3
0.15478,0.03988,46.04970,1.00000,0.60498,3
0.09104,0.34815,54.94373,1.00000,0.47016,3
0.15118,0.06695,51.24329,1.00000,0.56616,3
0.16621,0.05735,48.39598,1.00000,0.61880,3
0.17529,0.03988,44.37896,1.00000,0.76900,3
0.16358,0.06751,39.67037,1.00000,0.65165,3
0.15108,0.04299,40.40455,1.00000,0.73410,3
0.14362,0.15730,47.50682,1.00000,0.23128,3
0.16160,0.03984,43.67372,1.00000,0.70660,3
0.13924,0.16129,43.41605,1.00000,0.62565,3
0.12677,0.03866,44.89275,1.00000,0.69049,3
0.13570,0.05620,40.35633,1.00000,0.68221,3
0.14180,0.03011,46.57366,1.00000,0.69494,3
0.11890,0.12037,50.92045,1.00000,0.34645,3
0.11526,0.09514,48.42964,1.00000,0.21248,3
0.12526,0.03666,45.33082,1.00000,0.54760,3
0.10585,0.05144,43.36236,1.00000,0.65014,3
0.18499,0.03546,47.83995,1.00000,0.64144,3
0.18099,0.02714,42.24257,1.00000,0.61161,3
0.09525,0.14188,50.69231,1.00000,0.88828,3
0.15166,0.02820,46.36528,1.00000,0.75809,3
0.07669,0.25992,60.33889,1.00000,0.32745,3
0.15971,0.01892,50.66523,1.00000,0.71534,3
0.16734,0.19974,48.09237,1.00000,0.59358,3
0.07844,0.63934,53.15836,1.00000,0.55269,3
0.15812,0.04107,43.52907,1.00000,0.66877,3
0.15507,0.07758,46.19019,1.00000,0.18990,3
0.17874,0.02608,44.44974,1.00000,0.52269,3
0.16853,0.03074,44.97913,1.00000,0.65374,3
0.17319,0.03523,44.26236,1.00000,0.49973,3
0.14073,0.10033,46.41343,1.00000,0.43333,3
0.16873,0.04077,44.55720,1.00000,0.52768,3
0.16167,0.04891,43.77779,1.00000,0.66475,3
0.15160,0.04620,47.05900,1.00000,0.64805,3
0.19145,0.11160,42.64642,1.00000,0.17294,3
0.09220,0.41875,50.62406,1.00000,0.74579,3
0.14863,0.11162,43.23497,1.00000,0.74578,3
0.08534,0.32754,52.30365,1.00000,0.44846,3
0.18239,0.12400,49.66359,1.00000,0.45311,3
0.16380,0.05747,46.08457,1.00000,0.47339,3
0.12623,0.05590,47.66342,1.00000,0.58625,3
0.16992,0.04290,47.45556,1.00000,0.62826,3
0.17748,0.05956,38.47151,1.00000,0.45421,3
0.16644,0.05325,49.02241,1.00000,0.30833,3
0.09048,0.22293,54.04766,1.00000,0.70169,3
0.08548,0.32370,54.90366,1.00000,0.58179,3
0.16928,0.05889,45.86287,1.00000,0.37104,3
0.11234,0.09901,48.66259,1.00000,0.26132,3
0.16486,0.07073,42.81577,1.00000,0.26214,3
0.17819,0.07537,46.64919,1.00000,0.64324,3
0.15495,0.05456,49.71623,1.00000,0.37335,3
0.18182,0.02098,41.22839,1.00000,0.67239,3
0.15485,0.08798,47.41944,1.00000,0.09901,3
0.16925,0.03350,41.87986,1.00000,0.72399,3
0.18817,0.04954,44.55291,1.00000,0.78673,3
0.17866,0.03441,48.44735,1.00000,0.73527,3
0.15385,0.05981,43.95834,1.00000,0.60638,3
0.15989,0.08214,47.23135,1.00000,0.39790,3
0.14278,0.03811,45.97319,1.00000,0.66662,3
0.16992,0.04938,48.50988,1.00000,0.75754,3
0.16440,0.02405,44.22197,1.00000,0.58220,3
0.17347,0.04397,50.19464,1.00000,0.55086,3
0.16941,0.04639,45.69601,1.00000,0.73151,3
0.14447,0.04406,42.91211,1.00000,0.74214,3
0.13479,0.07423,48.61487,1.00000,0.48869,3
0.11139,0.05149,43.42848,1.00000,0.65972,3
0.07148,0.14334,47.25709,1.00000,0.79686,3
0.17176,0.01994,47.97237,1.00000,0.62100,3
0.15364,0.09806,47.71213,1.00000,0.85252,3
0.11237,0.16981,47.46992,1.00000,0.73286,3
0.16124,0.12984,46.26870,1.00000,0.52092,3
0.17892,0.07595,48.13256,1.00000,0.35864,3
0.13080,0.12164,44.50597,1.00000,0.28722,3
0.17594,0.05099,49.26778,1.00000,0.77240,3
0.15298,0.22846,52.06960,1.00000,0.82555,3
0.17455,0.10122,46.36132,1.00000,0.71415,3
0.10125,0.04531,46.51218,1.00000,0.56427,3
0.14259,0.08094,39.97603,1.00000,0.48289,3
0.12791,0.04708,46.94063,1.00000,0.72340,3
0.15212,0.03874,43.67214,1.00000,0.64627,3
0.17078,0.03445,45.91007,1.00000,0.65987,3
0.14766,0.03874,48.62279,1.00000,0.58589,3
0.11769,0.09508,43.78659,1.00000,0.62763,3
0.16131,0.03882,46.33415,1.00000,0.67811,3
0.14604,0.15954,45.58630,1.00000,0.67399,3
0.17251,0.04286,45.71884,1.00000,0.53474,3
0.15948,0.03594,44.01106,1.00000,0.44351,3
0.15886,0.05383,44.93631,1.00000,0.28316,3
0.14986,0.02920,43.15496,1.00000,0.72537,3
0.17670,0.04000,44.55263,1.00000,0.63076,3
0.16721,0.06813,46.38649,1.00000,0.63289,3
0.18031,0.04504,46.76673,1.00000,0.32659,3
0.13731,0.10726,51.73208,1.00000,0.32398,3
0.12097,0.06689,48.05892,1.00000,0.53980,3
0.15932,0.08653,42.52658,1.00000,0.45006,3
0.16405,0.02616,43.05409,1.00000,0.69854,3
0.16130,0.05937,47.65901,1.00000,0.54711,3
0.15534,0.05637,45.54360,1.00000,0.54292,3
0.11524,0.01796,45.21977,1.00000,0.65919,3
0.15522,0.04727,42.97460,1.00000,0.51441,3
0.15126,0.05236,49.26551,1.00000,0.54639,3
0.16218,0.05072,41.75991,1.00000,0.42755,3
0.16621,0.02920,49.12717,1.00000,0.76962,3
0.17935,0.14075,50.88177,1.00000,0.89295,3
0.16088,0.05460,47.23555,1.00000,0.63711,3
0.18501,0.05711,45.92395,1.00000,0.61647,3
0.12641,0.03138,40.83983,1.00000,0.60065,3
0.18348,0.43636,52.73047,1.00000,0.12646,3
0.18637,0.08114,42.65217,1.00000,0.72870,3
0.09304,0.05956,44.49645,1.00000,0.61920,3
0.17812,0.03027,49.43620,1.00000,0.74671,3
0.16039,0.03239,43.41650,1.00000,0.64265,3
0.11183,0.05631,48.48743,1.00000,0.71658,3
0.11020,0.07537,45.96106,1.00000,0.73382,3
0.14500,0.13443,36.77021,1.00000,0.29652,3
0.15722,0.05046,46.44241,1.00000,0.37671,3
0.17897,0.02778,46.61411,1.00000,0.56378,3
0.16895,0.03655,46.22407,1.00000,0.61225,3
0.09386,0.48915,55.90415,1.00000,0.47155,3
0.14751,0.04397,45.91328,1.00000,0.52181,3
0.16659,0.07725,54.57576,1.00000,0.59174,3
0.18089,0.02618,46.17746,1.00000,0.47171,3
0.17937,0.01715,47.66686,1.00000,0.67151,3
0.18119,0.03601,46.32583,1.00000,0.76758,3
0.17141,0.07294,44.52032,1.00000,0.72411,3
0.14500,0.07439,48.09208,1.00000,0.37902,3
0.21776,0.05833,51.47732,1.00000,0.64521,3
0.15811,0.10787,46.12391,1.00000,0.30310,3
0.15658,0.04850,51.36927,1.00000,0.38155,3
0.08270,0.31096,45.21069,1.00000,0.00000,3
0.15927,0.01994,40.52289,1.00000,0.76712,3
0.13158,0.17551,46.59754,1.00000,0.78210,3
0.15613,0.02857,46.14428,1.00000,0.59826,3
0.16650,0.04073,44.12983,1.00000,0.65909,3
0.18082,0.06061,46.17034,1.00000,0.50027,3
0.18637,0.05729,43.41183,1.00000,0.58617,3
0.16713,0.05937,45.65542,1.00000,0.59081,3
0.18603,0.03441,45.02764,1.00000,0.71114,3
0.15707,0.05475,46.06077,1.00000,0.48919,3
0.17489,0.07642,50.44338,1.00000,0.72726,3
0.19194,0.03862,46.35313,1.00000,0.70077,3
0.14972,0.11239,46.23986,1.00000,0.45894,3
0.11807,0.02117,44.75813,1.00000,0.65597,3
0.17072,0.02749,46.78357,1.00000,0.67992,3
0.19152,0.10656,46.15379,1.00000,0.26314,3
0.17016,0.04663,42.70713,1.00000,0.48566,3
0.17430,0.04612,44.10686,1.00000,0.74072,3
0.03903,0.35863,59.79879,1.00000,0.27321,3
0.14489,0.04686,45.31379,1.00000,0.65174,3
0.14782,0.06506,43.01304,1.00000,0.52608,3
0.15632,0.05550,49.27453,1.00000,0.64762,3
0.15415,0.05504,45.16186,1.00000,0.61505,3
0.16927,0.11111,45.67854,1.00000,0.72914,3
0.17693,0.02781,44.12520,1.00000,0.62547,3
0.12107,0.04299,41.96267,1.00000,0.43919,3
0.16781,0.08324,42.25453,1.00000,0.85258,3
0.13680,0.04303,44.61870,1.00000,0.51841,3
0.14908,0.03783,47.03957,1.00000,0.68150,3
0.16199,0.04296,53.49939,1.00000,0.39732,3
0.17656,0.05509,45.58397,1.00000,0.77019,3
0.17193,0.05366,46.27795,1.00000,0.56188,3
0.20158,0.05696,45.90451,1.00000,0.78280,3
0.14870,0.04317,46.28213,1.00000,0.52924,3
0.18291,0.05950,46.21344,1.00000,0.41980,3
0.19696,0.04290,44.23495,1.00000,0.68911,3
0.11067,0.12289,47.20258,1.00000,0.57458,3
0.11110,0.25890,48.64435,1.00000,0.44270,3
0.14524,0.04737,40.87146,1.00000,0.60427,3
0.12532,0.04933,47.51896,1.00000,0.46243,3
0.12998,0.17836,57.12380,1.00000,0.25243,3
0.16561,0.10778,46.14667,1.00000,0.72803,3
0.10574,0.29262,57.35715,1.00000,0.64775,3
0.18201,0.10375,47.56896,1.00000,0.90373,3
0.16423,0.04222,41.10372,1.00000,0.61272,3
0.19186,0.05852,44.19574,1.00000,0.62598,3
0.15436,0.03502,46.78041,1.00000,0.62860,3
0.16266,0.02305,47.15802,1.00000,0.68386,3
0.10083,0.03653,46.46187,1.00000,0.64061,3
0.17548,0.02814,44.73212,1.00000,0.61400,3
0.15735,0.09891,47.05000,1.00000,0.55985,3
0.13097,0.05931,52.63797,1.00000,0.31136,3
0.08525,0.10853,50.35830,1.00000,0.60968,3
0.10327,0.06908,54.88349,1.00000,0.74713,3
0.15612,0.43640,53.06551,1.00000,0.47437,3
0.15916,0.07535,54.37836,1.00000,0.87965,3
0.10607,0.08906,42.30594,1.00000,0.58131,3
0.14944,0.07086,45.71177,1.00000,0.44718,3
0.17034,0.02616,47.17719,1.00000,0.63204,3
0.16735,0.05346,48.78189,1.00000,0.43983,3
0.18041,0.23364,49.49518,1.00000,0.82308,3
0.15200,0.06702,39.94043,1.00000,0.38168,3
0.10448,0.09689,45.85612,1.00000,0.31650,3
0.16587,0.10000,50.29026,1.00000,0.28652,3
0.15700,0.03252,45.49970,1.00000,0.70253,3
0.20296,0.05573,45.88106,1.00000,0.72559,3
0.10322,0.10299,43.58041,1.00000,0.54563,3
0.10982,0.14205,45.03993,1.00000,0.33702,3
0.12260,0.12670,52.78518,1.00000,0.13218,3
0.14415,0.03134,48.98113,1.00000,0.54380,3
0.13230,0.25000,44.26579,1.00000,0.97567,3
0.11079,0.05919,44.54837,1.00000,0.78830,3
0.18966,0.07742,49.63223,1.00000,0.75455,3
0.12597,0.13182,52.61547,1.00000,0.91266,3
0.16673,0.06290,45.49061,1.00000,0.64691,3
0.17046,0.03971,43.43639,1.00000,0.68719,3
0.15308,0.10197,38.67377,1.00000,0.14780,3
0.16431,0.03462,49.67989,1.00000,0.65197,3
0.08903,0.35969,52.24626,1.00000,0.77019,3
0.16203,0.04184,43.56397,1.00000,0.55313,3
0.18341,0.03125,44.28218,1.00000,0.65786,3
0.18705,0.09323,41.33395,1.00000,0.77904,3
0.16935,0.04222,44.79268,1.00000,0.61814,3
0.19520,0.01894,46.28212,1.00000,0.77601,3
0.16625,0.07302,48.48614,1.00000,0.60473,3
0.19774,0.04179,50.15211,1.00000,0.46353,3
0.15720,0.04733,41.62191,1.00000,0.71799,3
0.16461,0.05741,48.99566,1.00000,0.78688,3
0.12305,0.04401,44.92417,1.00000,0.50554,3
0.15451,0.05383,48.65445,1.00000,0.75837,3
0.17648,0.05925,48.73367,1.00000,0.49348,3
0.16814,0.09518,42.66663,1.00000,0.59968,3
0.17068,0.05383,40.75635,1.00000,0.57899,3
0.12679,0.12696,39.97070,1.00000,0.45656,3
0.18341,0.02923,44.94912,1.00000,0.60653,3
0.13804,0.07253,46.97770,1.00000,0.67618,3
0.13554,0.42328,46.47960,1.00000,0.57572,3
0.17487,0.03727,44.97727,1.00000,0.69644,3
0.16572,0.07036,40.79994,1.00000,0.49951,3
0.14768,0.03550,41.94787,1.00000,0.36011,3
0.12650,0.05155,42.06121,1.00000,0.54891,3
0.17854,0.04504,47.89168,1.00000,0.69943,3
0.15185,0.06428,41.78511,1.00000,0.74622,3
0.18722,0.04262,45.54218,1.00000,0.82608,3
0.09083,0.05187,46.06842,1.00000,0.45145,3
0.17400,0.02941,45.85012,1.00000,0.64365,3
0.14735,0.05739,49.14344,1.00000,0.61635,3
0.17525,0.09120,48.27365,1.00000,0.54150,3
0.11041,0.04954,49.31617,1.00000,0.42122,3
0.13505,0.11962,48.79027,1.00000,0.80937,3
0.16463,0.07064,39.99091,1.00000,0.65618,3
0.16390,0.04522,44.95083,1.00000,0.39773,3
0.14574,0.11581,41.30660,1.00000,0.04748,3
0.17619,0.04728,39.93195,1.00000,0.74128,3
0.16162,0.18758,51.25083,1.00000,0.63830,3
0.16481,0.02918,41.76779,1.00000,0.61979,3
0.16016,0.05005,41.82761,1.00000,0.65601,3
0.00542,0.34375,53.10031,1.00000,0.47396,3
0.08360,0.17203,48.82658,1.00000,0.41966,3
0.18338,0.03971,48.68961,1.00000,0.75753,3
0.17677,0.04513,54.68550,1.00000,0.48103,3
0.11368,0.08183,47.68164,1.00000,0.59579,3
0.17048,0.02823,51.06458,1.00000,0.56958,3
0.17589,0.06000,42.59690,1.00000,0.58683,3
0.16451,0.04933,46.49094,1.00000,0.62428,3
0.14490,0.04511,45.37975,1.00000,0.55924,3
0.12515,0.03176,47.72344,1.00000,0.71012,3
0.18086,0.04284,47.76002,1.00000,0.67904,3
0.16881,0.04082,46.07469,1.00000,0.40630,3
0.17069,0.05405,46.28242,1.00000,0.65546,3
0.15540,0.03131,45.36840,1.00000,0.62576,3
0.15650,0.30980,55.06850,1.00000,0.76038,3
0.15141,0.04639,48.40305,1.00000,0.60416,3
0.17286,0.03395,44.78494,1.00000,0.72733,3
0.15988,0.03582,44.64342,1.00000,0.48086,3
0.15938,0.02548,45.42548,1.00000,0.50748,3
0.17277,0.03445,46.84397,1.00000,0.50039,3
0.17391,0.03882,42.31140,1.00000,0.39046,3
0.18951,0.12289,47.05397,1.00000,0.76200,3
0.18833,0.03350,50.93222,1.00000,0.61353,3
0.13312,0.05573,42.40522,1.00000,0.64781,3
0.17419,0.04964,49.17385,1.00000,0.63315,3
0.16976,0.05919,42.99699,1.00000,0.23359,3
0.17271,0.06435,47.30475,1.00000,0.52874,3
0.12236,0.08762,47.52815,1.00000,0.60628,3
0.16484,0.06042,47.79676,1.00000,0.65420,3
0.18448,0.08213,45.79379,1.00000,0.64812,3
0.16188,0.14610,45.99793,1.00000,0.66383,3
0.17201,0.03306,46.48305,1.00000,0.67904,3
0.18363,0.12946,42.93137,1.00000,0.70799,3
0.17472,0.03027,48.99628,1.00000,0.65478,3
0.18539,0.04692,37.73823,1.00000,0.64269,3
0.13726,0.02920,45.15607,1.00000,0.58362,3
0.17599,0.05895,50.00211,1.00000,0.47334,3
0.17140,0.03670,48.78688,1.00000,0.75421,3
0.16274,0.15438,49.17427,1.00000,0.44442,3
0.18339,0.14137,46.40077,1.00000,0.12072,3
0.15398,0.05907,45.62044,1.00000,0.70002,3
0.19320,0.07634,48.76159,1.00000,0.80566,3
0.10777,0.05521,38.76056,1.00000,0.50404,3
0.17256,0.08091,45.01523,1.00000,0.48276,3
0.10882,0.08957,45.97937,1.00000,0.51756,3
0.12654,0.04141,51.77033,1.00000,0.60656,3
0.17408,0.03046,46.72212,1.00000,0.69606,3
0.17729,0.03874,49.65277,1.00000,0.73071,3
0.18921,0.06017,47.36120,1.00000,0.75403,3
0.14931,0.19853,41.96093,1.00000,0.70843,3
0.16704,0.03878,46.70413,1.00000,0.65191,3
0.09935,0.31726,44.73488,1.00000,0.63422,3
0.17761,0.07158,42.99182,1.00000,0.70261,3
0.12960,0.10891,45.37997,1.00000,0.33709,3
0.17700,0.02608,51.19390,1.00000,0.66059,3
0.03269,0.23507,52.23052,1.00000,0.54023,3
0.16352,0.23412,56.10518,1.00000,0.23128,3
0.10410,0.47977,55.35792,1.00000,0.00000,3
0.15307,0.07987,48.51561,1.00000,0.34127,3
0.17144,0.03803,49.49626,1.00000,0.58804,3
0.11304,0.10024,38.75972,1.00000,0.63862,3
0.08283,0.11765,49.37369,1.00000,0.84540,3
0.11788,0.10100,48.83521,1.00000,0.54395,3
0.13893,0.05561,42.33034,1.00000,0.43894,3
0.17935,0.04620,44.67538,1.00000,0.54068,3
0.17121,0.01590,49.90617,1.00000,0.61331,3
0.17135,0.06435,48.51201,1.00000,0.55228,3
0.14120,0.03996,49.98266,1.00000,0.71709,3
0.17158,0.06489,52.29548,1.00000,0.67030,3
0.19759,0.03242,42.66615,1.00000,0.60782,3
0.17084,0.11977,55.90687,1.00000,0.30351,3
0.17333,0.11461,40.88038,1.00000,0.41748,3
0.15868,0.02866,41.86945,1.00000,0.71002,3
0.13349,0.18013,47.62353,1.00000,0.50021,3
0.14851,0.04419,44.63919,1.00000,0.56954,3
0.20584,0.12412,49.54252,1.00000,0.55796,3
0.16262,0.05468,47.30644,1.00000,0.61181,3
0.19067,0.06250,46.03705,1.00000,0.74412,3
0.10268,0.05735,44.26197,1.00000,0.55118,3
0.18465,0.02843,48.13957,1.00000,0.59510,3
0.15414,0.13914,39.39844,1.00000,0.31252,3
0.15956,0.05372,43.19621,1.00000,0.56763,3
0.11327,0.10296,42.54208,1.00000,0.47735,3
0.15206,0.05590,45.43154,1.00000,0.56916,3
0.15574,0.03445,49.60410,1.00000,0.58891,3
0.16782,0.03760,41.57140,1.00000,0.66438,3
0.15637,0.06499,47.41230,1.00000,0.58610,3
0.17490,0.03764,44.03862,1.00000,0.52380,3
0.18711,0.02926,43.86679,1.00000,0.64649,3
0.17703,0.04930,52.33171,1.00000,0.17969,3
0.15330,0.02508,48.83385,1.00000,0.57066,3
0.19313,0.03030,43.10463,1.00000,0.64895,3
0.14731,0.03395,49.86734,1.00000,0.85666,3
0.14725,0.05864,39.67105,1.00000,0.11686,3
0.12869,0.04835,46.82025,1.00000,0.75809,3
0.16405,0.08085,53.88566,1.00000,0.14581,3
0.17448,0.19976,52.72430,1.00000,0.18516,3
0.14620,0.18841,45.91438,1.00000,0.57566,3
0.15279,0.03811,49.94433,1.00000,0.57069,3
0.18895,0.06886,50.47371,1.00000,0.84107,3
0.14180,0.08068,42.47842,1.00000,0.40316,3
0.15878,0.03438,44.23448,1.00000,0.65603,3
0.15149,0.01994,48.59282,1.00000,0.68715,3
0.14298,0.03459,51.96038,1.00000,0.41136,3
0.16510,0.06211,49.12062,1.00000,0.83344,3
0.16647,0.07569,47.73776,1.00000,0.47406,3
0.16590,0.03292,46.91479,1.00000,0.59393,3
0.09003,0.31685,51.80342,1.00000,0.73130,3
0.12587,0.14643,52.27486,1.00000,0.13615,3
0.14649,0.02926,47.40715,1.00000,0.58798,3
0.15261,0.03125,43.34401,1.00000,0.57101,3
0.17163,0.06533,46.46503,1.00000,0.44750,3
0.11638,0.16901,47.25576,1.00000,0.71671,3
0.15349,0.13155,51.60962,1.00000,0.74404,3
0.13690,0.10793,40.30125,1.00000,0.37993,3
0.09394,0.21446,48.24291,1.00000,0.62123,3
0.16280,0.07288,46.18717,1.00000,0.37182,3
0.18053,0.03651,47.06203,1.00000,0.60226,3
0.16770,0.08950,44.45434,1.00000,0.75957,3
0.02180,0.21490,49.70040,1.00000,0.69909,3
0.18478,0.03768,42.11109,1.00000,0.61867,3
0.15004,0.09895,46.16645,1.00000,0.23062,3
0.12870,0.07431,40.85127,1.00000,0.00001,3
0.15946,0.06813,42.63470,1.00000,0.43083,3
0.16657,0.10444,32.66680,1.00000,0.59181,3
0.16554,0.08833,42.70745,1.00000,0.38153,3
0.10825,0.09719,56.14612,1.00000,0.35456,3
0.16636,0.01594,46.87817,1.00000,0.64828,3
0.16654,0.05269,43.66795,1.00000,0.42782,3
0.14844,0.11470,49.32349,1.00000,0.77380,3
0.04444,0.25696,52.86136,1.00000,0.54176,3
0.13132,0.04728,44.71647,1.00000,0.61617,3
0.14267,0.04082,49.17168,1.00000,0.65734,3
0.18338,0.04082,43.85315,1.00000,0.66425,3
0.17415,0.02134,43.68367,1.00000,0.76185,3
0.19425,0.05931,46.68466,1.00000,0.63032,3
0.14591,0.04303,42.29619,1.00000,0.47198,3
0.13494,0.05850,43.30179,1.00000,0.80300,3
0.16340,0.05864,46.15968,1.00000,0.74340,3
0.13439,0.08269,52.21185,1.00000,0.30277,3
0.14713,0.09556,41.88513,1.00000,0.45574,3
0.17221,0.03976,44.94500,1.00000,0.56656,3
0.15480,0.07364,42.81948,1.00000,0.24172,3
0.16554,0.04339,44.65936,1.00000,0.64020,3
0.10658,0.27212,55.31878,1.00000,0.67710,3
0.11646,0.11283,45.64899,1.00000,0.46695,3
0.18019,0.03889,45.12851,1.00000,0.74787,3
0.16667,0.04424,48.54192,1.00000,0.63865,3
0.05045,0.09247,45.94634,1.00000,0.56035,3
0.14603,0.03659,51.41074,1.00000,0.58773,3
0.15360,0.05389,49.78477,1.00000,0.59175,3
0.17842,0.04334,49.95519,1.00000,0.70023,3
0.10289,0.08700,49.34198,1.00000,0.57460,3
0.12556,0.05155,44.08735,1.00000,0.57023,3
0.17137,0.03967,47.70591,1.00000,0.64412,3
0.13480,0.06977,45.81216,1.00000,0.76033,3
0.18165,0.03677,48.86529,1.00000,0.54084,3
0.14817,0.23342,46.24630,1.00000,0.89300,3
0.12911,0.10563,45.67913,1.00000,0.35279,3
0.17798,0.32273,51.39178,1.00000,0.74087,3
0.16406,0.05607,44.28400,1.00000,0.58248,3
0.15886,0.09471,45.53452,1.00000,0.34355,3
0.09238,0.26906,49.84678,1.00000,0.89229,3
0.15187,0.07143,42.40586,1.00000,0.19802,3
0.15965,0.05797,48.11320,1.00000,0.42847,3
0.15200,0.04901,49.81612,1.00000,0.58301,3
0.16892,0.05567,47.14807,1.00000,0.71539,3
0.17311,0.07660,48.21461,1.00000,0.27671,3
0.16960,0.06054,47.61213,1.00000,0.64417,3
0.16665,0.03131,47.87374,1.00000,0.65915,3
0.10043,0.51526,56.63923,1.00000,0.46144,3
0.16510,0.08701,46.68134,1.00000,0.45136,3
0.13078,0.03239,46.29729,1.00000,0.75306,3
0.15675,0.06067,48.36338,1.00000,0.74694,3
0.18840,0.05809,44.00608,1.00000,0.39847,3
0.20549,0.05274,42.48381,1.00000,0.41845,3
0.16152,0.10022,46.51055,1.00000,0.60531,3
0.19519,0.02202,42.77500,1.00000,0.77631,3
0.17034,0.01488,47.37990,1.00000,0.72376,3
0.14449,0.04392,47.24998,1.00000,0.49739,3
0.18378,0.07774,45.34315,1.00000,0.23332,3
0.13062,0.47818,55.38985,1.00000,0.47690,3
0.18848,0.06230,45.76717,1.00000,0.63459,3
0.17639,0.13205,46.46069,1.00000,0.28980,3
0.18346,0.05301,43.16294,1.00000,0.71948,3
0.17698,0.02626,43.76901,1.00000,0.70408,3
0.11636,0.18683,49.34518,1.00000,0.66923,3
0.14695,0.03938,47.73588,1.00000,0.62940,3
0.17491,0.02814,43.25592,1.00000,0.58976,3
0.15755,0.07150,41.58795,1.00000,0.59627,3
0.14547,0.02335,45.62947,1.00000,0.71773,3
0.17891,0.04367,46.93483,1.00000,0.35066,3
0.17125,0.04845,50.05971,1.00000,0.66909,3
0.13791,0.19217,47.55713,1.00000,0.75533,3
0.16235,0.19185,50.14274,1.00000,0.51550,3
0.15539,0.03685,51.08193,1.00000,0.60539,3
0.17522,0.02209,44.57799,1.00000,0.51924,3
0.15916,0.03229,45.14851,1.00000,0.67227,3
0.10399,0.12742,47.62952,1.00000,0.51501,3
0.16627,0.03448,47.61841,1.00000,0.57640,3
0.15081,0.03550,47.72502,1.00000,0.52460,3
0.15851,0.06278,45.27850,1.00000,0.51068,3
0.11252,0.03347,46.59857,1.00000,0.59997,3
0.12387,0.09395,47.93717,1.00000,0.87644,3
0.12006,0.12071,48.90258,1.00000,0.60555,3
0.15314,0.10055,44.37554,1.00000,0.48039,3
0.14659,0.10951,52.92997,1.00000,0.52034,3
0.17835,0.04000,37.67463,1.00000,0.56596,3
0.17740,0.04517,44.69809,1.00000,0.73910,3
0.17684,0.02825,47.16444,1.00000,0.68996,3
0.16762,0.05274,46.89140,1.00000,0.54336,3
0.13797,0.08918,48.80056,1.00000,0.53098,3
0.15532,0.05950,49.46713,1.00000,0.60182,3
0.14978,0.05203,44.89929,1.00000,0.51093,3
0.15535,0.04728,45.27495,1.00000,0.38138,3
0.15244,0.03141,47.48159,1.00000,0.64651,3
0.16472,0.07361,44.04046,1.00000,0.27621,3
0.17435,0.04499,48.33881,1.00000,0.48580,3
0.15313,0.08701,49.37637,1.00000,0.65721,3
0.16337,0.07075,51.05318,1.00000,0.45050,3
0.11926,0.03850,51.81355,1.00000,0.57767,3
0.20764,0.06522,45.92007,1.00000,0.64079,3
0.17203,0.08747,46.71624,1.00000,0.48225,3
0.14102,0.08333,45.75100,1.00000,0.64039,3
0.10958,0.17834,50.32348,1.00000,0.60848,3
0.15118,0.04658,44.20204,1.00000,0.37038,3
0.18068,0.07617,47.73642,1.00000,0.61775,3
0.14567,0.04830,43.86768,1.00000,0.53577,3
0.16583,0.05625,49.15028,1.00000,0.70665,3
0.19255,0.08186,46.76090,1.00000,0.59296,3
0.13501,0.07660,46.09799,1.00000,0.33727,3
0.16237,0.06172,49.44704,1.00000,0.13156,3
0.15330,0.05158,47.41096,1.00000,0.61431,3
0.14570,0.08782,43.07243,1.00000,0.33071,3
0.14995,0.07618,50.69120,1.00000,0.62606,3
0.11565,0.09793,42.15925,1.00000,0.81938,3
0.17971,0.08830,47.08389,1.00000,0.42256,3
0.14770,0.07033,47.90887,1.00000,0.45020,3
0.15811,0.07903,51.46962,1.00000,0.54498,3
0.15910,0.06057,42.89732,1.00000,0.62398,3
0.17203,0.07273,45.93628,1.00000,0.51794,3
0.14323,0.05919,44.51416,1.00000,0.41106,3
0.17536,0.05789,48.10600,1.00000,0.26644,3
0.16040,0.07492,46.11937,1.00000,0.52921,3
0.18609,0.06774,46.71366,1.00000,0.75983,3
0.11428,0.05827,47.44345,1.00000,0.73783,3
0.16790,0.08462,48.76113,1.00000,0.63484,3
0.17560,0.04979,44.07255,1.00000,0.63432,3
0.17457,0.06080,44.99966,1.00000,0.75308,3
0.19671,0.05759,53.09313,1.00000,0.80270,3
0.16122,0.05072,47.81063,1.00000,0.51072,3
0.17038,0.11186,45.44013,1.00000,0.41174,3
0.18576,0.05735,47.45760,1.00000,0.47362,3
0.18168,0.05509,44.87439,1.00000,0.36901,3
0.16759,0.05492,45.11278,1.00000,0.64984,3
0.15103,0.03459,47.55201,1.00000,0.76861,3
0.11958,0.06653,47.51215,1.00000,0.23471,3
0.17387,0.11163,41.68456,1.00000,0.44355,3
0.14021,0.07479,45.79530,1.00000,0.59713,3
0.17309,0.10503,44.40282,1.00000,0.50740,3
0.16347,0.07372,36.56836,1.00000,0.41615,3
0.14254,0.07849,52.58398,1.00000,0.56240,3
0.14086,0.11397,49.13893,1.00000,0.52964,3
0.09678,0.08578,46.65506,1.00000,0.46496,3
0.17991,0.05863,42.49154,1.00000,0.57227,3
0.13734,0.07734,47.18764,1.00000,0.59785,3
0.16868,0.05487,48.03236,1.00000,0.67812,3
0.16328,0.08827,50.12485,1.00000,0.31463,3
0.13079,0.05263,51.69702,1.00000,0.41363,3
0.15928,0.06674,51.52129,1.00000,0.34280,3
0.17541,0.05699,43.55101,1.00000,0.61043,3
0.16309,0.10206,46.70578,1.00000,0.53944,3
0.09365,0.05053,51.35173,1.00000,0.62412,3
0.15538,0.07376,48.30377,1.00000,0.45371,3
0.16645,0.07325,49.79982,1.00000,0.63540,3
0.13473,0.06828,38.87693,1.00000,0.40151,3
0.21672,0.07456,43.31998,1.00000,0.80554,3
0.12401,0.08701,48.36200,1.00000,0.59087,3
0.10399,0.04959,46.36896,1.00000,0.27613,3
0.15003,0.07384,49.27516,1.00000,0.61671,3
0.12037,0.06109,43.13664,1.00000,0.44633,3
0.19158,0.08315,47.08814,1.00000,0.71632,3
0.18653,0.07468,46.66546,1.00000,0.61359,3
0.21715,0.09576,50.86157,1.00000,0.45302,3
0.16411,0.05969,43.69239,1.00000,0.38719,3
0.17985,0.04772,43.12333,1.00000,0.58187,3
0.10330,0.04082,44.84528,1.00000,0.55147,3
0.16338,0.05820,47.11464,1.00000,0.86558,3
0.10818,0.07701,45.44422,1.00000,0.53552,3
0.16678,0.08844,46.99455,1.00000,0.71100,3
0.18454,0.06029,38.59991,1.00000,0.71855,3
0.14213,0.08146,46.00677,1.00000,0.68249,3
0.15429,0.09385,59.81081,1.00000,0.17294,3
0.11065,0.06348,45.04612,1.00000,0.24447,3
0.17047,0.07035,50.08173,1.00000,0.56885,3
0.07705,0.08672,41.75809,1.00000,0.39965,3
0.12236,0.09170,53.35356,1.00000,0.45291,3
0.15631,0.06492,49.38288,1.00000,0.49734,3
0.17567,0.06933,44.36787,1.00000,0.81050,3
0.17800,0.05614,39.45961,1.00000,0.41921,3
0.19176,0.07211,46.41850,1.00000,0.54956,3
0.17367,0.07709,41.56119,1.00000,0.56751,3
0.15234,0.09409,50.28721,1.00000,0.36012,3
0.11344,0.13024,45.05106,1.00000,0.41618,3
0.12168,0.07675,43.35208,1.00000,0.42525,3
0.18070,0.04835,40.79241,1.00000,0.27994,3
0.13644,0.06298,47.94243,1.00000,0.14773,3
0.15888,0.08495,44.03996,1.00000,0.21173,3
0.15218,0.05620,47.36937,1.00000,0.57588,3
0.16875,0.04073,45.87738,1.00000,0.45071,3
0.16130,0.05602,41.33865,1.00000,0.71179,3
0.17892,0.07841,45.11833,1.00000,0.59422,3
0.15636,0.04947,46.69599,1.00000,0.58367,3
0.10916,0.05895,41.90476,1.00000,0.62133,3
0.13910,0.08700,47.59107,1.00000,0.35034,3
0.16295,0.05870,45.41858,1.00000,0.54944,3
0.10415,0.05950,45.11691,1.00000,0.48327,3
0.20023,0.07816,47.37504,1.00000,0.36105,3
0.17230,0.03452,44.87167,1.00000,0.60976,3
0.11019,0.06492,48.13504,1.00000,0.72354,3
0.15490,0.09209,42.81206,1.00000,0.61639,3
0.09931,0.07463,48.26231,1.00000,0.44674,3
0.16245,0.05052,45.77628,1.00000,0.66579,3
0.20193,0.05607,49.28968,1.00000,0.56204,3
0.16064,0.06625,44.24012,1.00000,0.40130,3
0.11279,0.06276,43.46292,1.00000,0.17498,3
0.17907,0.07286,47.44249,1.00000,0.41973,3
0.18006,0.04854,41.20319,1.00000,0.38353,3
0.17780,0.06146,51.86042,1.00000,0.68825,3
0.16211,0.05464,44.53444,1.00000,0.47366,3
0.16967,0.07906,44.81333,1.00000,0.39840,3
0.17507,0.05981,49.36980,1.00000,0.53063,3
0.19102,0.04654,48.31675,1.00000,0.70150,3
0.14734,0.05296,45.33870,1.00000,0.56820,3
0.12922,0.10379,49.38324,1.00000,0.66689,3
0.15453,0.03441,46.31312,1.00000,0.46539,3
0.12358,0.05720,48.96605,1.00000,0.82161,3
0.10920,0.05759,47.32180,1.00000,0.43807,3
0.11494,0.08423,49.04777,1.00000,0.36817,3
0.11915,0.08700,49.61105,1.00000,0.25551,3
0.14532,0.05858,48.89433,1.00000,0.63171,3
0.14934,0.05907,40.72367,1.00000,0.64609,3
0.14721,0.06270,36.00846,1.00000,0.35120,3
0.16660,0.08183,44.56549,1.00000,0.71298,3
0.09916,0.05208,47.81559,1.00000,0.42722,3
0.10881,0.05815,48.27841,1.00000,0.58786,3
0.17101,0.06933,49.71739,1.00000,0.50600,3
0.16672,0.07489,48.36926,1.00000,0.59326,3
0.12386,0.04397,49.09558,1.00000,0.57902,3
0.17582,0.06631,44.50494,1.00000,0.52977,3
0.19566,0.07979,43.02196,1.00000,0.84539,3
0.17458,0.07317,48.72424,1.00000,0.46387,3
0.13841,0.07475,50.65137,1.00000,0.44943,3
0.15362,0.06019,47.64347,1.00000,0.62500,3
0.17358,0.10734,53.36527,1.00000,0.38851,3
0.13904,0.03546,48.44502,1.00000,0.82145,3
0.14770,0.04401,48.49186,1.00000,0.32555,3
0.17826,0.06881,46.03317,1.00000,0.53375,3
0.17476,0.05041,41.36869,1.00000,0.79544,3
0.14129,0.04294,45.56954,1.00000,0.48005,3
0.18531,0.07875,49.79067,1.00000,0.63236,3
0.16788,0.04959,44.04832,1.00000,0.67956,3
0.10723,0.07987,51.29714,1.00000,0.70910,3
0.13617,0.04281,46.08293,1.00000,0.62253,3
0.16382,0.09211,41.63440,1.00000,0.62393,3
0.15220,0.12744,47.50823,1.00000,0.36324,3
0.15179,0.07400,48.18107,1.00000,0.45564,3
0.14958,0.11792,49.81618,1.00000,0.31871,3
0.14991,0.06401,42.09898,1.00000,0.66267,3
0.10770,0.04803,45.82161,1.00000,0.65360,3
0.19521,0.05290,49.09194,1.00000,0.54290,3
0.20073,0.06489,45.69838,1.00000,0.51698,3
0.18924,0.06367,44.49652,1.00000,0.38243,3
0.19921,0.04938,48.73767,1.00000,0.45707,3
0.17255,0.08370,48.45661,1.00000,0.66319,3
0.16253,0.06211,45.69663,1.00000,0.46213,3
0.14810,0.05468,41.29541,1.00000,0.56380,3
0.14728,0.04401,51.45262,1.00000,0.47922,3
0.13494,0.05803,52.69882,1.00000,0.62396,3
0.11490,0.09061,48.03884,1.00000,0.68040,3
0.12956,0.05602,46.48266,1.00000,0.61950,3
0.18507,0.13449,45.31060,1.00000,0.40109,3
0.10509,0.08030,45.65513,1.00000,0.53393,3
0.15755,0.06472,44.20815,1.00000,0.44068,3
0.10414,0.05355,46.00401,1.00000,0.49224,3
0.18317,0.07151,48.29538,1.00000,0.55593,3
0.17680,0.10337,51.62802,1.00000,0.80123,3
0.16821,0.06309,46.52897,1.00000,0.43316,3
0.15163,0.06723,43.18106,1.00000,0.28688,3
0.13638,0.06401,41.45590,1.00000,0.65413,3
0.18509,0.07856,45.28920,1.00000,0.65570,3
0.16409,0.06431,50.70033,1.00000,0.63035,3
0.17799,0.06448,48.10579,1.00000,0.70815,3
0.16625,0.05274,44.46687,1.00000,0.35166,3
0.16651,0.05717,46.83570,1.00000,0.67449,3
0.12865,0.03967,47.70057,1.00000,0.54301,3
0.19126,0.05956,51.90446,1.00000,0.49298,3
0.15729,0.08085,46.07741,1.00000,0.54501,3
0.18398,0.05863,45.92388,1.00000,0.63573,3
0.18175,0.09989,48.37920,1.00000,0.79847,3
0.11708,0.09503,45.03389,1.00000,0.57562,3
0.11106,0.08342,51.70073,1.00000,0.65908,3
0.15502,0.03553,42.64324,1.00000,0.52444,3
0.16748,0.06632,48.98727,1.00000,0.29305,3
0.15068,0.05155,49.86359,1.00000,0.66106,3
0.19441,0.09513,44.25366,1.00000,0.64811,3
0.18347,0.09153,47.92243,1.00000,0.49986,3
0.17219,0.07242,45.70866,1.00000,0.60194,3
0.12018,0.05470,40.48304,1.00000,0.49445,3
0.15798,0.03822,51.38200,1.00000,0.63030,3
0.13519,0.08808,48.10403,1.00000,0.61570,3
0.18312,0.09440,45.53386,1.00000,0.59085,3
0.14814,0.11435,44.57898,1.00000,0.62982,3
0.16190,0.04073,43.98604,1.00000,0.42974,3
0.18109,0.05400,44.54118,1.00000,0.49067,3
0.14371,0.05809,46.64678,1.00000,0.63880,3
0.19573,0.05717,46.39498,1.00000,0.67042,3
0.13759,0.18489,8.88428,1.00000,0.18102,4
0.11724,0.31133,12.07913,1.00000,0.27904,4
0.27878,0.32913,9.90048,1.00000,0.27373,4
0.20335,0.31866,9.34698,1.00000,0.19395,4
0.14805,0.13395,8.28116,1.00000,0.14565,4
0.18096,0.11148,7.81503,1.00000,0.17445,4
0.21591,0.21902,7.56933,1.00000,0.15084,4
0.15596,0.18889,10.21863,1.00000,0.16110,4
0.18519,0.17866,9.31315,1.00000,0.17110,4
0.19118,0.19269,8.34019,1.00000,0.16174,4
0.21447,0.15297,8.59879,1.00000,0.15823,4
0.15592,0.40582,9.57047,1.00000,0.18757,4
0.16186,0.17536,7.73606,1.00000,0.12816,4
0.19540,0.11227,9.41529,1.00000,0.15413,4
0.22199,0.11556,11.53361,1.00000,0.17063,4
0.21594,0.19397,7.86549,1.00000,0.15586,4
0.24630,0.11987,10.05238,1.00000,0.18729,4
0.26223,0.20316,8.50331,1.00000,0.16671,4
0.04927,0.20604,8.38827,1.00000,0.13262,4
0.22510,0.15486,7.69417,1.00000,0.13975,4
0.23139,0.20619,9.95734,1.00000,0.16818,4
0.21560,0.15864,7.51021,1.00000,0.15931,4
0.08362,0.48495,9.38158,1.00000,0.10362,4
0.17569,0.28515,8.79728,1.00000,0.12183,4
0.19825,0.16420,8.50077,1.00000,0.15084,4
0.21355,0.14692,7.26435,1.00000,0.15923,4
0.17461,0.20424,10.33087,1.00000,0.15639,4
0.28317,0.23421,8.53250,1.00000,0.15254,4
0.19580,0.20879,9.15047,1.00000,0.17750,4
0.18141,0.51325,8.49927,1.00000,0.13209,4
0.22358,0.20282,9.85559,1.00000,0.18526,4
0.25797,0.34247,9.25323,1.00000,0.15187,4
0.19193,0.24079,9.73193,1.00000,0.19182,4
0.21581,0.18289,8.75712,1.00000,0.17527,4
0.22666,0.15483,9.58780,1.00000,0.14006,4
0.16349,0.12275,8.91676,1.00000,0.15350,4
0.15378,0.30560,9.70119,1.00000,0.12415,4
0.17992,0.16530,8.46775,1.00000,0.15147,4
0.18351,0.31478,13.87096,1.00000,0.37175,4
0.21670,0.20694,9.26184,1.00000,0.14864,4
0.24313,0.15746,9.49695,1.00000,0.15792,4
0.15923,0.91111,14.07446,1.00000,0.17132,4
0.27183,0.18665,6.92137,1.00000,0.10657,4
0.13891,0.77660,10.02313,1.00000,0.11441,4
0.15933,0.17415,8.22172,1.00000,0.12494,4
0.23100,0.13876,6.92789,1.00000,0.14736,4
0.07685,0.59427,11.80116,1.00000,0.15392,4
0.10746,0.29238,9.70764,1.00000,0.18000,4
0.23208,0.15661,7.52881,1.00000,0.15864,4
0.12152,0.17720,10.30219,1.00000,0.11834,4
0.24414,0.14154,9.70158,1.00000,0.18841,4
0.24942,0.26723,10.28148,1.00000,0.16706,4
0.20497,0.13631,12.09716,1.00000,0.19659,4
0.22720,0.19441,8.01147,1.00000,0.14833,4
0.19776,0.15305,8.99361,1.00000,0.17439,4
0.13876,0.17912,11.42939,1.00000,0.17381,4
0.19209,0.21739,9.47715,1.00000,0.16155,4
0.12813,0.35526,9.93275,1.00000,0.18630,4
0.23935,0.16193,11.16600,1.00000,0.19874,4
0.26044,0.12439,10.13691,1.00000,0.16499,4
0.22927,0.27801,9.65605,1.00000,0.17445,4
0.12550,0.77716,16.25640,1.00000,0.23517,4
0.24356,0.12084,8.76545,1.00000,0.15778,4
0.15365,0.15591,8.77625,1.00000,0.15588,4
0.17854,0.19634,10.03639,1.00000,0.16749,4
0.14811,0.38797,12.07617,1.00000,0.14088,4
0.18492,0.26746,9.45734,1.00000,0.15656,4
0.22241,0.20816,11.46592,1.00000,0.16538,4
0.21096,0.37596,9.19162,1.00000,0.15114,4
0.17627,0.18428,8.58179,1.00000,0.15720,4
0.18750,0.14720,9.05109,1.00000,0.15479,4
0.15968,0.14977,11.63503,0.00000,0.18515,4
0.21354,0.16988,9.03538,1.00000,0.16579,4
0.10032,0.36686,14.50173,1.00000,0.24066,4
0.18707,0.15242,9.56647,1.00000,0.15987,4
0.18290,0.58788,11.14307,1.00000,0.13511,4
0.14888,0.10953,8.30052,1.00000,0.14309,4
0.14488,0.36063,9.46848,1.00000,0.17866,4
0.15066,0.36282,9.38692,1.00000,0.14421,4
0.25540,0.09169,9.55613,1.00000,0.16803,4
0.17154,0.14794,7.90047,1.00000,0.14870,4
0.22823,0.11366,6.80307,1.00000,0.11802,4
0.16636,0.10832,7.69043,1.00000,0.15353,4
0.28358,0.48547,11.47145,1.00000,0.19268,4
0.19792,0.31876,9.87778,1.00000,0.18459,4
0.11285,0.14563,7.51445,1.00000,0.15794,4
0.15738,0.12472,9.18750,1.00000,0.17622,4
0.24196,0.18704,9.39128,1.00000,0.14100,4
0.17886,0.14512,8.02009,1.00000,0.15332,4
0.20011,0.24120,10.42144,1.00000,0.17874,4
0.19474,0.21392,9.22287,1.00000,0.15287,4
0.09723,0.75630,13.23348,1.00000,0.21643,4
0.24216,0.16845,8.83925,1.00000,0.15477,4
0.22305,0.25670,9.54734,1.00000,0.14353,4
0.00539,0.43682,12.62629,1.00000,0.15345,4
0.18107,0.09882,9.34075,1.00000,0.17323,4
0.29108,0.26657,8.88365,1.00000,0.16151,4
0.20202,0.10051,11.27115,1.00000,0.23974,4
0.16004,0.16145,11.09111,1.00000,0.22136,4
0.28735,0.23116,8.19916,1.00000,0.15780,4
0.19755,0.17445,9.11418,1.00000,0.15110,4
0.10898,0.29235,9.74656,1.00000,0.13523,4
0.21493,0.16693,10.71645,1.00000,0.17821,4
0.15790,0.15493,11.32487,1.00000,0.18754,4
0.24462,0.16687,7.75733,1.00000,0.11664,4
0.22807,0.13953,9.37209,1.00000,0.15421,4
0.16468,0.24442,8.19694,1.00000,0.14209,4
0.16055,0.25515,13.89345,1.00000,0.27484,4
0.26107,0.37540,8.15217,1.00000,0.12900,4
0.17703,0.13924,9.22831,1.00000,0.15367,4
0.18611,0.17428,9.15113,1.00000,0.14874,4
0.19122,0.12892,8.40221,1.00000,0.14273,4
0.14320,0.21093,8.56857,1.00000,0.14527,4
0.17704,0.17576,9.76085,1.00000,0.15810,4
0.21736,0.16042,8.60144,1.00000,0.14355,4
0.00993,0.62527,9.94723,1.00000,0.11030,4
0.22716,0.16254,9.28444,1.00000,0.16816,4
0.19153,0.10078,7.09767,1.00000,0.15992,4
0.25537,0.15431,8.17560,1.00000,0.12498,4
0.20587,0.24783,9.55820,1.00000,0.17511,4
0.18924,0.18893,9.16372,1.00000,0.16992,4
0.18608,0.36270,8.59877,1.00000,0.12994,4
0.07874,0.56842,7.94558,1.00000,0.12030,4
0.22470,0.26870,7.14923,1.00000,0.12611,4
0.11461,0.36713,8.64640,1.00000,0.15337,4
0.23957,0.14626,7.65986,1.00000,0.13425,4
0.21329,0.17682,9.21392,1.00000,0.14511,4
0.22569,0.14371,6.41630,1.00000,0.14281,4
0.17540,0.21669,9.82670,1.00000,0.16076,4
0.10402,0.27261,10.02532,1.00000,0.17138,4
0.24903,0.15171,9.11152,1.00000,0.12041,4
0.13000,0.14862,9.60489,1.00000,0.17137,4
0.24042,0.19552,7.40845,1.00000,0.12753,4
0.15852,0.22634,6.71263,1.00000,0.11605,4
0.20556,0.16484,7.31365,1.00000,0.15599,4
0.18369,0.10044,8.24596,1.00000,0.16856,4
0.25583,0.18970,9.56682,1.00000,0.16402,4
0.16883,0.15832,7.58320,1.00000,0.14585,4
0.17218,0.40489,10.91294,1.00000,0.16409,4
0.17430,0.34627,9.97407,1.00000,0.13905,4
0.19957,0.32904,9.96935,1.00000,0.21977,4
0.22829,0.09130,8.23382,1.00000,0.14013,4
0.15218,0.42613,11.86626,1.00000,0.19860,4
0.26098,0.18465,8.89204,1.00000,0.15639,4
0.18691,0.12746,10.15302,1.00000,0.16762,4
0.19965,0.24523,7.67320,1.00000,0.14091,4
0.18121,0.22250,8.75582,1.00000,0.16906,4
0.20203,0.16355,8.60980,1.00000,0.14601,4
0.19920,0.11804,8.26094,1.00000,0.19080,4
0.15247,0.29226,8.87895,1.00000,0.14918,4
0.23203,0.17731,9.30293,1.00000,0.17578,4
0.25879,0.17706,9.78684,1.00000,0.18026,4
0.24338,0.14819,9.56288,1.00000,0.15943,4
0.11138,0.25267,8.11689,1.00000,0.12283,4
0.09563,0.51020,7.48029,1.00000,0.12166,4
0.21226,0.15183,7.67892,1.00000,0.10906,4
0.15276,0.27720,12.51921,1.00000,0.23458,4
0.13824,0.24185,11.38685,1.00000,0.21183,4
0.22739,0.14101,8.44470,1.00000,0.15911,4
0.19388,0.16450,7.88150,1.00000,0.18757,4
0.14491,0.25578,8.38653,1.00000,0.11771,4
0.28251,0.14832,9.32981,1.00000,0.15536,4
0.17979,0.16376,9.14667,1.00000,0.15639,4
0.19325,0.24696,7.41520,1.00000,0.11172,4
0.14113,0.35069,11.24976,1.00000,0.16989,4
0.01865,0.60644,15.28982,1.00000,0.14506,4
0.20210,0.15511,8.70642,1.00000,0.15477,4
0.14544,0.42466,9.97726,1.00000,0.14494,4
0.24528,0.20312,8.08542,1.00000,0.15299,4
0.11779,0.31434,9.02748,1.00000,0.16441,4
0.13157,0.19898,8.29283,1.00000,0.17002,4
0.13475,0.44487,8.75666,1.00000,0.13379,4
0.24333,0.18377,10.01017,1.00000,0.17217,4
0.24363,0.21809,7.42107,1.00000,0.15122,4
0.21161,0.14079,8.11271,1.00000,0.18137,4
0.23020,0.18281,8.93337,1.00000,0.16588,4
0.23600,0.22028,8.65665,1.00000,0.12305,4
0.20102,0.17844,10.01467,1.00000,0.16381,4
0.22614,0.25605,9.43997,1.00000,0.13559,4
0.17382,0.19416,9.34666,1.00000,0.17238,4
0.20747,0.22693,12.00868,1.00000,0.18407,4
0.14936,0.27848,10.55661,1.00000,0.19271,4
0.12056,0.16104,9.12762,0.00000,0.12897,4
0.23769,0.15068,9.38364,1.00000,0.18348,4
0.22907,0.19347,8.19178,1.00000,0.13833,4
0.11896,0.42557,7.93436,1.00000,0.14402,4
0.19023,0.31669,7.92754,1.00000,0.16008,4
0.23817,0.16919,7.88983,1.00000,0.12389,4
0.20672,0.11551,9.51854,1.00000,0.19147,4
0.19788,0.16034,11.18125,1.00000,0.24117,4
0.15886,0.14507,9.02043,1.00000,0.16330,4
0.19251,0.22138,12.01082,1.00000,0.19556,4
0.21402,0.12013,7.57828,1.00000,0.16598,4
0.20144,0.21895,8.09157,1.00000,0.15445,4
0.20403,0.12040,7.91575,1.00000,0.14057,4
0.14549,0.17265,8.94279,1.00000,0.15683,4
0.18224,0.28493,8.47555,1.00000,0.14395,4
0.28019,0.11678,6.66971,1.00000,0.13994,4
0.22609,0.16822,8.72903,1.00000,0.12292,4
0.20805,0.22601,8.39520,1.00000,0.12143,4
0.25380,0.15589,8.33922,1.00000,0.16826,4
0.20424,0.11454,8.19839,1.00000,0.15663,4
0.21970,0.14781,9.32539,1.00000,0.19315,4
0.19451,0.26554,10.04095,1.00000,0.15308,4
0.23313,0.14845,10.84550,1.00000,0.19065,4
0.18817,0.26804,10.02312,1.00000,0.19502,4
0.20345,0.21684,10.33393,1.00000,0.24341,4
0.25914,0.16168,9.33988,1.00000,0.17873,4
0.19017,0.15939,8.54764,1.00000,0.17554,4
0.29896,0.32699,8.58612,1.00000,0.14206,4
0.23765,0.20968,9.42510,1.00000,0.18291,4
0.19678,0.22425,9.52396,1.00000,0.18785,4
0.15980,0.18063,9.89899,1.00000,0.19749,4
0.20039,0.17705,9.89737,1.00000,0.14484,4
0.23823,0.09838,9.16064,1.00000,0.17506,4
0.23922,0.19311,7.69808,1.00000,0.16113,4
0.16274,0.47312,8.89884,1.00000,0.15979,4
0.17476,0.16204,7.87709,1.00000,0.14806,4
0.20822,0.12627,7.39175,1.00000,0.11353,4
0.14203,0.20050,9.19326,1.00000,0.17619,4
0.23468,0.09719,9.43842,1.00000,0.18482,4
0.23737,0.18742,8.86519,1.00000,0.15955,4
0.13791,0.57782,14.18472,1.00000,0.19302,4
0.21432,0.24456,8.91817,1.00000,0.14516,4
0.22499,0.13440,9.81249,1.00000,0.19276,4
0.20604,0.13908,8.69374,1.00000,0.14465,4
0.22127,0.13333,9.75276,1.00000,0.20205,4
0.16684,0.12877,9.06814,1.00000,0.15961,4
0.17508,0.23770,8.57331,1.00000,0.17202,4
0.27180,0.76119,10.34617,1.00000,0.17902,4
0.28356,0.16372,9.21593,1.00000,0.16888,4
0.14622,0.16366,10.57892,1.00000,0.17252,4
0.15998,0.23262,11.02000,1.00000,0.20645,4
0.22876,0.17647,10.95336,1.00000,0.16758,4
0.15405,0.19060,10.54814,1.00000,0.18740,4
0.21758,0.11891,10.52475,1.00000,0.19971,4
0.19767,0.24678,8.95621,1.00000,0.18363,4
0.24145,0.15783,7.84133,1.00000,0.16643,4
0.19085,0.14199,12.08459,1.00000,0.19019,4
0.21814,0.32286,8.37945,1.00000,0.19011,4
0.20136,0.25034,8.18211,1.00000,0.16663,4
0.24582,0.16056,7.68570,1.00000,0.14751,4
0.17459,0.33578,7.54425,1.00000,0.14026,4
0.14398,0.22065,8.39664,1.00000,0.15229,4
0.28094,0.27345,10.64028,1.00000,0.17255,4
0.17288,0.20551,10.69327,1.00000,0.19642,4
0.24304,0.16232,10.51951,1.00000,0.17602,4
0.14342,0.43978,11.55525,1.00000,0.16786,4
0.25866,0.13710,9.21849,1.00000,0.16303,4
0.14945,0.20124,8.33799,1.00000,0.17759,4
0.25176,0.15640,11.29950,1.00000,0.17903,4
0.21977,0.25289,11.26196,1.00000,0.21411,4
0.27868,0.20936,7.44115,1.00000,0.13616,4
0.25239,0.16438,9.05353,1.00000,0.13074,4
0.17558,0.23976,10.32867,1.00000,0.15790,4
0.22666,0.22339,8.65818,1.00000,0.18008,4
0.16607,0.25578,8.39867,1.00000,0.17009,4
0.19142,0.71712,16.89819,1.00000,0.20792,4
0.14211,0.27352,14.43928,1.00000,0.19984,4
0.14574,0.20801,10.44073,1.00000,0.17547,4
0.23876,0.13250,7.68889,1.00000,0.14335,4
0.15572,0.23760,9.62639,1.00000,0.14722,4
0.10922,0.30843,9.00167,1.00000,0.14650,4
0.17412,0.16628,7.78555,1.00000,0.14069,4
0.22930,0.17044,8.84381,1.00000,0.16605,4
0.21508,0.17212,6.14832,1.00000,0.15776,4
0.18234,0.11196,9.74593,1.00000,0.14943,4
0.16617,0.11086,9.32305,1.00000,0.15902,4
0.21178,0.14811,8.30281,1.00000,0.15242,4
0.24957,0.18834,9.83445,1.00000,0.15861,4
0.28180,0.18989,8.23396,1.00000,0.15585,4
0.14537,0.30986,9.13793,1.00000,0.14954,4
0.26128,0.19216,9.94635,1.00000,0.19325,4
0.17586,0.23240,8.98424,1.00000,0.19185,4
0.21961,0.13647,8.24093,1.00000,0.17521,4
0.21646,0.14784,9.52444,1.00000,0.15920,4
0.17833,0.20361,10.51935,1.00000,0.19730,4
0.10938,0.12723,8.56359,1.00000,0.14505,4
0.24189,0.13119,9.24218,1.00000,0.20566,4
0.20692,0.15006,7.93610,1.00000,0.14512,4
0.25448,0.18215,7.45923,1.00000,0.11680,4
0.18837,0.17343,8.14219,1.00000,0.16707,4
0.21339,0.17834,8.91509,1.00000,0.15103,4
0.17623,0.31716,10.19980,1.00000,0.22389,4
0.18041,0.23803,9.71433,1.00000,0.19032,4
0.21866,0.12340,7.87496,1.00000,0.17238,4
0.18973,0.11164,9.63280,1.00000,0.18649,4
0.19150,0.29260,10.67645,1.00000,0.18380,4
0.17445,0.19448,9.34201,1.00000,0.15169,4
0.26736,0.25000,10.59619,1.00000,0.14079,4
0.16604,0.20245,9.47060,1.00000,0.17219,4
0.21294,0.17213,10.55409,1.00000,0.18382,4
0.07937,0.25630,7.07548,1.00000,0.12454,4
0.16771,0.28102,8.39575,1.00000,0.16542,4
0.20883,0.19527,10.16053,1.00000,0.18614,4
0.19049,0.13470,8.95001,1.00000,0.17658,4
0.11476,0.18259,11.52454,1.00000,0.18809,4
0.09538,0.58557,18.25032,1.00000,0.14463,4
0.22919,0.12192,10.37072,1.00000,0.21400,4
0.15269,0.13146,9.90745,1.00000,0.13514,4
0.19142,0.14456,12.23292,1.00000,0.20609,4
0.21804,0.18961,9.00414,1.00000,0.17097,4
0.15327,0.30453,7.60707,1.00000,0.09875,4
0.15616,0.22540,9.51405,1.00000,0.14998,4
0.14611,0.20423,9.04291,1.00000,0.14075,4
0.12999,0.18237,10.08054,1.00000,0.20021,4
0.18622,0.17381,9.13640,1.00000,0.13986,4
0.24056,0.16903,9.41495,1.00000,0.18687,4
0.21874,0.20477,8.93547,1.00000,0.15887,4
0.22414,0.21519,9.56370,1.00000,0.18309,4
0.21807,0.17853,7.73391,1.00000,0.15245,4
0.20403,0.18204,8.44468,1.00000,0.14911,4
0.14694,0.41148,9.15628,1.00000,0.16792,4
0.15781,0.81818,10.29460,1.00000,0.11364,4
0.20561,0.16628,9.97044,1.00000,0.14289,4
0.18905,0.09338,8.02565,1.00000,0.16511,4
0.22424,0.23207,10.32366,1.00000,0.18054,4
0.22614,0.14810,8.67313,1.00000,0.15304,4
0.18231,0.27159,9.88617,1.00000,0.15438,4
0.11786,0.13397,9.86520,1.00000,0.18535,4
0.16413,0.18629,9.58716,1.00000,0.13178,4
0.18786,0.17930,10.08460,1.00000,0.19205,4
0.26372,0.24679,6.94902,1.00000,0.12962,4
0.13385,0.11876,7.60162,1.00000,0.14636,4
0.02539,0.41085,11.98293,1.00000,0.17895,4
0.18827,0.21483,10.64647,1.00000,0.18581,4
0.23746,0.14086,8.04880,1.00000,0.15449,4
0.20414,0.19382,6.93935,1.00000,0.13808,4
0.17957,0.23217,9.86252,1.00000,0.16001,4
0.16575,0.15668,8.74410,1.00000,0.19493,4
0.13605,0.11577,9.91772,1.00000,0.14831,4
0.28970,0.15404,9.87666,1.00000,0.14610,4
0.23447,0.17778,9.85532,1.00000,0.17677,4
0.20709,0.15356,9.17934,1.00000,0.14887,4
0.26946,0.18310,8.38609,1.00000,0.12880,4
0.18228,0.22980,8.23378,1.00000,0.09849,4
0.20245,0.18596,7.90632,1.00000,0.14402,4
0.26164,0.09426,6.90414,1.00000,0.15665,4
0.26928,0.14743,8.62758,1.00000,0.13020,4
0.17389,0.24147,8.36835,1.00000,0.14120,4
0.08010,0.48485,13.33197,1.00000,0.11373,4
0.13545,0.19270,10.19910,1.00000,0.15983,4
0.03135,0.79942,17.37100,1.00000,0.14504,4
0.22907,0.11074,9.13220,1.00000,0.15612,4
0.11741,0.27723,8.42143,1.00000,0.14529,4
0.15592,0.16164,10.86888,1.00000,0.19364,4
0.27876,0.23427,11.12759,1.00000,0.18593,4
0.23042,0.15202,7.54326,1.00000,0.14085,4
0.17369,0.25433,9.18078,1.00000,0.18347,4
0.14065,0.38693,7.64628,1.00000,0.15783,4
0.21065,0.45729,14.31020,1.00000,0.22633,4
0.16326,0.15271,8.49218,1.00000,0.19115,4
0.16212,0.24120,9.74326,1.00000,0.16260,4
0.10273,0.61154,16.15032,1.00000,0.16206,4
0.13528,0.29116,9.81031,1.00000,0.21027,4
0.10404,0.70073,12.04353,1.00000,0.13654,4
0.25890,0.29444,7.25873,1.00000,0.17487,4
0.19795,0.78313,9.59411,1.00000,0.20286,4
0.16148,0.13967,10.38075,1.00000,0.18074,4
0.04400,0.76984,21.95073,1.00000,0.34626,4
0.21813,0.17984,9.23613,1.00000,0.13956,4
0.21175,0.35526,8.60264,1.00000,0.15780,4
0.17804,0.16145,9.45470,1.00000,0.15061,4
0.14611,0.20494,9.94085,1.00000,0.18377,4
0.16448,0.34503,10.14584,1.00000,0.18403,4
0.13405,0.35171,11.65995,1.00000,0.15737,4
0.17976,0.11186,9.38311,1.00000,0.14887,4
0.11674,0.34339,9.55064,1.00000,0.15685,4
0.17102,0.19170,8.24911,1.00000,0.16549,4
0.22282,0.15211,9.49270,1.00000,0.15179,4
0.16749,0.21149,7.79040,1.00000,0.13929,4
0.15636,0.11111,8.24796,1.00000,0.19334,4
0.21111,0.16959,9.79071,1.00000,0.16582,4
0.22822,0.13250,9.43143,1.00000,0.19673,4
0.16614,0.13703,9.49385,1.00000,0.13500,4
0.17665,0.24054,10.12314,1.00000,0.17801,4
0.18417,0.16235,9.81165,1.00000,0.15191,4
0.16677,0.16786,9.22398,1.00000,0.16158,4
0.23388,0.15588,9.29976,1.00000,0.19637,4
0.15338,0.40367,10.90175,1.00000,0.18404,4
0.25564,0.34992,10.17668,1.00000,0.17425,4
0.26728,0.14857,7.93113,1.00000,0.10789,4
0.08963,0.55514,9.56901,1.00000,0.16179,4
0.20162,0.22414,9.35372,1.00000,0.18837,4
0.13991,0.54921,15.52002,1.00000,0.16419,4
0.12417,0.23027,15.44475,1.00000,0.20319,4
0.22997,0.13446,10.93216,1.00000,0.18093,4
0.18782,0.12361,8.28414,1.00000,0.13450,4
0.21639,0.19568,9.22660,1.00000,0.16093,4
0.22848,0.17456,9.49217,1.00000,0.17536,4
0.24020,0.15281,9.27971,1.00000,0.17606,4
0.13790,0.26880,10.12179,1.00000,0.15049,4
0.11475,0.19902,11.83631,1.00000,0.17109,4
0.11056,0.45361,15.77023,1.00000,0.24113,4
0.14273,0.29799,8.59053,1.00000,0.15319,4
0.13546,0.14960,8.55909,1.00000,0.12113,4
0.14920,0.18554,8.99656,1.00000,0.16639,4
0.26395,0.20735,8.78180,1.00000,0.17982,4
0.14727,0.19166,9.50931,1.00000,0.17876,4
0.23042,0.14629,8.17162,1.00000,0.16604,4
0.22640,0.20737,7.99716,1.00000,0.14584,4
0.21526,0.12283,7.63165,1.00000,0.11938,4
0.20472,0.16951,9.41530,1.00000,0.17832,4
0.16348,0.25768,9.13245,1.00000,0.16394,4
0.18420,0.15632,7.60671,1.00000,0.15857,4
0.22439,0.18575,9.24841,1.00000,0.15477,4
0.14202,0.14119,9.45460,1.00000,0.14999,4
0.23926,0.14935,9.55618,1.00000,0.16063,4
0.01706,0.47594,17.43624,1.00000,0.15132,4
0.22387,0.20823,10.57089,1.00000,0.19745,4
0.23948,0.10273,11.44248,1.00000,0.22713,4
0.22978,0.22178,9.69878,1.00000,0.17020,4
0.25549,0.12528,9.86652,1.00000,0.19590,4
0.15144,0.12754,8.87617,1.00000,0.20092,4
0.17061,0.14384,9.30772,1.00000,0.20253,4
0.20531,0.15220,9.18340,1.00000,0.17384,4
0.13388,0.16921,11.53899,1.00000,0.16467,4
0.18586,0.21935,8.49468,1.00000,0.13950,4
0.21917,0.17439,7.74164,1.00000,0.14532,4
0.14186,0.12528,8.57399,1.00000,0.14968,4
0.15063,0.61480,20.87934,1.00000,0.38646,4
0.14694,0.15782,9.63679,1.00000,0.14748,4
0.14673,0.10251,7.58555,1.00000,0.14048,4
0.16758,0.41793,10.19005,1.00000,0.12395,4
0.18106,0.34738,14.56690,1.00000,0.28601,4
0.32628,0.17844,9.07714,1.00000,0.16373,4
0.20719,0.13188,8.72756,1.00000,0.12573,4
0.21905,0.13386,8.27589,1.00000,0.14093,4
0.14993,0.14020,7.46908,1.00000,0.14480,4
0.25074,0.16906,8.16480,1.00000,0.12321,4
0.13726,0.10796,9.09460,1.00000,0.19169,4
0.18667,0.22404,11.86997,1.00000,0.19522,4
0.23740,0.12711,8.54002,1.00000,0.18126,4
0.21789,0.30256,10.42327,1.00000,0.22591,4
0.24970,0.19730,8.23118,1.00000,0.16578,4
0.17635,0.25134,7.52340,1.00000,0.13463,4
0.17917,0.08085,8.87905,1.00000,0.19100,4
0.04842,0.52452,14.92053,1.00000,0.18684,4
0.20580,0.27510,9.05034,1.00000,0.16103,4
0.13316,0.21033,8.19833,1.00000,0.15266,4
0.18402,0.12403,9.46258,1.00000,0.19341,4
0.12725,0.19300,9.32740,1.00000,0.15063,4
0.17473,0.26870,8.60957,1.00000,0.09180,4
0.23955,0.19465,8.84405,1.00000,0.16634,4
0.16321,0.38392,9.96308,1.00000,0.14845,4
0.22574,0.16746,7.58831,1.00000,0.14457,4
0.04417,0.54865,15.63155,1.00000,0.22170,4
0.27802,0.18663,7.63376,1.00000,0.11937,4
0.13992,0.23784,12.51445,0.00000,0.19669,4
0.12713,0.14138,8.72047,1.00000,0.13910,4
0.21921,0.15892,7.59099,1.00000,0.17367,4
0.22256,0.23288,9.14187,1.00000,0.13933,4
0.12377,0.45503,10.24009,1.00000,0.17432,4
0.19486,0.26359,8.68742,1.00000,0.14221,4
0.25113,0.24854,8.89123,1.00000,0.16721,4
0.15785,0.17823,9.25699,1.00000,0.20245,4
0.19119,0.13158,8.82856,1.00000,0.14058,4
0.13983,0.15537,11.85690,1.00000,0.18637,4
0.29184,0.14302,8.97326,1.00000,0.16559,4
0.22947,0.12974,9.07031,1.00000,0.18803,4
0.25099,0.31300,7.87561,1.00000,0.14770,4
0.15469,0.17391,7.30974,1.00000,0.15827,4
0.20595,0.20903,8.39126,1.00000,0.14018,4
0.15343,0.14138,8.51910,1.00000,0.18415,4
0.10007,0.19890,7.88220,1.00000,0.14541,4
0.24428,0.12394,6.75293,1.00000,0.16008,4
0.25942,0.17611,7.62531,1.00000,0.14688,4
0.24133,0.12087,8.25819,1.00000,0.16135,4
0.24717,0.19611,6.54654,1.00000,0.11711,4
0.25678,0.11599,7.83067,1.00000,0.14394,4
0.21973,0.21728,9.88176,1.00000,0.16823,4
0.24031,0.15228,9.29048,1.00000,0.17386,4
0.03669,1.00000,12.04356,1.00000,0.14802,4
0.19061,0.18214,9.25412,1.00000,0.14671,4
0.15537,0.18893,8.58178,1.00000,0.15494,4
0.05732,0.65699,18.39414,1.00000,0.14207,4
0.19889,0.13431,7.69915,1.00000,0.15140,4
0.19391,0.22433,8.91864,1.00000,0.14730,4
0.19801,0.17696,10.43261,1.00000,0.21034,4
0.23638,0.17099,9.49499,1.00000,0.14560,4
0.24805,0.39683,9.25929,1.00000,0.15843,4
0.21480,0.11299,10.44476,1.00000,0.19565,4
0.19081,0.20244,7.91251,1.00000,0.15842,4
0.21667,0.16374,9.15376,1.00000,0.20294,4
0.17655,0.22384,8.47493,1.00000,0.13615,4
0.18888,0.38534,8.00500,1.00000,0.12975,4
0.23136,0.20776,10.69986,1.00000,0.18651,4
0.15285,0.52643,9.72928,1.00000,0.14882,4
0.22096,0.45818,10.78374,1.00000,0.22154,4
0.17253,0.26647,9.43075,1.00000,0.15764,4
0.22855,0.19128,9.48182,1.00000,0.17816,4
0.24731,0.09438,9.07919,1.00000,0.11898,4
0.17607,0.21411,8.65936,1.00000,0.11804,4
0.19445,0.23278,8.83231,1.00000,0.16817,4
0.17764,0.13699,9.94777,1.00000,0.17909,4
0.18126,0.10184,8.24021,1.00000,0.16923,4
0.22685,0.13386,8.47628,1.00000,0.17472,4
0.15304,0.15783,9.68111,1.00000,0.20391,4
0.23781,0.14994,9.92708,1.00000,0.17590,4
0.06880,0.56226,19.92139,1.00000,0.16631,4
0.19435,0.14535,9.81161,1.00000,0.18868,4
0.16958,0.15411,9.07476,1.00000,0.18328,4
0.13306,0.34400,10.89461,1.00000,0.21523,4
0.15579,0.14092,10.55008,1.00000,0.19113,4
0.08796,0.40659,10.69620,1.00000,0.12647,4
0.16531,0.37913,13.39631,1.00000,0.22994,4
0.16668,0.13972,8.59058,1.00000,0.16444,4
0.18482,0.14789,9.34163,1.00000,0.13405,4
0.17339,0.23004,11.48738,1.00000,0.18810,4
0.18990,0.20157,9.07497,1.00000,0.15503,4
0.12422,0.23291,9.19716,1.00000,0.16845,4
0.13454,0.19083,12.34197,1.00000,0.21558,4
0.23464,0.14220,7.94225,1.00000,0.12828,4
0.15579,0.21923,8.17878,1.00000,0.15124,4
0.24302,0.12054,8.95092,1.00000,0.13988,4
0.06369,0.73333,21.41269,1.00000,0.14980,4
0.10988,0.70229,12.38317,1.00000,0.12699,4
0.24156,0.18072,9.71402,1.00000,0.20849,4
0.14943,0.28593,9.57182,1.00000,0.18391,4
0.28600,0.20386,7.34874,1.00000,0.14406,4
0.23624,0.14720,9.37867,1.00000,0.18971,4
0.22981,0.16999,10.73278,1.00000,0.18031,4
0.21999,0.14954,9.69708,1.00000,0.17541,4
0.28849,0.15933,9.42205,1.00000,0.14290,4
0.14305,0.22581,11.45616,1.00000,0.22817,4
0.14457,0.44542,9.45530,1.00000,0.19536,4
0.16849,0.43774,10.67570,1.00000,0.19457,4
0.24196,0.38507,10.35984,1.00000,0.19104,4
0.20579,0.17866,9.14204,1.00000,0.17864,4
0.23222,0.20265,8.46290,1.00000,0.15925,4
0.20753,0.16626,8.30957,1.00000,0.14558,4
0.24417,0.18216,10.33184,1.00000,0.19286,4
0.17687,0.15052,9.37413,1.00000,0.15600,4
0.23564,0.13976,9.33336,1.00000,0.19271,4
0.21538,0.26657,7.61910,1.00000,0.13926,4
0.16835,0.11449,11.39890,1.00000,0.18590,4
0.20175,0.21364,9.42109,1.00000,0.15303,4
0.18624,0.10894,10.89059,1.00000,0.20582,4
0.26914,0.21203,9.26725,1.00000,0.16393,4
0.18837,0.14798,9.82850,1.00000,0.14481,4
0.19126,0.19321,8.22067,1.00000,0.15848,4
0.20403,0.32037,10.40586,1.00000,0.16447,4
0.24085,0.42226,8.46833,1.00000,0.17822,4
0.18261,0.16803,9.51898,1.00000,0.19253,4
0.17362,0.14645,8.90619,1.00000,0.14144,4
0.16111,0.18293,8.61625,1.00000,0.16168,4
0.15666,0.17870,9.32432,1.00000,0.17154,4
0.15771,0.24468,8.45468,1.00000,0.18129,4
0.26493,0.28762,8.50847,1.00000,0.15812,4
0.24820,0.16511,9.04641,1.00000,0.15065,4
0.20953,0.58537,9.22847,1.00000,0.15952,4
0.18869,0.17536,9.90440,1.00000,0.18574,4
0.17020,0.14399,8.76512,1.00000,0.14016,4
0.16749,0.15302,8.33429,1.00000,0.14642,4
0.08551,0.30126,11.91863,1.00000,0.21264,4
0.25346,0.20685,9.18515,1.00000,0.17013,4
0.15684,0.15169,10.82095,1.00000,0.18066,4
0.10811,0.45341,11.81675,1.00000,0.18807,4
0.17657,0.21118,12.67306,1.00000,0.28750,4
0.23438,0.24923,10.02681,1.00000,0.16189,4
0.20856,0.16601,8.49275,1.00000,0.16888,4
0.28683,0.26768,9.97672,1.00000,0.21706,4
0.15641,0.50700,11.05253,1.00000,0.12392,4
0.19942,0.15719,8.93806,1.00000,0.16303,4
0.27717,0.17494,10.16281,1.00000,0.17558,4
0.16503,0.13402,7.60098,1.00000,0.16913,4
0.27783,0.14578,7.87450,1.00000,0.11221,4
0.29628,0.13424,9.72898,1.00000,0.19128,4
0.23440,0.13559,10.19440,1.00000,0.16212,4
0.24138,0.18705,8.82622,1.00000,0.17598,4
0.21682,0.41403,10.71405,1.00000,0.16600,4
0.03120,0.50528,11.72838,1.00000,0.20121,4
0.27402,0.27020,12.04098,1.00000,0.24138,4
0.12069,0.31141,12.22570,1.00000,0.18499,4
0.05173,0.58250,12.29339,1.00000,0.15409,4
0.19090,0.15990,9.34776,1.00000,0.18585,4
0.17835,0.30421,11.43215,1.00000,0.19213,4
0.18166,0.31818,7.85136,1.00000,0.14148,4
0.14870,0.17191,8.36007,1.00000,0.15176,4
0.06451,0.36501,15.65758,1.00000,0.20907,4
0.20448,0.16977,9.35955,1.00000,0.17838,4
0.22687,0.18950,8.83996,1.00000,0.15565,4
0.26584,0.10757,8.86936,1.00000,0.13543,4
0.20161,0.23121,8.42370,1.00000,0.18004,4
0.16313,0.13619,10.15356,1.00000,0.17507,4
0.20122,0.22750,8.95779,1.00000,0.13080,4
0.19210,0.17544,8.31163,1.00000,0.17456,4
0.19616,0.16526,10.13140,1.00000,0.14335,4
0.20388,0.13620,7.87192,1.00000,0.14802,4
0.17031,0.31605,10.15944,1.00000,0.15954,4
0.15317,0.17008,9.71969,1.00000,0.21348,4
0.19783,0.11369,9.43937,1.00000,0.17164,4
0.15744,0.21108,8.62512,1.00000,0.14558,4
0.19513,0.13007,8.35363,1.00000,0.13568,4
0.20493,0.24434,8.53342,1.00000,0.15978,4
0.18154,0.31163,9.05644,1.00000,0.17928,4
0.24165,0.14767,9.35846,1.00000,0.15039,4
0.17988,0.21955,7.50124,1.00000,0.14592,4
0.13156,0.41084,9.01990,1.00000,0.18256,4
0.24941,0.26276,8.38806,1.00000,0.14031,4
0.20662,0.13573,8.31403,1.00000,0.14284,4
0.15019,0.35852,9.14475,1.00000,0.13653,4
0.17476,0.20635,9.96900,1.00000,0.18576,4
0.23760,0.21529,7.69294,1.00000,0.13580,4
0.21942,0.14219,9.88390,1.00000,0.16364,4
0.14410,0.24541,8.41470,1.00000,0.13662,4
0.18775,0.20745,8.64862,1.00000,0.17128,4
0.12921,0.30051,11.89686,1.00000,0.19876,4
0.22237,0.24837,7.54784,1.00000,0.16099,4
0.23260,0.29956,8.09303,1.00000,0.16596,4
0.26815,0.24868,8.84532,1.00000,0.14934,4
0.13491,0.46084,10.60538,1.00000,0.18256,4
0.13431,0.51044,17.21920,1.00000,0.18628,4
0.25363,0.18599,9.14944,1.00000,0.13794,4
0.26158,0.15729,9.01218,1.00000,0.13858,4
0.20788,0.27089,9.28782,1.00000,0.17882,4
0.18196,0.13387,10.09555,1.00000,0.13746,4
0.22643,0.16229,8.68622,1.00000,0.16565,4
0.17536,0.21080,8.76866,1.00000,0.15606,4
0.22222,0.17436,9.65754,1.00000,0.16892,4
0.25569,0.17727,8.70423,1.00000,0.19398,4
0.22609,0.19100,8.93063,1.00000,0.16225,4
0.20112,0.34783,7.90721,1.00000,0.12017,4
0.11175,0.34575,9.62298,1.00000,0.15284,4
0.16629,0.16883,9.34026,1.00000,0.18445,4
0.25071,0.20195,11.27173,1.00000,0.15042,4
0.19201,0.20161,12.32264,1.00000,0.25593,4
0.16291,0.13781,8.28899,1.00000,0.14341,4
0.15172,0.14233,8.88728,1.00000,0.16538,4
0.15856,0.16805,8.74953,1.00000,0.17394,4
0.26580,0.23248,9.61510,1.00000,0.17690,4
0.23290,0.15120,7.66932,1.00000,0.16659,4
0.16831,0.18997,10.71858,1.00000,0.18715,4
0.04976,0.61702,12.59395,1.00000,0.13822,4
0.23029,0.16909,8.55892,1.00000,0.16519,4
0.23299,0.19276,7.99326,1.00000,0.18010,4
0.16552,0.09953,9.84775,1.00000,0.15567,4
0.10202,0.48526,12.31992,1.00000,0.15898,4
0.22956,0.17070,10.67660,1.00000,0.17563,4
0.19626,0.14091,10.06167,1.00000,0.16271,4
0.13507,0.18831,10.06907,1.00000,0.19147,4
0.23432,0.18893,7.93193,1.00000,0.16201,4
0.23751,0.23734,9.09606,1.00000,0.16376,4
0.14837,0.16870,10.56234,1.00000,0.20082,4
0.28422,0.30447,9.10314,1.00000,0.12681,4
0.18543,0.22581,9.88606,1.00000,0.21592,4
0.18540,0.14155,8.88957,1.00000,0.13783,4
0.20247,0.11504,7.34828,1.00000,0.16494,4
0.21901,0.12685,8.06376,1.00000,0.17500,4
0.22845,0.11336,9.54325,1.00000,0.18267,4
0.17080,0.11649,8.68195,1.00000,0.14479,4
0.20716,0.10315,9.26596,1.00000,0.16238,4
0.21923,0.17438,8.33782,1.00000,0.15711,4
0.24630,0.16095,11.12645,1.00000,0.23526,4
0.22241,0.42514,9.14188,1.00000,0.15333,4
0.16398,0.12870,11.11422,1.00000,0.18887,4
0.11403,0.22516,11.77445,1.00000,0.21077,4
0.28924,0.18550,8.11837,1.00000,0.14709,4
0.20181,0.18720,11.54235,1.00000,0.19103,4
0.13642,0.21429,11.72622,1.00000,0.16800,4
0.21657,0.14318,9.77054,1.00000,0.14964,4
0.23141,0.15764,9.66856,1.00000,0.21418,4
0.22864,0.27273,7.25452,1.00000,0.11094,4
0.06067,0.67353,9.85609,1.00000,0.11086,4
0.13820,0.17015,13.58876,0.00000,0.20144,4
0.15568,0.17412,8.05821,1.00000,0.14847,4
0.23854,0.10153,8.37751,1.00000,0.15697,4
0.17334,0.13252,9.57563,1.00000,0.15499,4
0.01790,0.76966,10.07632,1.00000,0.11093,4
0.15931,0.18719,9.21737,1.00000,0.14288,4
0.18048,0.19777,8.53586,1.00000,0.12885,4
0.25486,0.21709,9.09244,1.00000,0.16573,4
0.22005,0.28775,10.02948,1.00000,0.17732,4
0.25783,0.41907,8.79536,1.00000,0.16532,4
0.13900,0.14960,9.19563,1.00000,0.16074,4
0.23552,0.09361,8.84175,1.00000,0.16370,4
0.04775,0.47573,11.00106,1.00000,0.13176,4
0.24990,0.23293,8.73865,1.00000,0.17835,4
0.21674,0.19314,7.69249,1.00000,0.13515,4
0.17884,0.47406,11.24707,1.00000,0.18277,4
0.23208,0.16963,8.94641,1.00000,0.14626,4
0.15613,0.17976,8.83461,1.00000,0.13705,4
0.13960,0.15665,6.19028,1.00000,0.12282,4
0.10768,0.20954,7.82379,1.00000,0.12515,4
0.33125,0.38272,9.46856,1.00000,0.15436,4
0.22108,0.28716,8.80335,1.00000,0.17224,4
0.23867,0.11503,9.27202,1.00000,0.16988,4
0.14825,0.30595,11.13545,1.00000,0.15077,4
0.05257,0.44861,8.62716,1.00000,0.14973,4
0.25295,0.27143,7.76330,1.00000,0.13590,4
0.19263,0.09237,7.55046,1.00000,0.15281,4
0.21150,0.17775,7.78742,1.00000,0.14466,4
0.20162,0.31495,9.20609,1.00000,0.15728,4
0.23389,0.33103,10.37329,1.00000,0.16926,4
0.24550,0.22259,9.78555,1.00000,0.18701,4
0.16933,0.18765,8.67258,1.00000,0.16396,4
0.21610,0.14823,10.24493,1.00000,0.17050,4
0.17238,0.14614,8.71517,1.00000,0.15184,4
0.22419,0.17548,10.57214,1.00000,0.19866,4
0.13492,0.34381,13.83450,1.00000,0.19223,4
0.16596,0.28696,9.11410,1.00000,0.16822,4
0.18958,0.27848,7.39682,1.00000,0.11675,4
0.18466,0.11973,9.54117,1.00000,0.17423,4
0.16862,0.30969,11.16053,1.00000,0.18493,4
0.23808,0.29890,7.83735,1.00000,0.14230,4
0.20009,0.13113,8.85684,1.00000,0.13533,4
0.18340,0.38932,8.57780,1.00000,0.15710,4
0.16198,0.10492,8.89818,1.00000,0.14054,4
0.18486,0.18882,8.75756,1.00000,0.14507,4
0.17305,0.25164,12.28230,1.00000,0.19856,4
0.17137,0.18625,8.94793,1.00000,0.14600,4
0.17421,0.17563,7.89244,1.00000,0.13038,4
0.17481,0.22237,9.69950,1.00000,0.19029,4
0.21863,0.33191,10.26081,1.00000,0.13759,4
0.18935,0.13736,7.32806,1.00000,0.10537,4
0.16243,0.15268,8.76336,1.00000,0.19556,4
0.22694,0.34271,9.51556,1.00000,0.09496,4
0.14803,0.18541,8.80466,1.00000,0.14413,4
0.25084,0.21060,7.57500,1.00000,0.12184,4
0.25522,0.25036,8.40642,1.00000,0.16436,4
0.24552,0.26440,10.13406,1.00000,0.16611,4
0.22716,0.16397,8.78704,1.00000,0.14525,4
0.29479,0.21717,7.90347,1.00000,0.15507,4
0.22116,0.17284,10.24261,1.00000,0.17468,4
0.15664,0.18559,11.06283,1.00000,0.21111,4
0.13626,0.11739,8.23131,1.00000,0.15944,4
0.14378,0.31594,10.84215,1.00000,0.15195,4
0.22559,0.16612,10.10343,1.00000,0.16578,4
0.15102,0.36538,8.54121,1.00000,0.15475,4
0.22934,0.19068,10.58037,1.00000,0.19875,4
0.15268,0.18557,9.14546,1.00000,0.14569,4
0.19082,0.26667,8.90015,1.00000,0.19207,4
0.05465,0.50103,22.33956,1.00000,0.31208,4
0.16073,0.21987,11.04561,1.00000,0.19390,4
0.18600,0.19495,9.93269,1.00000,0.14693,4
0.15925,0.19764,7.36981,1.00000,0.15126,4
0.15138,0.16069,6.95281,1.00000,0.12190,4
0.31171,0.17450,10.29567,1.00000,0.16502,4
0.20379,0.14797,8.79304,1.00000,0.16968,4
0.19998,0.14204,8.42484,1.00000,0.17917,4
0.26503,0.23187,8.48191,1.00000,0.13793,4
0.21236,0.34716,11.44776,1.00000,0.23459,4
0.10906,0.24372,7.16315,1.00000,0.14095,4
0.20396,0.11321,7.99951,1.00000,0.13993,4
0.21303,0.22063,8.38940,1.00000,0.18497,4
0.18082,0.41872,10.69141,1.00000,0.21151,4
0.12754,0.25335,10.00277,1.00000,0.18907,4
0.00404,0.56571,10.87069,1.00000,0.12466,4
0.22625,0.17026,8.41099,1.00000,0.13778,4
0.24268,0.33333,8.56991,1.00000,0.16494,4
0.11050,0.21629,9.14741,1.00000,0.18364,4
0.18008,0.13548,8.94968,1.00000,0.13709,4
0.05455,0.41121,13.18809,1.00000,0.29663,4
0.17448,0.28151,9.59026,1.00000,0.17019,4
0.18776,0.17663,9.20252,1.00000,0.16993,4
0.19777,0.13295,8.59549,1.00000,0.14050,4
0.23756,0.11425,7.93422,1.00000,0.14633,4
0.03337,0.50119,10.24996,1.00000,0.22118,4
0.20302,0.32222,9.16318,1.00000,0.14341,4
0.17216,0.11602,8.84950,1.00000,0.19453,4
0.18002,0.13381,8.89574,1.00000,0.14363,4
0.24294,0.17933,7.29631,1.00000,0.13862,4
0.13974,0.21597,9.54472,1.00000,0.14016,4
0.11482,0.10383,8.39059,1.00000,0.13938,4
0.13646,0.14562,8.82167,1.00000,0.20925,4
0.22850,0.18989,9.79247,1.00000,0.15358,4
0.15702,0.22568,8.58848,1.00000,0.13859,4
0.21477,0.20968,9.46333,1.00000,0.15358,4
0.15287,0.23984,9.23007,1.00000,0.12470,4
0.14998,0.17792,11.04986,1.00000,0.19465,4
0.11572,0.64211,12.42615,1.00000,0.14825,4
0.22835,0.19917,9.28317,1.00000,0.17473,4
0.07310,0.57853,13.09087,1.00000,0.22781,4
0.18428,0.17812,9.95799,1.00000,0.16572,4
0.23744,0.23148,8.58514,1.00000,0.15723,4
0.23925,0.10976,9.54925,1.00000,0.17308,4
0.27917,0.15059,9.63800,1.00000,0.16826,4
0.12972,0.23415,7.51059,1.00000,0.15252,4
0.13233,0.32023,11.80869,1.00000,0.17440,4
0.20588,0.10722,9.88490,1.00000,0.19672,4
0.23583,0.14588,9.79174,1.00000,0.17836,4
0.13113,0.24133,12.39388,1.00000,0.16499,4
0.16811,0.21446,8.00545,1.00000,0.15825,4
0.32559,0.12108,7.84039,1.00000,0.12351,4
0.27819,0.20296,8.56153,1.00000,0.16396,4
0.19816,0.13889,8.98726,1.00000,0.15181,4
0.14129,0.14931,9.23333,1.00000,0.14738,4
0.20666,0.17830,10.33755,1.00000,0.21792,4
0.21971,0.28748,9.47694,1.00000,0.18044,4
0.13095,0.40476,10.77353,1.00000,0.14787,4
0.18073,0.15057,7.89733,1.00000,0.11852,4
0.20802,0.19314,9.31943,1.00000,0.20892,4
0.21901,0.51091,9.47978,1.00000,0.18188,4
0.23000,0.19415,10.76010,1.00000,0.18796,4
0.16254,0.16030,8.13475,1.00000,0.13954,4
0.17347,0.11285,9.56726,1.00000,0.17495,4
0.17979,0.16999,8.36081,1.00000,0.15814,4
0.13940,0.16943,7.74779,1.00000,0.15899,4
0.18364,0.11444,7.77461,1.00000,0.16127,4
0.27083,0.18750,8.40351,1.00000,0.18467,4
0.12009,0.12302,9.06856,1.00000,0.16453,4
0.30729,0.14614,10.38684,1.00000,0.16068,4
0.26351,0.10964,10.39355,1.00000,0.16403,4
0.17941,0.33046,11.89152,1.00000,0.16301,4
0.16945,0.33991,11.70562,1.00000,0.17957,4
0.16932,0.14450,11.24599,1.00000,0.19754,4
0.12981,0.50092,10.96899,1.00000,0.14589,4
0.27889,0.24022,8.04812,1.00000,0.15537,4
0.21078,0.16507,9.85330,1.00000,0.20758,4
0.21303,0.09277,6.77728,1.00000,0.16304,4
0.10496,0.73464,9.63334,1.00000,0.10715,4
0.16959,0.19782,9.41081,1.00000,0.16017,4
0.19203,0.15475,9.04333,1.00000,0.15630,4
0.24263,0.11294,9.56500,1.00000,0.15641,4
0.22191,0.13575,9.17373,1.00000,0.16964,4
0.15145,0.17294,7.59573,1.00000,0.14557,4
0.17002,0.11062,9.94772,1.00000,0.17538,4
0.24042,0.07791,8.42221,1.00000,0.15370,4
0.20652,0.30587,10.91301,1.00000,0.19147,4
0.19937,0.12528,10.14361,1.00000,0.15697,4
0.15417,0.17016,9.09714,1.00000,0.17572,4
0.26419,0.13694,7.79473,1.00000,0.13576,4
0.16625,0.29605,14.01005,1.00000,0.22378,4
0.22787,0.13326,8.29699,1.00000,0.13803,4
0.23565,0.12373,9.70552,1.00000,0.16845,4
0.18588,0.12013,9.62587,1.00000,0.15525,4
0.09459,0.84058,11.01333,1.00000,0.17504,4
0.18558,0.17435,7.94353,1.00000,0.13276,4
0.22852,0.23684,8.40906,1.00000,0.14958,4
0.15403,0.16200,8.00016,1.00000,0.13331,4
0.19346,0.17212,11.11640,1.00000,0.23575,4
0.19587,0.14077,9.15614,1.00000,0.17937,4
0.21757,0.24064,9.15765,1.00000,0.19240,4
0.14496,0.25741,8.54231,1.00000,0.12332,4
0.14780,0.28078,11.18197,1.00000,0.19847,4
0.24019,0.15727,8.04315,1.00000,0.13200,4
0.02777,0.50811,10.10486,1.00000,0.11417,4
0.14968,0.23691,7.99066,1.00000,0.14186,4
0.17096,0.09778,10.18370,1.00000,0.14943,4
0.18814,0.14451,9.89796,1.00000,0.21151,4
0.19185,0.26833,9.60456,1.00000,0.19272,4
0.21744,0.21728,8.89154,1.00000,0.16359,4
0.13249,0.51646,10.77079,1.00000,0.21674,4
0.24167,0.24557,9.95279,1.00000,0.16792,4
0.04915,0.53034,11.31453,1.00000,0.13483,4
0.20635,0.14133,9.10126,1.00000,0.17742,4
0.20164,0.17472,10.50664,1.00000,0.19168,4
0.18401,0.15457,7.94660,1.00000,0.17050,4
0.20961,0.12249,7.94944,1.00000,0.13902,4
0.22655,0.10467,9.14119,1.00000,0.18504,4
0.18141,0.20354,10.65702,1.00000,0.17194,4
0.20535,0.24441,8.26515,1.00000,0.18346,4
0.19846,0.23087,8.77420,1.00000,0.14137,4
0.17179,0.56154,9.63073,1.00000,0.15377,4
0.24498,0.16486,9.14442,1.00000,0.19930,4
0.22163,0.23790,8.31162,1.00000,0.15791,4
0.20815,0.36964,9.64351,1.00000,0.14529,4
0.19615,0.20460,9.74540,1.00000,0.19146,4
0.04368,0.53757,13.30477,1.00000,0.23750,4
0.20979,0.47092,9.54347,1.00000,0.12392,4
0.17742,0.21563,8.28724,1.00000,0.14364,4
0.19556,0.13988,8.44857,1.00000,0.14523,4
0.15663,0.15483,9.09402,1.00000,0.20651,4
0.20590,0.15636,10.10239,1.00000,0.19346,4
0.14852,0.68182,9.95786,1.00000,0.11065,4
0.20791,0.14319,9.35057,1.00000,0.17927,4
0.17731,0.13426,7.93332,1.00000,0.19699,4
0.16707,0.21384,9.57866,1.00000,0.19832,4
0.17554,0.14533,9.86556,1.00000,0.16275,4
0.15512,0.29863,8.67338,1.00000,0.11078,4
0.16871,0.32357,11.39042,1.00000,0.18101,4
0.11580,0.35048,10.16515,1.00000,0.16514,4
0.23586,0.18296,8.51022,1.00000,0.18671,4
0.19007,0.19291,8.05365,1.00000,0.13468,4
0.29374,0.13902,9.36698,1.00000,0.16289,4
0.19481,0.15846,7.15341,1.00000,0.16442,4
0.16574,0.16000,8.50578,1.00000,0.15204,4
0.21318,0.24265,10.72145,1.00000,0.18680,4
0.23173,0.14614,8.77605,1.00000,0.14790,4
0.11037,0.16885,9.48528,1.00000,0.16417,4
0.20264,0.20075,8.09307,1.00000,0.17276,4
0.24032,0.14723,9.17177,1.00000,0.15844,4
0.09543,0.37281,16.09860,1.00000,0.30268,4
0.20812,0.28274,8.92412,1.00000,0.17531,4
0.10639,0.51252,9.51968,1.00000,0.07716,4
0.20407,0.19175,8.72445,1.00000,0.14367,4
0.08678,0.39787,10.58944,1.00000,0.14290,4
0.12962,0.15235,8.89127,1.00000,0.17003,4
0.13229,0.45070,11.83464,1.00000,0.19915,4
0.17955,0.23282,7.90020,1.00000,0.14319,4
0.21315,0.16220,9.41604,1.00000,0.15560,4
0.16922,0.13033,11.33664,1.00000,0.15698,4
0.17461,0.17476,7.77379,1.00000,0.15233,4
0.14414,0.39876,14.49739,1.00000,0.27268,4
0.19430,0.15495,9.28046,1.00000,0.14276,4
0.22617,0.34622,8.31778,1.00000,0.16564,4
0.21122,0.10011,9.88782,1.00000,0.15163,4
0.19742,0.11521,9.01663,1.00000,0.19553,4
0.21639,0.13215,8.63664,1.00000,0.13004,4
0.24916,0.12668,8.07447,1.00000,0.15470,4
0.21951,0.12138,10.52019,1.00000,0.22857,4
0.22104,0.37834,12.50779,1.00000,0.15588,4
0.17929,0.18455,9.37476,1.00000,0.16537,4
0.15837,0.34977,7.95176,1.00000,0.14302,4
0.16995,0.31994,8.73671,1.00000,0.18242,4
0.18856,0.21235,8.46479,1.00000,0.12023,4
0.21070,0.16883,9.70785,1.00000,0.17275,4
0.24687,0.51899,9.16800,1.00000,0.09986,4
0.24398,0.11538,9.64486,1.00000,0.14903,4
0.22178,0.23067,9.85170,1.00000,0.17307,4
0.16872,0.13280,8.39267,1.00000,0.16118,4
0.13082,0.17518,7.54914,1.00000,0.17727,4
0.26459,0.16005,7.73076,1.00000,0.14762,4
0.24079,0.14706,9.23183,1.00000,0.15829,4
0.13161,0.38206,12.77508,1.00000,0.21525,4
0.01144,0.46854,11.40513,1.00000,0.13803,4
0.24134,0.11577,10.30901,1.00000,0.21470,4
0.15957,0.35909,10.80471,1.00000,0.17058,4
0.23952,0.15852,8.08602,1.00000,0.13361,4
0.20572,0.20896,8.05204,1.00000,0.16166,4
0.22957,0.19011,8.38138,1.00000,0.15258,4
0.25743,0.15796,7.25428,1.00000,0.13212,4
0.16359,0.21863,7.70703,1.00000,0.16730,4
0.14585,0.10000,8.35778,1.00000,0.14103,4
0.18418,0.17821,9.52083,1.00000,0.12623,4
0.15945,0.19253,8.47727,1.00000,0.13259,4
0.21927,0.13356,10.55431,1.00000,0.16289,4
0.22872,0.15822,9.09080,1.00000,0.18603,4
0.08139,0.63616,8.83041,1.00000,0.13700,4
0.19151,0.14794,9.46983,1.00000,0.17682,4
0.09594,0.36256,11.43819,1.00000,0.17322,4
0.21843,0.14628,8.50646,1.00000,0.13814,4
0.20457,0.15101,9.29313,1.00000,0.14069,4
0.10684,0.20606,9.40346,1.00000,0.16873,4
0.04814,0.22799,13.73137,1.00000,0.21399,4
0.11154,0.57031,10.71288,1.00000,0.14579,4
0.21643,0.23315,7.57209,1.00000,0.15608,4
0.26776,0.15553,8.72048,1.00000,0.13149,4
0.16259,0.10035,9.78423,1.00000,0.18357,4
0.25331,0.15589,8.76092,1.00000,0.14273,4
0.20923,0.14023,9.07221,1.00000,0.14717,4
0.15028,0.16667,10.94702,1.00000,0.16688,4
0.17369,0.32759,10.74654,1.00000,0.12818,4
0.13615,0.45433,9.78582,1.00000,0.14849,4
0.24604,0.13608,7.95579,1.00000,0.15548,4
0.17753,0.29463,9.00005,1.00000,0.14453,4
0.18165,0.11800,10.75093,1.00000,0.18774,4
0.13238,0.17213,7.36991,1.00000,0.15458,4
0.22516,0.16749,10.53645,1.00000,0.20041,4
0.16987,0.15222,8.75155,1.00000,0.17226,4
0.22757,0.21594,6.95951,1.00000,0.12935,4
0.27102,0.16910,7.93894,1.00000,0.12818,4
0.20077,0.20844,11.04404,1.00000,0.13903,4
0.19815,0.20319,9.88404,1.00000,0.16685,4
0.21782,0.42567,10.51486,1.00000,0.17863,4
0.16192,0.10486,8.71402,1.00000,0.14955,4
0.17880,0.22409,8.45984,1.00000,0.16406,4
0.19503,0.18832,8.25662,1.00000,0.16661,4
0.20474,0.14286,10.20257,1.00000,0.18930,4
0.12152,0.37252,10.79891,0.00000,0.15664,4
0.21454,0.12795,8.74349,1.00000,0.14765,4
0.18817,0.11577,10.48724,1.00000,0.22046,4
0.21867,0.14516,9.08811,1.00000,0.15122,4
0.17084,0.39716,9.68320,1.00000,0.14361,4
0.20869,0.26790,9.42862,1.00000,0.13750,4
0.26101,0.31324,10.25746,1.00000,0.19060,4
0.29908,0.15438,7.45540,1.00000,0.14923,4
0.24793,0.24651,11.67853,1.00000,0.17057,4
0.14952,0.41812,10.36531,1.00000,0.21282,4
0.25296,0.18127,8.49087,1.00000,0.15754,4
0.24512,0.14994,9.45305,1.00000,0.16728,4
0.17757,0.37031,12.10618,1.00000,0.18196,4
0.11087,0.48107,9.91455,1.00000,0.08062,4
0.22214,0.16941,8.98008,1.00000,0.14219,4
0.24197,0.13227,9.57469,1.00000,0.18978,4
0.18594,0.22473,7.26443,1.00000,0.13868,4
0.17619,0.18734,9.83663,1.00000,0.19129,4
0.18300,0.23186,8.47941,1.00000,0.14466,4
0.19288,0.12776,9.21119,1.00000,0.17476,4
0.18648,0.20635,9.68194,1.00000,0.18761,4
0.14063,0.26714,9.23417,1.00000,0.15232,4
0.11820,0.19949,6.64129,1.00000,0.14149,4
0.03026,0.46405,10.10271,1.00000,0.18937,4
0.13728,0.13288,6.30752,1.00000,0.14899,4
0.22024,0.17468,9.73054,1.00000,0.16847,4
0.21398,0.25972,9.75443,1.00000,0.17052,4
0.23027,0.17079,8.34425,1.00000,0.17896,4
0.09559,0.20613,12.82575,1.00000,0.19695,4
0.20031,0.22238,11.46187,1.00000,0.17146,4
0.28989,0.27069,7.16673,1.00000,0.10869,4
0.16062,0.15981,7.78064,1.00000,0.13581,4
0.17932,0.54214,10.01781,1.00000,0.11442,4
0.24479,0.21193,9.54578,1.00000,0.18069,4
0.20678,0.12585,8.65352,1.00000,0.16192,4
0.21320,0.13962,8.47746,1.00000,0.13774,4
0.23985,0.49624,16.46388,1.00000,0.22319,4
0.15865,0.18160,10.60788,1.00000,0.21104,4
0.16847,0.11685,8.35700,1.00000,0.12497,4
0.12752,0.19877,11.33089,1.00000,0.20251,4
0.18355,0.21033,8.80480,1.00000,0.15867,4
0.13441,0.35430,10.24693,1.00000,0.13742,4
0.21782,0.14062,8.72741,1.00000,0.18371,4
0.14085,0.17355,11.29876,1.00000,0.17336,4
0.21129,0.09473,8.70411,1.00000,0.15276,4
0.15496,0.16032,10.71870,1.00000,0.22703,4
0.10954,0.38274,12.36285,1.00000,0.27062,4
0.21988,0.17333,9.21678,1.00000,0.18955,4
0.19397,0.20284,7.99001,1.00000,0.17056,4
0.23277,0.12570,9.06630,1.00000,0.14650,4
0.22459,0.16023,7.40098,1.00000,0.11779,4
0.16794,0.22960,13.23643,1.00000,0.25347,4
0.16873,0.16118,8.42801,1.00000,0.17072,4
0.20306,0.20000,8.88355,1.00000,0.17484,4
0.13107,0.36228,10.12823,1.00000,0.14077,4
0.20508,0.15231,8.09170,1.00000,0.13546,4
0.19670,0.11947,9.02521,1.00000,0.12375,4
0.23495,0.16764,7.85826,1.00000,0.11066,4
0.24282,0.19231,8.45664,1.00000,0.13137,4
0.18820,0.13688,9.12815,1.00000,0.14097,4
0.16214,0.22311,7.79332,1.00000,0.15640,4
0.16663,0.09586,7.90023,1.00000,0.11722,4
0.20403,0.11779,10.68410,1.00000,0.20631,4
0.17989,0.25342,9.68781,1.00000,0.17300,4
0.27181,0.20228,9.75831,1.00000,0.19415,4
0.15368,0.29933,15.54868,1.00000,0.22167,4
0.09475,0.93833,14.70165,1.00000,0.14350,4
0.11785,0.35788,8.55514,1.00000,0.12317,4
0.17831,0.15869,7.88686,1.00000,0.16726,4
0.21193,0.10659,9.90508,1.00000,0.15417,4
0.17406,0.17347,9.39743,1.00000,0.15701,4
0.16199,0.13851,10.46343,1.00000,0.17768,4
0.20351,0.13614,9.14577,1.00000,0.17275,4
0.19267,0.11222,8.77838,1.00000,0.15723,4
0.15919,0.34230,10.29290,1.00000,0.18879,4
0.20314,0.19821,7.88500,1.00000,0.12790,4
0.22266,0.19779,10.49786,1.00000,0.20108,4
0.16691,0.12000,8.28750,1.00000,0.12700,4
0.23877,0.16099,8.16727,1.00000,0.14675,4
0.19736,0.14172,8.60016,1.00000,0.19084,4
0.11996,0.81053,18.54948,1.00000,0.15852,4
0.22215,0.21017,8.94692,1.00000,0.13619,4
0.19960,0.31875,11.30175,1.00000,0.17930,4
0.19245,0.15190,9.84973,1.00000,0.19818,4
0.18551,0.17180,7.34085,1.00000,0.14654,4
0.26188,0.16115,10.08469,1.00000,0.18280,4
0.22983,0.09781,8.95019,1.00000,0.14640,4
0.19870,0.25254,8.16172,1.00000,0.11555,4
0.14491,0.32253,9.71987,1.00000,0.17824,4
0.12582,0.19759,7.95380,1.00000,0.11924,4
0.19488,0.16028,10.69491,1.00000,0.15056,4
0.18734,0.09503,10.55444,1.00000,0.17196,4
0.13615,0.22097,8.01648,1.00000,0.18254,4
0.20864,0.19024,9.08225,1.00000,0.16598,4
0.18377,0.21636,10.00970,1.00000,0.17649,4
0.21499,0.24501,7.83110,1.00000,0.15135,4
0.14131,0.14496,8.68656,1.00000,0.14155,4
0.13092,0.30400,10.09601,1.00000,0.13301,4
0.16996,0.14355,8.89439,1.00000,0.14944,4
0.11651,0.56890,9.72194,1.00000,0.10690,4
0.18275,0.22839,8.17718,1.00000,0.14582,4
0.17590,0.17412,11.02970,1.00000,0.18464,4
0.14147,0.14660,9.14864,1.00000,0.15612,4
0.23322,0.21033,8.48804,1.00000,0.15909,4
0.19091,0.25493,10.81346,1.00000,0.15604,4
0.18473,0.15856,10.01155,1.00000,0.17629,4
0.22066,0.11823,8.61775,1.00000,0.14622,4
0.22316,0.13311,9.74849,1.00000,0.16444,4
0.19438,0.19084,10.14777,1.00000,0.16644,4
0.11535,0.23729,9.26919,1.00000,0.15509,4
0.11392,0.59368,12.92188,1.00000,0.14698,4
0.18093,0.36434,9.40304,1.00000,0.14842,4
0.20544,0.33916,9.67301,1.00000,0.16614,4
0.13765,0.49526,11.74192,1.00000,0.24964,4
0.20738,0.12277,8.53200,1.00000,0.12419,4
0.19628,0.13356,9.37622,1.00000,0.18309,4
0.16182,0.25745,10.32816,1.00000,0.21047,4
0.19253,0.13386,9.42006,1.00000,0.16666,4
0.17290,0.21233,7.80188,1.00000,0.13076,4
0.21408,0.16988,8.70092,1.00000,0.12744,4
0.19532,0.37808,11.93534,1.00000,0.24431,4
0.24536,0.23581,8.76569,1.00000,0.12529,4
0.23948,0.24700,9.12637,1.00000,0.16275,4
0.16572,0.17021,9.57331,1.00000,0.17777,4
0.29184,0.34527,11.77424,1.00000,0.17207,4
0.28175,0.30576,8.54623,1.00000,0.17170,4
0.15089,0.32638,11.26489,1.00000,0.16155,4
0.19382,0.15323,9.98469,1.00000,0.18699,4
0.19372,0.18825,9.05349,1.00000,0.14790,4
0.10737,0.32326,9.14474,1.00000,0.14663,4
0.14611,0.08663,9.32610,1.00000,0.14009,4
0.17932,0.34807,8.76077,1.00000,0.15394,4
0.19194,0.14503,9.20326,1.00000,0.16607,4
0.18611,0.21894,9.82174,1.00000,0.20628,4
0.25656,0.15809,8.36634,1.00000,0.17035,4
0.25093,0.13832,8.56526,1.00000,0.16874,4
0.17698,0.19389,10.27103,1.00000,0.15335,4
0.21667,0.10573,9.79248,1.00000,0.18126,4
0.16269,0.29023,9.26268,1.00000,0.17879,4
0.20454,0.14483,9.05229,1.00000,0.17861,4
0.27787,0.18877,9.19828,1.00000,0.16863,4
0.16457,0.14073,8.99284,1.00000,0.15781,4
0.21153,0.18291,9.32229,1.00000,0.18374,4
0.19315,0.25441,11.07194,1.00000,0.16598,4
0.18526,0.20476,8.53762,1.00000,0.15683,4
0.16367,0.24492,9.24887,1.00000,0.15604,4
0.21707,0.24664,8.13246,1.00000,0.13288,4
0.12276,0.58546,12.76838,1.00000,0.20691,4
0.09924,0.42089,8.51014,1.00000,0.08382,4
0.25776,0.20445,10.59531,1.00000,0.13467,4
0.21949,0.24922,9.00980,1.00000,0.16009,4
0.32192,0.22699,8.85002,1.00000,0.17400,4
0.19616,0.31856,8.75539,1.00000,0.17631,4
0.24730,0.17004,9.37862,1.00000,0.17936,4
0.18443,0.12771,8.24916,1.00000,0.16782,4
0.21972,0.20076,8.01478,1.00000,0.17240,4
0.22285,0.10458,9.50921,1.00000,0.16108,4
0.20528,0.13311,9.50897,1.00000,0.17717,4
0.24623,0.23990,8.71083,1.00000,0.14868,4
0.25650,0.17359,10.17242,1.00000,0.20910,4
0.11988,0.22774,11.59624,1.00000,0.22077,4
0.20707,0.28393,9.38946,1.00000,0.18907,4
0.21046,0.20909,10.39290,1.00000,0.15491,4
0.18595,0.24587,6.89886,1.00000,0.12765,4
0.26540,0.24462,9.35770,1.00000,0.17183,4
0.24362,0.13097,7.83362,1.00000,0.14274,4
0.19790,0.12333,7.71058,1.00000,0.16621,4
0.22237,0.14152,9.36688,1.00000,0.15122,4
0.15446,0.15991,10.02704,1.00000,0.17816,4
0.24005,0.15486,7.68524,1.00000,0.15798,4
0.25593,0.12763,7.83279,1.00000,0.12867,4
0.20477,0.18638,7.78347,1.00000,0.15417,4
0.09089,0.92251,14.19596,1.00000,0.18263,4
0.12800,0.28444,11.69872,1.00000,0.21279,4
0.28089,0.17319,9.85515,1.00000,0.15724,4
0.10892,0.41573,9.28235,1.00000,0.14954,4
0.18172,0.25624,10.59488,1.00000,0.18377,4
0.15781,0.66361,15.18361,1.00000,0.19782,4
0.16183,0.15509,9.92752,1.00000,0.18279,4
0.27042,0.15312,7.91720,1.00000,0.14541,4
0.19385,0.10000,10.77442,1.00000,0.20791,4
0.23831,0.20226,8.60429,1.00000,0.18353,4
0.20096,0.21922,11.36965,1.00000,0.17541,4
0.22003,0.17011,8.86252,1.00000,0.17778,4
0.17136,0.25100,7.58983,1.00000,0.13488,4
0.17200,0.40154,10.72471,1.00000,0.15743,4
0.17563,0.28571,10.74622,1.00000,0.14904,4
0.24327,0.30344,9.32205,1.00000,0.16145,4
0.19219,0.14868,7.40817,1.00000,0.13643,4
0.16301,0.22462,9.95062,1.00000,0.15422,4
0.21337,0.25243,9.52367,1.00000,0.14626,4
0.21023,0.14777,9.75887,1.00000,0.18204,4
0.11116,0.64672,9.38129,1.00000,0.10362,4
0.23410,0.09229,8.42549,1.00000,0.15234,4
0.18478,0.20200,8.71349,1.00000,0.14305,4
0.19816,0.20310,7.93779,1.00000,0.13788,4
0.15012,0.18421,7.75333,1.00000,0.19815,4
0.20680,0.12625,7.30386,1.00000,0.13732,4
0.13279,0.22084,11.22117,1.00000,0.22276,4
0.10218,0.14041,8.99203,1.00000,0.16139,4
0.16073,0.15358,8.60784,1.00000,0.11846,4
0.20107,0.10492,9.97057,1.00000,0.17896,4
0.14943,0.48105,10.85985,1.00000,0.12812,4
0.24377,0.11137,8.94222,1.00000,0.14698,4
0.18190,0.14794,8.14434,1.00000,0.11725,4
0.22217,0.18672,9.47160,1.00000,0.16490,4
0.21857,0.27364,9.73061,1.00000,0.15766,4
0.15484,0.15586,8.07592,1.00000,0.13125,4
0.23380,0.18959,9.28376,1.00000,0.16306,4
0.19463,0.24256,9.08321,1.00000,0.17537,4
0.16896,0.13113,10.37840,1.00000,0.17397,4
0.18902,0.09890,9.04684,1.00000,0.18712,4
0.22622,0.15447,9.72604,1.00000,0.18523,4
0.17888,0.27157,9.34311,1.00000,0.17306,4
0.15538,0.14965,8.89072,1.00000,0.15169,4
0.16760,0.21033,10.98460,1.00000,0.15810,4
0.18174,0.19483,6.87570,1.00000,0.14229,4
0.14921,0.11448,9.57445,1.00000,0.14000,4
0.17860,0.19059,6.08210,1.00000,0.14118,4
0.15513,0.20940,13.87860,1.00000,0.20701,4
0.20117,0.19110,8.74990,1.00000,0.13278,4
0.14501,0.18839,9.34448,1.00000,0.16676,4
0.17767,0.14318,10.00552,1.00000,0.18550,4
0.12522,0.33137,7.03951,1.00000,0.12435,4
0.27133,0.34840,8.86179,1.00000,0.17160,4
0.27452,0.18796,7.17292,1.00000,0.11104,4
0.17842,0.26061,9.93690,1.00000,0.19800,4
0.16418,0.14107,9.36732,1.00000,0.14205,4
0.23946,0.13196,8.42105,1.00000,0.14575,4
0.18593,0.40081,8.66990,1.00000,0.10967,4
0.13070,0.22074,9.98868,1.00000,0.16224,4
0.26933,0.37833,12.83474,1.00000,0.26066,4
0.25601,0.16336,8.46802,1.00000,0.16197,4
0.14517,0.29060,8.27833,1.00000,0.10722,4
0.08403,0.41081,21.66024,1.00000,0.15544,4
0.04262,0.55932,13.15190,1.00000,0.16560,4
0.09980,0.30654,8.51579,1.00000,0.10344,4
0.19889,0.13481,7.64470,1.00000,0.14747,4
0.13824,0.46244,20.52538,1.00000,0.20651,4
0.24033,0.19750,9.56232,1.00000,0.17728,4
0.22405,0.25603,8.15527,1.00000,0.16386,4
0.19538,0.12796,10.44750,1.00000,0.20683,4
0.20396,0.11263,8.77221,1.00000,0.17267,4
0.18071,0.20890,8.86126,1.00000,0.17039,4
0.21305,0.20405,8.43157,1.00000,0.17711,4
0.21235,0.20555,9.53494,1.00000,0.17077,4
0.18832,0.44990,8.95084,1.00000,0.13742,4
0.16643,0.19437,9.45711,1.00000,0.14154,4
0.12165,0.27543,9.22957,1.00000,0.13338,4
0.09306,0.44663,13.58352,1.00000,0.23860,4
0.19142,0.17108,9.51975,1.00000,0.17673,4
0.22162,0.18450,10.85210,1.00000,0.17688,4
0.20299,0.44834,11.00325,1.00000,0.17992,4
0.16371,0.22039,8.33242,1.00000,0.17553,4
0.20153,0.11123,8.57172,1.00000,0.14711,4
0.15529,0.12471,9.41642,1.00000,0.14849,4
0.18515,0.17896,9.71730,1.00000,0.17271,4
0.25329,0.15165,7.57948,1.00000,0.13710,4
0.20455,0.24339,11.49292,1.00000,0.15789,4
0.16124,0.23139,11.26889,1.00000,0.15419,4
0.10952,0.35508,12.93667,1.00000,0.17310,4
0.27351,0.25357,9.37739,1.00000,0.16729,4
0.15970,0.14400,10.56506,1.00000,0.19676,4
0.14507,0.26428,10.34938,1.00000,0.18226,4
0.16738,0.27989,10.62103,1.00000,0.19367,4
0.22690,0.21802,9.98620,1.00000,0.13882,4
0.23903,0.14819,7.08560,1.00000,0.14641,4
0.23600,0.13683,9.70029,1.00000,0.17260,4
0.13659,0.74336,9.16779,1.00000,0.09986,4
0.21618,0.07945,7.52046,1.00000,0.15979,4
0.22882,0.25569,8.01535,1.00000,0.13024,4
0.19032,0.27471,9.06255,1.00000,0.18055,4
0.20967,0.29380,7.77171,1.00000,0.13505,4
0.23377,0.37424,9.26620,1.00000,0.22354,4
0.18439,0.22967,10.70629,1.00000,0.17356,4
0.21667,0.18010,10.14004,1.00000,0.17109,4
0.14355,0.18116,10.01487,1.00000,0.15701,4
0.17050,0.14155,9.41495,1.00000,0.16800,4
0.15909,0.25316,8.89344,1.00000,0.12917,4
0.12590,0.44685,9.32189,1.00000,0.15962,4
0.16189,0.17810,11.06588,1.00000,0.18827,4
0.14424,0.14115,8.32753,1.00000,0.14851,4
0.23855,0.16727,9.79708,1.00000,0.19214,4
0.19488,0.18342,9.13361,1.00000,0.14460,4
0.19296,0.31048,7.18606,1.00000,0.15112,4
0.25054,0.17655,9.67963,1.00000,0.15734,4
0.20257,0.20201,7.38907,1.00000,0.13840,4
0.19265,0.20405,8.12975,1.00000,0.16340,4
0.21478,0.18394,8.15117,1.00000,0.14643,4
0.15360,0.25882,10.43274,1.00000,0.14379,4
0.18405,0.27392,10.72626,1.00000,0.21635,4
0.22462,0.13883,7.92536,1.00000,0.13851,4
0.19754,0.24682,7.90951,1.00000,0.14502,4
0.15273,0.14777,9.87714,1.00000,0.19933,4
0.24617,0.20230,9.31125,1.00000,0.15820,4
0.01911,0.66667,14.37575,1.00000,0.14469,4
0.17320,0.14033,8.40687,1.00000,0.15731,4
0.19916,0.22519,9.65882,1.00000,0.17167,4
0.19400,0.18996,9.99329,1.00000,0.19821,4
0.19059,0.18841,7.78207,1.00000,0.14215,4
0.23246,0.22857,10.51264,1.00000,0.20153,4
0.16893,0.18796,9.54422,1.00000,0.17891,4
0.17801,0.23545,9.55957,1.00000,0.14188,4
0.16117,0.29155,9.12013,1.00000,0.16714,4
0.13950,0.28900,9.67089,1.00000,0.14977,4
0.24712,0.12090,8.99926,1.00000,0.16843,4
0.19947,0.20849,9.06769,1.00000,0.15787,4
0.12311,0.51064,16.95675,1.00000,0.16622,4
0.14210,0.16465,8.49140,1.00000,0.13628,4
0.14970,0.18549,12.58339,1.00000,0.27243,4
0.27636,0.12723,7.46816,1.00000,0.14245,4
0.01041,0.45073,9.50009,1.00000,0.17772,4
0.13814,0.34269,9.54126,1.00000,0.15036,4
0.21425,0.20341,9.17679,1.00000,0.16532,4
0.22306,0.15509,9.74951,1.00000,0.21453,4
0.11942,0.41555,11.61880,1.00000,0.13895,4
0.17514,0.11496,10.60548,1.00000,0.19398,4
0.18964,0.12914,11.41791,1.00000,0.18974,4
0.18200,0.14648,10.25227,1.00000,0.16286,4
0.21350,0.13672,9.02039,1.00000,0.14844,4
0.20317,0.12557,8.81624,1.00000,0.17817,4
0.19478,0.15324,9.98491,1.00000,0.19851,4
0.11688,0.50575,16.85409,1.00000,0.16013,4
0.24373,0.18313,8.45811,1.00000,0.18316,4
0.18586,0.24450,9.63383,1.00000,0.21584,4
0.26542,0.44353,8.64876,1.00000,0.13664,4
0.21295,0.12805,9.35350,1.00000,0.18359,4
0.14840,0.12515,10.31032,1.00000,0.16539,4
0.10792,0.38742,11.41323,1.00000,0.16764,4
0.23532,0.10508,10.50360,1.00000,0.20597,4
0.21282,0.10251,8.39160,1.00000,0.13135,4
0.10490,0.39095,9.90086,1.00000,0.17843,4
0.22736,0.29618,8.97709,1.00000,0.17110,4
0.21229,0.09761,9.12444,1.00000,0.18555,4
0.19489,0.18954,10.00793,1.00000,0.18404,4
0.12816,0.14662,9.81326,1.00000,0.14755,4
0.22067,0.16316,10.16604,1.00000,0.15474,4
0.13884,0.17139,8.72854,1.00000,0.14954,4
0.17976,0.18586,8.87157,1.00000,0.16118,4
0.28693,0.18900,8.17177,1.00000,0.14655,4
0.03101,0.63466,21.89789,1.00000,0.19331,4
0.07831,0.53125,15.84314,1.00000,0.14348,4
0.14570,0.25197,8.00192,1.00000,0.11576,4
0.16970,0.40931,10.34578,1.00000,0.18738,4
0.19305,0.12972,7.29916,1.00000,0.13136,4
0.22211,0.16430,8.81101,1.00000,0.13829,4
0.18667,0.14561,9.94374,1.00000,0.15814,4
0.16090,0.30619,8.87344,1.00000,0.19394,4
0.21905,0.12907,10.33766,1.00000,0.18453,4
0.22013,0.17308,8.78107,1.00000,0.14871,4
0.22301,0.13357,9.23262,1.00000,0.15562,4
0.21717,0.14387,8.91398,1.00000,0.17971,4
0.09532,0.46655,24.80365,1.00000,0.49425,4
0.16223,0.30853,10.74356,1.00000,0.22856,4
0.14739,0.17751,6.53478,1.00000,0.10722,4
0.15929,0.19036,9.86580,1.00000,0.15323,4
0.19094,0.22968,9.63666,1.00000,0.16378,4
0.15278,0.10867,8.31616,1.00000,0.15010,4
0.04105,0.44107,11.49043,1.00000,0.16186,4
0.19462,0.21242,8.77212,1.00000,0.15499,4
0.17690,0.22593,7.73744,1.00000,0.13002,4
0.24370,0.11504,8.62030,1.00000,0.17311,4
0.12940,0.39130,8.50086,1.00000,0.15750,4
0.32471,0.21472,10.20874,1.00000,0.13377,4
0.03480,0.59259,12.23063,1.00000,0.13178,4
0.07066,0.97041,10.06159,1.00000,0.11430,4
0.09109,0.57880,9.80761,1.00000,0.16597,4
0.20115,0.20867,9.11521,1.00000,0.17070,4
0.07233,0.76667,22.02396,1.00000,0.20366,4
0.18073,0.36013,7.65125,1.00000,0.10394,4
0.17319,0.18605,7.22558,1.00000,0.15677,4
0.18529,0.15112,9.17561,1.00000,0.15839,4
0.03399,0.40333,10.50206,1.00000,0.14060,4
0.21608,0.14023,9.29843,1.00000,0.16510,4
0.18853,0.11857,9.78018,1.00000,0.16177,4
0.14236,0.12306,8.81893,1.00000,0.14705,4
0.20239,0.12907,8.86458,1.00000,0.17160,4
0.12318,0.17348,8.13865,1.00000,0.12893,4
0.22601,0.16667,8.13445,1.00000,0.13782,4
0.16846,0.13896,9.75214,1.00000,0.16241,4
0.24777,0.25479,8.67486,1.00000,0.18813,4
0.26874,0.15726,8.05394,1.00000,0.13288,4
0.18819,0.17857,8.76057,1.00000,0.17057,4
0.21496,0.17762,9.57180,1.00000,0.15768,4
0.20512,0.10197,9.82728,1.00000,0.17209,4
0.18606,0.13684,11.16566,1.00000,0.21289,4
0.25456,0.15832,8.05529,1.00000,0.16160,4
0.26414,0.18599,9.49423,1.00000,0.16493,4
0.04767,0.44391,13.27512,1.00000,0.20990,4
0.20361,0.24921,9.06655,1.00000,0.15628,4
0.16595,0.28591,9.29777,1.00000,0.15506,4
0.04566,0.64730,14.94145,1.00000,0.15935,4
0.23631,0.38289,9.03539,1.00000,0.14751,4
0.19590,0.16120,9.11151,1.00000,0.16868,4
0.24301,0.22311,10.00730,1.00000,0.19097,4
0.21298,0.19004,9.62733,1.00000,0.17916,4
0.17040,0.13034,9.45079,1.00000,0.19510,4
0.21576,0.11982,9.99094,1.00000,0.18678,4
0.33241,0.26012,7.84140,1.00000,0.11840,4
0.20000,0.10206,8.16679,1.00000,0.15798,4
0.20219,0.29726,9.76929,1.00000,0.16019,4
0.15824,0.18510,12.99803,1.00000,0.21946,4
0.18453,0.26837,8.80844,1.00000,0.16999,4
0.19562,0.15537,10.65609,1.00000,0.17767,4
0.14911,0.13272,8.62806,1.00000,0.16191,4
0.22149,0.14631,13.06891,1.00000,0.22305,4
0.21491,0.11123,9.83180,1.00000,0.15952,4
0.09254,0.37070,9.92899,1.00000,0.12736,4
0.17773,0.18854,10.11833,1.00000,0.22664,4
0.20852,0.61157,12.48228,1.00000,0.25839,4
0.09310,0.96396,9.44722,1.00000,0.10355,4
0.15036,0.18551,9.53745,1.00000,0.17497,4
0.22727,0.19438,8.09149,1.00000,0.12882,4
0.18737,0.17184,11.63645,1.00000,0.17243,4
0.24618,0.10989,8.00885,1.00000,0.17927,4
0.18508,0.19455,9.13119,1.00000,0.15748,4
0.29128,0.12094,7.65484,1.00000,0.12087,4
0.18518,0.26892,8.24302,1.00000,0.12988,4
0.17335,0.13559,8.40770,1.00000,0.15234,4
0.24120,0.20426,8.93425,1.00000,0.16288,4
0.16587,0.32482,13.46630,1.00000,0.22688,4
0.22648,0.21232,10.75095,1.00000,0.17047,4
0.16615,0.22602,15.68750,1.00000,0.23832,4
0.13559,0.25235,13.82879,1.00000,0.22622,4
0.17664,0.14819,8.73259,1.00000,0.15362,4
0.17840,0.20913,11.83204,1.00000,0.20610,4
0.16279,0.20449,9.04683,1.00000,0.16247,4
0.18664,0.15540,10.12347,1.00000,0.17461,4
0.14787,0.17500,7.34404,1.00000,0.13655,4
0.16556,0.24302,10.61353,1.00000,0.17612,4
0.16935,0.16153,10.85189,1.00000,0.19522,4
0.17237,0.43543,10.89328,1.00000,0.19778,4
0.20132,0.14726,11.45610,1.00000,0.23416,4
0.09380,0.39731,9.77531,1.00000,0.17375,4
0.23113,0.13431,8.38369,1.00000,0.17948,4
0.27920,0.19335,8.22341,1.00000,0.11671,4
0.22355,0.12812,8.64373,1.00000,0.16906,4
0.19677,0.14969,10.24132,1.00000,0.14859,4
0.22826,0.14571,8.62920,1.00000,0.18455,4
0.11877,0.51535,10.14152,1.00000,0.14368,4
0.12928,0.20715,8.45731,1.00000,0.14129,4
0.19314,0.13257,8.41675,1.00000,0.14150,4
0.21137,0.24377,9.37325,1.00000,0.17179,4
0.10311,0.42244,9.40647,1.00000,0.09579,4
0.18275,0.36079,8.74641,1.00000,0.21618,4
0.22803,0.11416,10.12213,1.00000,0.18614,4
0.19261,0.45188,10.86956,1.00000,0.14926,4
0.25244,0.21311,6.96385,1.00000,0.13456,4
0.05930,0.43719,11.84641,1.00000,0.15868,4
0.20724,0.10538,7.90092,1.00000,0.13995,4
0.21109,0.18727,8.53931,1.00000,0.18377,4
0.15518,0.16148,9.52767,1.00000,0.16912,4
0.15561,0.17773,8.91555,1.00000,0.12640,4
0.20778,0.20972,9.27122,1.00000,0.16067,4
0.26619,0.33237,9.05780,1.00000,0.19205,4
0.21256,0.13851,7.82211,1.00000,0.16001,4
0.20905,0.19915,10.32091,1.00000,0.17435,4
0.19839,0.29072,10.16947,1.00000,0.20355,4
0.19709,0.19863,8.52561,1.00000,0.13158,4
0.20202,0.11111,9.22175,1.00000,0.16772,4
0.20883,0.16751,9.99635,1.00000,0.16974,4
0.26261,0.14925,9.32638,1.00000,0.14845,4
0.19607,0.17918,8.15550,1.00000,0.16575,4
0.19142,0.09842,8.43806,1.00000,0.14689,4
0.03291,0.52228,13.37800,1.00000,0.17188,4
0.12949,0.41520,8.73378,1.00000,0.15432,4
0.12669,0.17386,9.82392,1.00000,0.17586,4
0.18806,0.16445,10.10773,1.00000,0.17675,4
0.10995,0.37463,8.19956,1.00000,0.13363,4
0.17629,0.14138,8.67446,1.00000,0.14026,4
0.22671,0.16563,9.68776,1.00000,0.18221,4
0.20530,0.17786,7.92058,1.00000,0.14517,4
0.19291,0.58583,8.71017,1.00000,0.11572,4
0.11477,0.20968,9.80333,1.00000,0.15166,4
0.17699,0.12318,11.25104,1.00000,0.17638,4
0.18643,0.15852,9.60688,1.00000,0.20116,4
0.22353,0.25034,9.66320,1.00000,0.22442,4
0.19335,0.11996,11.79243,1.00000,0.18958,4
0.09821,0.11646,10.17799,0.00000,0.17147,4
0.21419,0.11246,7.51736,1.00000,0.13737,4
0.19355,0.91406,10.26447,1.00000,0.18161,4
0.20081,0.12472,10.97490,1.00000,0.20465,4
0.13645,0.48381,7.31015,1.00000,0.09418,4
0.21140,0.25670,10.65867,1.00000,0.17742,4
0.14788,0.47668,9.17285,1.00000,0.09984,4
0.16770,0.11667,9.57131,1.00000,0.18139,4
0.01028,0.83577,10.40753,1.00000,0.12148,4
0.20626,0.13914,7.57869,1.00000,0.12806,4
0.19445,0.18804,9.55313,1.00000,0.17421,4
0.20673,0.11868,7.34283,1.00000,0.09972,4
0.07225,0.41133,14.63213,1.00000,0.24681,4
0.23004,0.11644,5.91046,1.00000,0.13949,4
0.22377,0.19701,9.21883,1.00000,0.15720,4
0.14798,0.16110,11.78991,1.00000,0.19102,4
0.16683,0.19398,9.80115,1.00000,0.17725,4
0.17251,0.17912,8.58424,1.00000,0.14606,4
0.17617,0.15105,8.42129,1.00000,0.14849,4
0.18079,0.13428,8.02345,1.00000,0.17584,4
0.19983,0.22961,8.59300,1.00000,0.16892,4
0.18293,0.31392,12.44754,1.00000,0.21634,4
0.22405,0.12570,8.01342,1.00000,0.15980,4
0.17974,0.16306,9.25412,1.00000,0.18409,4
0.23360,0.14608,9.46784,1.00000,0.16707,4
0.14181,0.18280,7.36595,1.00000,0.13697,4
0.14296,0.17870,10.43237,1.00000,0.18401,4
0.22462,0.20174,8.26127,1.00000,0.14666,4
0.05486,0.44288,9.17960,1.00000,0.07856,4
0.19023,0.14899,8.55018,1.00000,0.15684,4
0.18229,0.20651,9.58578,1.00000,0.16207,4
0.19112,0.17896,8.16480,1.00000,0.14216,4
0.18663,0.23639,7.61429,1.00000,0.13209,4
0.21903,0.13468,8.19504,1.00000,0.18414,4
0.16862,0.16799,7.14235,1.00000,0.14740,4
0.12573,0.49217,17.07118,1.00000,0.18227,4
0.20590,0.21053,9.39438,1.00000,0.17122,4
0.23963,0.19533,7.44335,1.00000,0.13828,4
0.08303,0.46960,11.03706,1.00000,0.19578,4
0.09678,0.41379,11.64656,1.00000,0.22911,4
0.20396,0.22335,8.69165,1.00000,0.16406,4
0.00815,0.98958,17.66523,1.00000,0.26374,4
0.16462,0.31183,10.17634,1.00000,0.18346,4
0.22513,0.51718,13.82462,1.00000,0.15212,4
0.17265,0.17246,9.77088,1.00000,0.14911,4
0.18680,0.27258,9.70052,1.00000,0.14698,4
0.17269,0.15990,8.92035,1.00000,0.17736,4
0.23126,0.20660,8.86425,1.00000,0.13229,4
0.21645,0.23491,10.14590,1.00000,0.20573,4
0.24863,0.23034,9.15215,1.00000,0.15300,4
0.20174,0.45955,11.95455,1.00000,0.22227,4
0.17090,0.21134,9.91785,1.00000,0.17184,4
0.22796,0.16153,8.88915,1.00000,0.16768,4
0.22305,0.33077,9.37648,1.00000,0.18308,4
0.21576,0.25220,11.83067,1.00000,0.20020,4
0.14805,0.17937,9.70893,1.00000,0.15667,4
0.16202,0.15956,7.95250,1.00000,0.15351,4
0.19482,0.16863,9.16623,1.00000,0.15457,4
0.20200,0.23802,9.61511,1.00000,0.16508,4
0.14044,0.25890,10.74990,1.00000,0.15894,4
0.12621,0.32521,7.75702,1.00000,0.09917,4
0.23161,0.24324,9.47642,1.00000,0.16305,4
0.15006,0.26813,10.12925,1.00000,0.17328,4
0.21692,0.19254,8.81700,1.00000,0.16691,4
0.25598,0.15860,9.15681,1.00000,0.12932,4
0.16302,0.25665,12.06535,1.00000,0.19100,4
0.18529,0.17150,7.66821,1.00000,0.12030,4
0.16637,0.24064,9.70880,1.00000,0.13989,4
0.19323,0.14528,9.96627,1.00000,0.15494,4
0.24534,0.15723,9.13754,1.00000,0.17549,4
0.17487,0.17500,7.83149,1.00000,0.11119,4
0.18940,0.66204,16.53894,1.00000,0.25892,4
0.17715,0.18742,10.13725,1.00000,0.17046,4
0.20824,0.17759,9.31518,1.00000,0.19738,4
0.23486,0.19902,8.25582,1.00000,0.17517,4
0.02078,0.53933,15.60550,1.00000,0.21965,4
0.18645,0.19287,10.00794,1.00000,0.21559,4
0.22165,0.25202,8.38266,1.00000,0.13793,4
0.17027,0.21875,9.71292,1.00000,0.11359,4
0.18330,0.19783,9.72770,1.00000,0.20196,4
0.11273,0.09617,9.14991,1.00000,0.15789,4
0.26871,0.16549,8.15385,1.00000,0.17002,4
0.19390,0.33090,8.88657,1.00000,0.14270,4
0.15006,0.36636,11.62723,1.00000,0.22086,4
0.20718,0.26525,7.42636,1.00000,0.14754,4
0.19968,0.33540,7.76068,1.00000,0.14506,4
0.17782,0.55621,8.17393,1.00000,0.14346,4
0.14179,0.18680,8.95863,1.00000,0.14343,4
0.12577,0.25405,12.97285,1.00000,0.22741,4
0.23113,0.13723,8.93684,1.00000,0.14434,4
0.24228,0.19666,9.26194,1.00000,0.14758,4
0.13869,0.29468,12.44579,1.00000,0.15247,4
0.13534,0.32979,9.96619,1.00000,0.19012,4
0.12402,0.26172,8.74310,1.00000,0.14620,4
0.16207,0.29526,8.11866,1.00000,0.10943,4
0.19397,0.24331,11.64729,1.00000,0.22990,4
0.20269,0.21171,8.44674,1.00000,0.14964,4
0.23502,0.35059,8.78748,1.00000,0.18491,4
0.18013,0.31479,11.09955,1.00000,0.16204,4
0.22187,0.22358,7.04779,1.00000,0.12694,4
0.18771,0.11371,9.94520,1.00000,0.16173,4
0.25920,0.11949,9.88443,1.00000,0.16810,4
0.18968,0.14692,9.80719,1.00000,0.14547,4
0.21338,0.30030,10.21640,1.00000,0.20910,4
0.28971,0.11654,11.06063,1.00000,0.18499,4
0.16255,0.24539,8.39731,1.00000,0.11712,4
0.24476,0.10891,9.28538,1.00000,0.17207,4
0.20588,0.15509,8.31148,1.00000,0.15005,4
0.12969,0.22715,8.94246,1.00000,0.17078,4
0.21084,0.34064,9.12786,1.00000,0.15604,4
0.29735,0.21146,9.63026,1.00000,0.19723,4
0.21456,0.11271,7.90421,1.00000,0.15331,4
0.24387,0.19608,8.82716,1.00000,0.19003,4
0.09486,0.33853,10.47596,1.00000,0.19062,4
0.16065,0.13053,9.74036,1.00000,0.18545,4
0.19159,0.19873,7.40508,1.00000,0.17643,4
0.25024,0.18090,7.43555,1.00000,0.13535,4
0.17405,0.30590,9.36017,1.00000,0.17120,4
0.25148,0.23710,8.63900,1.00000,0.12835,4
0.13920,0.18149,8.65654,1.00000,0.11847,4
0.16440,0.14576,9.19862,1.00000,0.16057,4
0.17365,0.15658,7.89737,1.00000,0.15462,4
0.24749,0.30717,8.92887,1.00000,0.14706,4
0.15685,0.13023,8.15917,1.00000,0.12489,4
0.15667,0.22513,7.77696,1.00000,0.15517,4
0.24272,0.16875,8.56579,1.00000,0.15641,4
0.11164,0.28492,9.65569,1.00000,0.15663,4
0.20394,0.16106,7.48601,1.00000,0.15506,4
0.18744,0.10492,8.66343,1.00000,0.15143,4
0.26551,0.22528,8.51540,1.00000,0.19138,4
0.20531,0.30144,10.03072,1.00000,0.16526,4
0.17066,0.24582,9.19331,1.00000,0.11829,4
0.21353,0.14698,10.51219,1.00000,0.19368,4
0.18360,0.19103,8.55750,1.00000,0.17477,4
0.14762,0.50098,8.01536,1.00000,0.14127,4
0.22057,0.17528,10.41134,1.00000,0.17766,4
0.11452,0.33529,8.91514,1.00000,0.14702,4
0.16315,0.16274,8.43206,1.00000,0.15913,4
0.23079,0.17299,7.13627,1.00000,0.12637,4
0.14406,0.20685,7.35648,1.00000,0.09701,4
0.26083,0.43219,7.51646,1.00000,0.12092,4
0.15458,0.24259,9.71293,1.00000,0.15543,4
0.14216,0.15679,11.93165,1.00000,0.20437,4
0.22702,0.20359,9.70147,1.00000,0.15674,4
0.12926,0.18758,8.53834,1.00000,0.16501,4
0.25398,0.14104,10.40760,1.00000,0.21258,4
0.17974,0.16482,8.92194,1.00000,0.15797,4
0.16557,0.18849,8.49182,1.00000,0.14399,4
0.24493,0.10792,9.02223,1.00000,0.15605,4
0.08294,0.33254,10.38115,1.00000,0.17312,4
0.22693,0.12867,8.34942,1.00000,0.14668,4
0.14458,0.25174,7.12933,1.00000,0.13920,4
0.14765,0.29835,9.35380,1.00000,0.14699,4
0.18279,0.19461,9.77379,1.00000,0.19421,4
0.19476,0.16539,10.95097,1.00000,0.23408,4
0.21089,0.12725,8.23342,1.00000,0.15406,4
0.21954,0.24899,12.56841,1.00000,0.22565,4
0.22857,0.10532,8.44202,1.00000,0.13628,4
0.04322,0.82609,11.44748,1.00000,0.12996,4
0.21097,0.10410,9.82135,1.00000,0.15570,4
0.17461,0.17470,8.74670,1.00000,0.14658,4
0.21443,0.15042,9.76427,1.00000,0.18368,4
0.22767,0.13019,10.11224,1.00000,0.18950,4
0.22155,0.11628,7.23519,1.00000,0.16159,4
0.20727,0.17574,7.65465,1.00000,0.13424,4
0.15653,0.27052,9.19536,1.00000,0.13783,4
0.14476,0.31440,10.28059,1.00000,0.14098,4
0.22393,0.14941,7.69034,1.00000,0.13205,4
0.17879,0.35368,13.18958,1.00000,0.17002,4
0.17027,0.32955,11.45063,1.00000,0.17792,4
0.25458,0.22774,7.97587,1.00000,0.12156,4
0.18144,0.16441,7.76370,1.00000,0.15498,4
0.23878,0.20784,9.29157,1.00000,0.19004,4
0.21910,0.32184,9.56175,1.00000,0.15382,4
0.19483,0.12146,8.44789,1.00000,0.11996,4
0.16155,0.20098,9.02619,1.00000,0.17416,4
0.14597,0.27660,9.46844,1.00000,0.15397,4
0.27230,0.14588,9.65798,1.00000,0.18345,4
0.14173,0.28838,7.55657,1.00000,0.13887,4
0.16513,0.26219,8.83361,1.00000,0.15891,4
0.20817,0.16528,8.85011,1.00000,0.14066,4
0.11631,0.28905,9.28388,1.00000,0.13117,4
0.16155,0.20965,7.67894,1.00000,0.16290,4
0.13740,0.33382,7.83075,1.00000,0.12559,4
0.08932,0.13683,10.58564,1.00000,0.18589,4
0.19665,0.26027,9.29473,1.00000,0.14870,4
0.16396,0.13559,9.44965,1.00000,0.17323,4
0.25267,0.30986,8.78432,1.00000,0.14579,4
0.18765,0.14370,10.90912,1.00000,0.18743,4
0.21798,0.39330,9.23877,1.00000,0.11370,4
0.17725,0.16822,8.12872,1.00000,0.16853,4
0.20617,0.23650,9.39099,1.00000,0.15830,4
0.26098,0.13477,8.65036,1.00000,0.15162,4
0.19927,0.18117,7.84699,1.00000,0.13197,4
0.20633,0.16889,8.29405,1.00000,0.19541,4
0.18065,0.42042,11.86070,1.00000,0.16983,4
0.22955,0.27199,8.10692,1.00000,0.15931,4
0.23423,0.16891,8.42130,1.00000,0.13472,4
0.18716,0.17340,8.99252,1.00000,0.16718,4
0.26289,0.24854,9.57019,1.00000,0.16889,4
0.20252,0.11406,9.21757,1.00000,0.14645,4
0.19813,0.24505,8.16032,1.00000,0.12846,4
0.20829,0.21005,10.97270,1.00000,0.21570,4
0.16552,0.12121,8.06477,1.00000,0.14225,4
0.21265,0.15180,8.77564,1.00000,0.16937,4
0.25660,0.17794,9.48064,1.00000,0.18697,4
0.24973,0.24068,11.59121,1.00000,0.17647,4
0.23873,0.32859,9.00194,1.00000,0.14912,4
0.16035,0.24333,9.20488,1.00000,0.15419,4
0.23993,0.29420,9.81123,1.00000,0.21882,4
0.06381,0.27500,12.68022,1.00000,0.25065,4
0.19795,0.20197,9.79222,1.00000,0.20714,4
0.16292,0.26667,7.42314,1.00000,0.14177,4
0.23836,0.17229,7.28733,1.00000,0.16651,4
0.24108,0.10989,7.26199,1.00000,0.14546,4
0.22422,0.14685,8.95528,1.00000,0.17504,4
0.19329,0.14637,9.95609,1.00000,0.18545,4
0.07054,0.94949,9.63348,1.00000,0.10715,4
0.22478,0.15728,7.82558,1.00000,0.17659,4
0.16630,0.16787,7.82224,1.00000,0.15144,4
0.16576,0.14920,8.73130,1.00000,0.14339,4
0.17560,0.38535,9.45057,1.00000,0.13769,4
0.19141,0.17370,10.09020,1.00000,0.16333,4
0.14992,0.53686,20.28237,1.00000,0.19027,4
0.17726,0.27401,9.37491,1.00000,0.14109,4
0.24671,0.17764,9.22309,1.00000,0.20089,4
0.22793,0.08817,6.28661,1.00000,0.17130,4
0.17054,0.16647,8.91845,1.00000,0.13982,4
0.24655,0.18945,9.51808,1.00000,0.17429,4
0.16325,0.21887,8.27292,1.00000,0.13930,4
0.21530,0.20074,10.81377,1.00000,0.22251,4
0.15322,0.37129,8.50069,1.00000,0.12370,4
0.22921,0.18987,8.37844,1.00000,0.16001,4
0.05399,0.00000,46.00074,1.00000,1.72175,5
0.08801,0.00000,44.42712,1.00000,1.70949,5
0.11873,0.00000,45.49924,1.00000,1.70403,5
0.06716,0.00000,44.14106,1.00000,1.70588,5
0.05186,0.00000,44.80020,1.00000,1.70936,5
0.07940,0.00000,45.47033,1.00000,1.71003,5
0.13349,0.00098,45.19830,1.00000,1.71200,5
0.06344,0.00000,43.98708,1.00000,1.68709,5
0.07349,0.00000,44.63659,1.00000,1.69796,5
0.11012,0.00000,45.71276,1.00000,1.69218,5
0.11964,0.00000,44.49668,1.00000,1.70340,5
0.08024,0.00000,45.17435,1.00000,1.70864,5
0.04759,0.00000,45.91351,1.00000,1.72998,5
0.04850,0.00196,45.09233,1.00000,1.69603,5
0.12698,0.00000,44.68721,1.00000,1.68646,5
0.06160,0.01892,44.35201,1.00000,1.70821,5
0.09488,0.00000,45.21821,1.00000,1.69408,5
0.08155,0.00000,45.19207,1.00000,1.67650,5
0.07110,0.00000,45.04963,1.00000,1.70414,5
0.05647,0.00000,45.51295,1.00000,1.70968,5
0.10916,0.00000,46.61983,1.00000,1.70410,5
0.08193,0.00000,44.74689,1.00000,1.72589,5
0.09739,0.00000,44.77027,1.00000,1.71824,5
0.04919,0.00000,45.65096,1.00000,1.72967,5
0.07028,0.00000,44.28373,1.00000,1.70302,5
0.08673,0.00000,45.17289,1.00000,1.69116,5
0.10641,0.00000,44.43233,1.00000,1.68549,5
0.10306,0.00000,45.47481,1.00000,1.68277,5
0.08764,0.00000,46.18553,1.00000,1.71002,5
0.11244,0.00000,45.24887,1.00000,1.68095,5
0.04861,0.00098,45.97159,1.00000,1.68974,5
0.13288,0.00000,44.89040,1.00000,1.72155,5
0.12051,0.00000,45.23424,1.00000,1.71303,5
0.07344,0.00000,45.35768,1.00000,1.69930,5
0.08452,0.00098,45.18515,1.00000,1.71793,5
0.08158,0.00000,45.84827,1.00000,1.70358,5
0.08720,0.00000,44.91575,1.00000,1.70775,5
0.05607,0.00000,45.77314,1.00000,1.70518,5
0.05725,0.00000,44.26172,1.00000,1.68336,5
0.08095,0.00000,45.04730,1.00000,1.72369,5
0.10422,0.00000,46.08025,1.00000,1.68508,5
0.07440,0.00000,45.04465,1.00000,1.73354,5
0.10081,0.00000,45.39296,1.00000,1.72274,5
0.07736,0.00393,45.11248,1.00000,1.69697,5
0.11511,0.00000,46.78007,1.00000,1.70238,5
0.05768,0.00000,44.10763,1.00000,1.73131,5
0.12633,0.00000,45.17794,1.00000,1.70865,5
0.13150,0.00000,44.25126,1.00000,1.70227,5
0.06401,0.00000,45.61857,1.00000,1.72483,5
0.05901,0.00000,44.16400,1.00000,1.73039,5
0.06692,0.00098,46.37096,1.00000,1.71201,5
0.05493,0.00000,45.97359,1.00000,1.69449,5
0.08544,0.00000,45.05885,1.00000,1.69200,5
0.07786,0.00000,45.07338,1.00000,1.69584,5
0.10304,0.00000,46.38340,1.00000,1.71718,5
0.12219,0.00000,44.06447,1.00000,1.69295,5
0.05219,0.00000,44.19908,1.00000,1.71830,5
0.08464,0.00000,45.05538,1.00000,1.73416,5
0.09449,0.00098,45.20846,1.00000,1.70783,5
0.12321,0.00000,45.56968,1.00000,1.71425,5
0.11708,0.00098,46.03678,1.00000,1.68146,5
0.12766,0.00000,44.66097,1.00000,1.68656,5
0.11872,0.00000,44.90134,1.00000,1.69873,5
0.13528,0.00098,45.16066,1.00000,1.68443,5
0.06574,0.00098,46.01118,1.00000,1.70382,5
0.12716,0.00000,44.21210,1.00000,1.72083,5
0.09628,0.00000,44.96843,1.00000,1.71239,5
0.09150,0.00000,45.72850,1.00000,1.69136,5
0.13521,0.00000,45.23917,1.00000,1.71316,5
0.07165,0.00098,44.89699,1.00000,1.69377,5
0.12173,0.00196,45.07217,1.00000,1.69888,5
0.05103,0.00000,45.09825,1.00000,1.69352,5
0.05445,0.00098,46.43126,1.00000,1.70179,5
0.11169,0.00000,46.13738,1.00000,1.69225,5
0.08318,0.00000,46.39289,1.00000,1.70984,5
0.05099,0.00000,45.15988,1.00000,1.67382,5
0.05029,0.00000,44.68887,1.00000,1.70836,5
0.06787,0.00000,44.79017,1.00000,1.68836,5
0.10930,0.00000,45.52524,1.00000,1.72461,5
0.05845,0.00000,44.52053,1.00000,1.71154,5
0.06204,0.00000,45.51951,1.00000,1.68263,5
0.10074,0.00294,45.85954,1.00000,1.70638,5
0.05672,0.00000,46.16912,1.00000,1.69192,5
0.10946,0.00000,46.08941,1.00000,1.68981,5
0.12358,0.00098,43.71192,1.00000,1.69216,5
0.07511,0.00000,44.92967,1.00000,1.71023,5
0.12025,0.00000,44.39053,1.00000,1.70149,5
0.06708,0.00000,46.46656,1.00000,1.66380,5
0.08630,0.00000,45.96344,1.00000,1.71623,5
0.12975,0.00000,45.53544,1.00000,1.67575,5
0.11819,0.00000,44.32902,1.00000,1.71288,5
0.13299,0.00000,45.53192,1.00000,1.71742,5
0.12337,0.00000,45.47653,1.00000,1.68099,5
0.10754,0.00098,45.28537,1.00000,1.71818,5
0.09992,0.00000,46.29336,1.00000,1.71583,5
0.08062,0.00000,45.62559,1.00000,1.68734,5
0.06267,0.00000,45.88334,1.00000,1.69867,5
0.12524,0.00000,45.37151,1.00000,1.71702,5
0.09781,0.00000,44.87769,1.00000,1.69781,5
0.05389,0.00098,44.64561,1.00000,1.70200,5
0.13169,0.00000,44.48859,1.00000,1.71099,5
0.10886,0.00000,44.91012,1.00000,1.71283,5
0.08774,0.00000,45.43925,1.00000,1.69685,5
0.12860,0.00000,45.76928,1.00000,1.68793,5
0.07386,0.00098,45.18947,1.00000,1.69283,5
0.11138,0.00000,44.84933,1.00000,1.71268,5
0.06015,0.00393,45.73059,1.00000,1.66419,5
0.08269,0.00000,46.70879,1.00000,1.67681,5
0.07717,0.00000,45.39591,1.00000,1.71713,5
0.11974,0.00000,44.15894,1.00000,1.74566,5
0.10590,0.00000,44.96935,1.00000,1.71377,5
0.06837,0.00000,45.38407,1.00000,1.68703,5
0.06681,0.00000,45.11318,1.00000,1.71567,5
0.11710,0.00000,45.99988,1.00000,1.69371,5
0.06102,0.00000,45.03554,1.00000,1.70952,5
0.05700,0.00000,45.77358,1.00000,1.69069,5
0.12039,0.00000,45.35964,1.00000,1.69418,5
0.07213,0.00000,45.91896,1.00000,1.69511,5
0.05876,0.00000,45.58689,1.00000,1.70764,5
0.08809,0.00000,45.03662,1.00000,1.71281,5
0.06254,0.00196,45.50267,1.00000,1.71646,5
0.07445,0.00000,45.63590,1.00000,1.71545,5
0.09350,0.00000,45.86046,1.00000,1.69370,5
0.11159,0.00000,45.20010,1.00000,1.72520,5
0.05174,0.00000,44.75442,1.00000,1.67940,5
0.08040,0.00000,44.52283,1.00000,1.70336,5
0.06760,0.00000,45.38768,1.00000,1.68589,5
0.07228,0.00000,46.46605,1.00000,1.70071,5
0.09144,0.00098,45.60102,1.00000,1.70464,5
0.09704,0.00000,45.67082,1.00000,1.69052,5
0.07509,0.00000,44.99985,1.00000,1.66362,5
0.05619,0.00196,45.55297,1.00000,1.69993,5
0.09477,0.00000,45.41825,1.00000,1.69407,5
0.06464,0.00000,45.35720,1.00000,1.71955,5
0.06992,0.00000,45.20577,1.00000,1.68875,5
0.07234,0.00000,44.60222,1.00000,1.70650,5
0.11988,0.00000,45.46043,1.00000,1.70621,5
0.04867,0.00000,44.96734,1.00000,1.67347,5
0.13050,0.00098,46.18106,1.00000,1.72405,5
0.04871,0.00000,44.47981,1.00000,1.70617,5
0.11125,0.00000,45.44902,1.00000,1.71514,5
0.06314,0.00000,45.29778,1.00000,1.73261,5
0.08305,0.00098,44.83978,1.00000,1.69665,5
0.11843,0.00000,45.36460,1.00000,1.72585,5
0.05914,0.00000,45.45374,1.00000,1.72669,5
0.07920,0.00000,43.54192,1.00000,1.69912,5
0.05743,0.00098,45.48092,1.00000,1.68911,5
0.08198,0.00000,46.02976,1.00000,1.67341,5
0.07729,0.00000,45.83817,1.00000,1.68497,5
0.11094,0.00294,45.33139,1.00000,1.69520,5
0.05556,0.00000,45.49706,1.00000,1.68366,5
0.05579,0.00000,46.48989,1.00000,1.72476,5
0.08648,0.00000,46.22528,1.00000,1.72840,5
0.10985,0.00000,45.54406,1.00000,1.69366,5
0.08114,0.00000,44.65538,1.00000,1.67421,5
0.10869,0.00098,45.65306,1.00000,1.71030,5
0.11285,0.00000,44.67143,1.00000,1.71709,5
0.06512,0.00000,45.92719,1.00000,1.71668,5
0.06251,0.00000,44.21328,1.00000,1.68777,5
0.13007,0.00000,45.07059,1.00000,1.66595,5
0.05324,0.00000,43.92529,1.00000,1.70441,5
0.04714,0.00000,45.50231,1.00000,1.69286,5
0.11470,0.00000,46.24070,1.00000,1.72483,5
0.10190,0.00000,45.78449,1.00000,1.71198,5
0.05161,0.00000,46.30256,1.00000,1.72406,5
0.06882,0.00000,44.78635,1.00000,1.70266,5
0.10467,0.00000,46.40267,1.00000,1.70794,5
0.13297,0.00000,44.66624,1.00000,1.67999,5
0.08442,0.00000,45.96096,1.00000,1.71431,5
0.08417,0.00196,44.70360,1.00000,1.69088,5
0.12439,0.00000,44.76075,1.00000,1.66790,5
0.08511,0.00098,44.06121,1.00000,1.71601,5
0.09472,0.00000,44.10192,1.00000,1.68572,5
0.06140,0.00000,45.34563,1.00000,1.69946,5
0.11964,0.00000,44.05987,1.00000,1.70922,5
0.08566,0.00000,46.34868,1.00000,1.70781,5
0.12851,0.00000,44.20308,1.00000,1.68843,5
0.07151,0.00000,45.56782,1.00000,1.67888,5
0.09716,0.00000,45.12996,1.00000,1.68744,5
0.05222,0.00000,45.58240,1.00000,1.70870,5
0.07137,0.00000,44.62933,1.00000,1.71512,5
0.13344,0.00098,45.18570,1.00000,1.69693,5
0.11859,0.00000,44.65119,1.00000,1.70562,5
0.09830,0.00000,45.58545,1.00000,1.69989,5
0.07790,0.00000,44.84839,1.00000,1.70219,5
0.11621,0.00000,45.22980,1.00000,1.69383,5
0.05188,0.00098,44.84500,1.00000,1.67627,5
0.10988,0.00000,45.12339,1.00000,1.71330,5
0.07211,0.00000,44.93402,1.00000,1.69268,5
0.09774,0.01087,45.89560,1.00000,1.68212,5
0.09517,0.00000,46.17019,1.00000,1.71997,5
0.12469,0.00000,45.50085,1.00000,1.68755,5
0.10683,0.00000,44.86040,1.00000,1.69879,5
0.09540,0.00000,45.45228,1.00000,1.70513,5
0.10154,0.00000,45.78867,1.00000,1.71040,5
0.10858,0.00000,45.07059,1.00000,1.72456,5
0.08988,0.00000,45.28538,1.00000,1.72248,5
0.11372,0.00000,45.81658,1.00000,1.72522,5
0.08963,0.00000,46.72487,1.00000,1.70561,5
0.07164,0.00000,45.58277,1.00000,1.70590,5
0.08318,0.00000,44.98865,1.00000,1.72460,5
0.11423,0.00000,45.37576,1.00000,1.66735,5
0.12164,0.00000,45.62134,1.00000,1.69573,5
0.06135,0.00000,45.73754,1.00000,1.71792,5
0.11511,0.00000,46.12792,1.00000,1.71383,5
0.06664,0.00098,45.36527,1.00000,1.68770,5
0.09473,0.00000,44.65006,1.00000,1.68506,5
0.12466,0.00000,44.47486,1.00000,1.73232,5
0.09771,0.00000,43.32738,1.00000,1.69540,5
0.09798,0.00000,44.84247,1.00000,1.70450,5
0.06795,0.00000,44.43960,1.00000,1.69641,5
0.04886,0.00000,45.32158,1.00000,1.72110,5
0.13150,0.00000,44.90090,1.00000,1.70001,5
0.08830,0.00000,44.73006,1.00000,1.71486,5
0.09336,0.00000,44.71508,1.00000,1.72866,5
0.07754,0.00000,44.19044,1.00000,1.68270,5
0.07196,0.00000,45.23191,1.00000,1.69972,5
0.10219,0.00098,45.97192,1.00000,1.68199,5
0.04894,0.00000,44.09373,1.00000,1.66618,5
0.06049,0.00393,44.31174,1.00000,1.69234,5
0.11608,0.00000,44.96502,1.00000,1.68700,5
0.10492,0.00000,45.15769,1.00000,1.72410,5
0.06073,0.00000,46.72157,1.00000,1.70120,5
0.06246,0.00098,45.64794,1.00000,1.71452,5
0.07648,0.00000,46.78499,1.00000,1.70749,5
0.11521,0.00000,44.53647,1.00000,1.68335,5
0.04949,0.00098,45.94183,1.00000,1.69531,5
0.12355,0.00000,46.13937,1.00000,1.71322,5
0.06809,0.00196,44.78406,1.00000,1.71142,5
0.09087,0.00000,45.91705,1.00000,1.70159,5
0.09897,0.00000,45.02310,1.00000,1.71401,5
0.07832,0.00196,45.00403,1.00000,1.67493,5
0.07407,0.00000,46.92019,1.00000,1.69157,5
0.10398,0.00000,45.85559,1.00000,1.71437,5
0.13284,0.00000,45.64393,1.00000,1.69390,5
0.07896,0.00000,45.08445,1.00000,1.71252,5
0.12302,0.00000,46.07970,1.00000,1.68408,5
0.04709,0.00000,44.60537,1.00000,1.69258,5
0.08568,0.00000,44.85166,1.00000,1.68214,5
0.08286,0.00000,44.06724,1.00000,1.73118,5
0.09377,0.00196,45.12803,1.00000,1.70497,5
0.05914,0.00000,45.23456,1.00000,1.69847,5
0.09000,0.00000,46.42579,1.00000,1.68635,5
0.13156,0.00000,45.37188,1.00000,1.72632,5
0.07404,0.00000,44.34108,1.00000,1.74421,5
0.12781,0.00000,43.61417,1.00000,1.68672,5
0.10677,0.00000,46.31257,1.00000,1.69470,5
0.05723,0.00098,45.48628,1.00000,1.71730,5
0.06482,0.00000,45.42031,1.00000,1.70718,5
0.10788,0.00000,44.24875,1.00000,1.69935,5
0.06013,0.00000,44.61444,1.00000,1.71390,5
0.09878,0.00000,45.26342,1.00000,1.69319,5
0.11811,0.00000,45.77535,1.00000,1.69487,5
0.05602,0.00000,45.21591,1.00000,1.70028,5
0.05674,0.00000,44.97258,1.00000,1.67239,5
0.05882,0.00196,44.85804,1.00000,1.72642,5
0.09771,0.00000,45.56823,1.00000,1.70431,5
0.10660,0.00000,46.10376,1.00000,1.70400,5
0.07958,0.00000,46.25933,1.00000,1.69731,5
0.09462,0.00000,44.59243,1.00000,1.71708,5
0.13245,0.00000,46.87336,1.00000,1.70951,5
0.10561,0.00098,44.52759,1.00000,1.71027,5
0.12770,0.00000,45.89063,1.00000,1.72727,5
0.06277,0.00098,46.30689,1.00000,1.69729,5
0.09635,0.00000,44.25807,1.00000,1.73116,5
0.10584,0.00000,45.52070,1.00000,1.68933,5
0.04898,0.00000,44.52690,1.00000,1.71910,5
0.10896,0.00000,44.14331,1.00000,1.69528,5
0.05216,0.00000,45.85182,1.00000,1.69775,5
0.12630,0.00000,45.57213,1.00000,1.69343,5
0.05526,0.00000,44.33946,1.00000,1.72399,5
0.05666,0.00000,45.48379,1.00000,1.70539,5
0.05148,0.00000,46.02695,1.00000,1.73086,5
0.11233,0.00000,45.46639,1.00000,1.69890,5
0.08623,0.00098,44.21496,1.00000,1.69305,5
0.10356,0.00000,44.55978,1.00000,1.72046,5
0.11162,0.00000,44.06719,1.00000,1.69036,5
0.08753,0.00000,43.98499,1.00000,1.72492,5
0.12832,0.00000,44.59282,1.00000,1.70387,5
0.05208,0.00000,44.99243,1.00000,1.68700,5
0.10588,0.00000,45.47160,1.00000,1.71220,5
0.05387,0.00000,45.49510,1.00000,1.69427,5
0.06837,0.00196,45.38430,1.00000,1.70839,5
0.07284,0.00098,43.93640,1.00000,1.68607,5
0.04789,0.00000,45.39353,1.00000,1.72138,5
0.10707,0.00000,45.05804,1.00000,1.69229,5
0.10070,0.00000,45.73564,1.00000,1.68954,5
0.06390,0.00000,45.60116,1.00000,1.69184,5
0.07075,0.00098,45.73925,1.00000,1.70742,5
0.10574,0.00000,44.24708,1.00000,1.70408,5
0.08847,0.00098,45.70885,1.00000,1.68896,5
0.12429,0.00000,45.07047,1.00000,1.66980,5
0.10023,0.00000,45.73061,1.00000,1.72103,5
0.10128,0.00000,45.81234,1.00000,1.68940,5
0.09512,0.00000,44.19463,1.00000,1.71155,5
0.07641,0.00000,44.62008,1.00000,1.68957,5
0.11607,0.00000,44.06503,1.00000,1.67432,5
0.05496,0.00000,46.36509,1.00000,1.68042,5
0.07591,0.00000,45.39538,1.00000,1.70373,5
0.09873,0.00000,44.37842,1.00000,1.68728,5
0.08933,0.00098,46.36537,1.00000,1.70487,5
0.05958,0.00000,46.46916,1.00000,1.70492,5
0.13165,0.00000,44.25299,1.00000,1.70202,5
0.09563,0.00000,45.37613,1.00000,1.71120,5
0.05288,0.00000,44.12577,1.00000,1.70071,5
0.04689,0.00000,45.21133,1.00000,1.70927,5
0.09211,0.00000,44.86635,1.00000,1.70187,5
0.04986,0.00000,43.77293,1.00000,1.72448,5
0.05240,0.00000,45.57473,1.00000,1.71086,5
0.11098,0.00000,44.10688,1.00000,1.73479,5
0.09109,0.00196,44.65862,1.00000,1.69315,5
0.11593,0.00000,45.24424,1.00000,1.70044,5
0.12162,0.00000,46.23749,1.00000,1.72240,5
0.13115,0.00000,45.91078,1.00000,1.71963,5
0.09258,0.00000,45.09582,1.00000,1.69185,5
0.12565,0.00000,44.49542,1.00000,1.72300,5
0.11720,0.00000,45.69966,1.00000,1.74295,5
0.08368,0.00000,44.21571,1.00000,1.68447,5
0.05848,0.00000,44.76672,1.00000,1.69928,5
0.10994,0.00098,46.49115,1.00000,1.71654,5
0.08034,0.00098,46.56251,1.00000,1.69300,5
0.09504,0.00000,46.01973,1.00000,1.69562,5
0.09646,0.00000,45.44357,1.00000,1.69469,5
0.04741,0.00000,44.51902,1.00000,1.70155,5
0.04748,0.00098,46.22376,1.00000,1.68679,5
0.07719,0.00000,43.81518,1.00000,1.70043,5
0.05957,0.00098,45.44999,1.00000,1.69524,5
0.08316,0.00000,45.96928,1.00000,1.71285,5
0.05270,0.00000,45.93322,1.00000,1.67839,5
0.11660,0.00000,46.63792,1.00000,1.70315,5
0.12164,0.00000,44.06020,1.00000,1.69059,5
0.08211,0.00000,45.90259,1.00000,1.67699,5
0.06110,0.00000,46.41635,1.00000,1.70856,5
0.09098,0.00000,45.23391,1.00000,1.70273,5
0.06530,0.00098,45.80804,1.00000,1.67701,5
0.08594,0.00098,44.97628,1.00000,1.69590,5
0.13393,0.00098,44.56314,1.00000,1.70917,5
0.12399,0.00000,45.73043,1.00000,1.70714,5
0.06024,0.00098,43.55024,1.00000,1.67896,5
0.07881,0.00000,44.73205,1.00000,1.68825,5
0.08006,0.00000,44.93084,1.00000,1.70948,5
0.05502,0.00000,44.66046,1.00000,1.69693,5
0.07314,0.00098,44.69047,1.00000,1.69836,5
0.11475,0.00000,45.57328,1.00000,1.67004,5
0.12771,0.00000,44.01901,1.00000,1.70179,5
0.12300,0.00000,45.02771,1.00000,1.69976,5
0.09987,0.00000,43.97538,1.00000,1.70776,5
0.06844,0.00000,46.14902,1.00000,1.69948,5
0.05678,0.00000,44.71764,1.00000,1.69753,5
0.09273,0.00196,45.85312,1.00000,1.72070,5
0.11261,0.00000,44.64774,1.00000,1.71281,5
0.07035,0.00000,44.97139,1.00000,1.73300,5
0.07661,0.00098,44.83315,1.00000,1.72889,5
0.04797,0.00000,45.82269,1.00000,1.67631,5
0.10854,0.00196,45.30938,1.00000,1.69723,5
0.05135,0.00000,45.82778,1.00000,1.71278,5
0.12675,0.00000,44.25250,1.00000,1.68890,5
0.08636,0.00000,46.00772,1.00000,1.71803,5
0.13030,0.00000,44.27164,1.00000,1.69616,5
0.12654,0.00000,45.77068,1.00000,1.74653,5
0.11526,0.00000,44.35283,1.00000,1.69711,5
0.04767,0.00098,44.60169,1.00000,1.70123,5
0.10106,0.00000,45.44940,1.00000,1.68460,5
0.07818,0.00000,44.37642,1.00000,1.69013,5
0.09587,0.00000,45.75790,1.00000,1.69998,5
0.10898,0.00000,44.06220,1.00000,1.75053,5
0.07396,0.00000,43.72282,1.00000,1.71032,5
0.09822,0.00000,44.78256,1.00000,1.66003,5
0.12403,0.00000,45.81503,1.00000,1.72356,5
0.10993,0.00000,43.82458,1.00000,1.69874,5
0.11577,0.00000,44.22798,1.00000,1.72430,5
0.07548,0.00000,44.92142,1.00000,1.69979,5
0.12086,0.00000,45.88055,1.00000,1.72048,5
0.08895,0.00000,44.52508,1.00000,1.70167,5
0.07882,0.00000,44.90274,1.00000,1.71549,5
0.10724,0.00000,45.08833,1.00000,1.65636,5
0.10041,0.00000,44.72046,1.00000,1.70728,5
0.12234,0.00000,44.77081,1.00000,1.71382,5
0.10819,0.00098,44.15853,1.00000,1.70620,5
0.09559,0.00000,45.72027,1.00000,1.69949,5
0.08656,0.00000,45.00931,1.00000,1.68587,5
0.06677,0.00000,45.85192,1.00000,1.68124,5
0.10798,0.00294,45.34825,1.00000,1.70172,5
0.12936,0.00000,45.06114,1.00000,1.71893,5
0.06370,0.00000,45.39621,1.00000,1.70809,5
0.04887,0.00098,45.00550,1.00000,1.66018,5
0.12018,0.00000,45.28170,1.00000,1.69911,5
0.08765,0.00000,45.34309,1.00000,1.70500,5
0.11982,0.00000,45.18825,1.00000,1.71718,5
0.07446,0.00098,44.41949,1.00000,1.69179,5
0.09346,0.00196,45.73129,1.00000,1.68882,5
0.10069,0.00000,45.99421,1.00000,1.69442,5
0.05742,0.00000,46.39793,1.00000,1.73402,5
0.04913,0.00000,43.89566,1.00000,1.71505,5
0.06508,0.00000,44.87242,1.00000,1.70538,5
0.10327,0.00000,44.21444,1.00000,1.70255,5
0.05588,0.00000,44.92335,1.00000,1.70973,5
0.12359,0.00000,44.82551,1.00000,1.70372,5
0.06935,0.00000,45.05344,1.00000,1.71191,5
0.05226,0.00000,44.64616,1.00000,1.69028,5
0.07126,0.00393,45.67561,1.00000,1.70800,5
0.12182,0.00000,45.59527,1.00000,1.69923,5
0.06220,0.00000,45.97816,1.00000,1.71504,5
0.10983,0.00000,44.66266,1.00000,1.70633,5
0.04889,0.00000,45.71597,1.00000,1.70803,5
0.11445,0.00196,46.42877,1.00000,1.71744,5
0.08112,0.00000,44.95589,1.00000,1.67078,5
0.05115,0.00000,45.60297,1.00000,1.72803,5
0.10251,0.00196,43.98558,1.00000,1.70116,5
0.06437,0.00000,45.15963,1.00000,1.66679,5
0.07920,0.00000,45.32287,1.00000,1.70428,5
0.09881,0.00000,46.05636,1.00000,1.69299,5
0.10319,0.00000,44.72384,1.00000,1.69066,5
0.05442,0.00000,43.88946,1.00000,1.67949,5
0.08255,0.00000,44.89774,1.00000,1.71246,5
0.06330,0.00393,45.22026,1.00000,1.68790,5
0.07948,0.00098,44.42351,1.00000,1.68036,5
0.04898,0.00000,44.59601,1.00000,1.71342,5
0.05037,0.00000,45.31572,1.00000,1.68806,5
0.10300,0.00098,44.70657,1.00000,1.71508,5
0.11708,0.00000,44.75913,1.00000,1.71995,5
0.10052,0.00000,46.41201,1.00000,1.69587,5
0.09592,0.00098,45.79500,1.00000,1.68714,5
0.06583,0.00000,45.11858,1.00000,1.70886,5
0.12784,0.00000,45.15471,1.00000,1.70669,5
0.13352,0.00000,45.50624,1.00000,1.69870,5
0.09519,0.00098,45.79692,1.00000,1.69697,5
0.06491,0.00000,45.69498,1.00000,1.71832,5
0.08079,0.00000,45.15132,1.00000,1.70480,5
0.09902,0.00098,45.70458,1.00000,1.69775,5
0.13498,0.00000,44.89536,1.00000,1.70686,5
0.10710,0.00000,44.69561,1.00000,1.72631,5
0.05038,0.00987,45.54499,1.00000,1.70744,5
0.06864,0.00000,44.98302,1.00000,1.70654,5
0.08566,0.00000,45.73059,1.00000,1.68418,5
0.07783,0.00000,44.15231,1.00000,1.71528,5
0.08047,0.00098,44.55781,1.00000,1.67093,5
0.06371,0.00000,45.07701,1.00000,1.70142,5
0.07923,0.00000,45.29551,1.00000,1.72202,5
0.05753,0.00196,44.94955,1.00000,1.67321,5
0.12094,0.00000,45.60305,1.00000,1.73126,5
0.05653,0.00294,44.99358,1.00000,1.69481,5
0.07258,0.00000,45.05491,1.00000,1.70410,5
0.09287,0.00000,44.61906,1.00000,1.72964,5
0.10091,0.00000,45.56062,1.00000,1.70167,5
0.12077,0.00000,45.37591,1.00000,1.67478,5
0.11210,0.00000,45.06230,1.00000,1.70433,5
0.09665,0.00000,45.48132,1.00000,1.70197,5
0.11209,0.00000,46.99814,1.00000,1.68581,5
0.12894,0.00000,44.02104,1.00000,1.72663,5
0.11964,0.00000,45.63716,1.00000,1.72273,5
0.09747,0.00000,44.73296,1.00000,1.71169,5
0.06004,0.00000,45.16838,1.00000,1.69525,5
0.13331,0.01488,44.58010,1.00000,1.70079,5
0.08996,0.00000,45.19532,1.00000,1.72274,5
0.12192,0.00196,45.15574,1.00000,1.70304,5
0.06423,0.00000,45.40179,1.00000,1.68570,5
0.06913,0.00000,45.64038,1.00000,1.70107,5
0.05517,0.00000,43.14627,1.00000,1.72638,5
0.10329,0.00000,45.18695,1.00000,1.70654,5
0.05044,0.00196,44.32965,1.00000,1.73306,5
0.06225,0.00000,45.87151,1.00000,1.72285,5
0.11329,0.00393,43.60587,1.00000,1.70566,5
0.12250,0.00000,45.32163,1.00000,1.68874,5
0.05923,0.00000,45.25216,1.00000,1.70534,5
0.07653,0.00000,44.45559,1.00000,1.71991,5
0.11851,0.00000,46.25316,1.00000,1.69838,5
0.05526,0.00689,44.99317,1.00000,1.71465,5
0.12856,0.00000,44.71863,1.00000,1.68597,5
0.05357,0.00000,45.07439,1.00000,1.72032,5
0.08076,0.00000,44.89225,1.00000,1.70179,5
0.10825,0.00000,45.78016,1.00000,1.70669,5
0.05156,0.00000,45.04099,1.00000,1.71297,5
0.09685,0.00000,43.76979,1.00000,1.69622,5
0.12501,0.00000,45.10829,1.00000,1.72745,5
0.11368,0.00000,44.96470,1.00000,1.70190,5
0.10652,0.00000,45.42003,1.00000,1.72721,5
0.09692,0.00000,46.26348,1.00000,1.68365,5
0.11447,0.00000,44.58091,1.00000,1.71021,5
0.08881,0.00000,44.47052,1.00000,1.69350,5
0.06031,0.00000,46.33441,1.00000,1.72187,5
0.11963,0.00000,45.43477,1.00000,1.72619,5
0.08918,0.00000,43.51483,1.00000,1.69684,5
0.10048,0.00000,45.29750,1.00000,1.71392,5
0.04641,0.01389,44.45447,1.00000,1.67319,5
0.05114,0.00098,45.44094,1.00000,1.68994,5
0.12156,0.00000,46.21136,1.00000,1.72851,5
0.07007,0.00000,44.37065,1.00000,1.71959,5
0.10847,0.00098,44.91847,1.00000,1.71988,5
0.06952,0.00000,45.02868,1.00000,1.68519,5
0.12804,0.00000,44.21974,1.00000,1.69575,5
0.09795,0.00098,45.48390,1.00000,1.73138,5
0.04896,0.00491,45.18301,1.00000,1.72577,5
0.06757,0.00000,46.03969,1.00000,1.73113,5
0.08684,0.00000,44.97224,1.00000,1.70797,5
0.09211,0.00000,44.86366,1.00000,1.70680,5
0.11532,0.00000,44.94436,1.00000,1.73678,5
0.06098,0.00000,44.33879,1.00000,1.72532,5
0.11795,0.00000,45.65360,1.00000,1.70807,5
0.09039,0.00000,45.20649,1.00000,1.70276,5
0.10736,0.00000,45.19604,1.00000,1.70460,5
0.06606,0.00000,46.89165,1.00000,1.67979,5
0.06127,0.00000,45.52758,1.00000,1.70075,5
0.08282,0.00000,44.12720,1.00000,1.68510,5
0.09937,0.00098,42.99612,1.00000,1.71580,5
0.13321,0.00000,45.24184,1.00000,1.68606,5
0.12974,0.00000,44.53869,1.00000,1.70538,5
0.10937,0.00000,45.03668,1.00000,1.68662,5
0.12745,0.00098,45.79312,1.00000,1.72015,5
0.06512,0.00196,45.38019,1.00000,1.72397,5
0.09630,0.00196,45.78117,1.00000,1.69763,5
0.11230,0.00000,45.36397,1.00000,1.70398,5
0.06962,0.00000,44.66806,1.00000,1.68741,5
0.07142,0.00000,45.82149,1.00000,1.72045,5
0.05862,0.00000,45.20813,1.00000,1.69352,5
0.11490,0.00000,45.82751,1.00000,1.70860,5
0.12491,0.00098,45.50516,1.00000,1.69022,5
0.06603,0.00000,47.34738,1.00000,1.69687,5
0.10267,0.00000,45.30762,1.00000,1.69301,5
0.12896,0.00000,45.03358,1.00000,1.72061,5
0.12879,0.00000,45.62775,1.00000,1.68178,5
0.07725,0.00196,44.77806,1.00000,1.67553,5
0.05480,0.00000,45.24392,1.00000,1.73215,5
0.05355,0.00000,43.99863,1.00000,1.69394,5
0.07848,0.00000,44.46764,1.00000,1.73133,5
0.11803,0.00000,45.41924,1.00000,1.69405,5
0.08447,0.00000,45.01478,1.00000,1.67975,5
0.08420,0.00098,47.18030,1.00000,1.67305,5
0.11236,0.00098,45.22913,1.00000,1.71883,5
0.12969,0.00000,45.48427,1.00000,1.67778,5
0.07617,0.00789,45.23507,1.00000,1.69690,5
0.05711,0.00000,45.15951,1.00000,1.72426,5
0.07938,0.00000,47.49752,1.00000,1.67421,5
0.08435,0.00000,45.21702,1.00000,1.71172,5
0.12656,0.00000,44.65711,1.00000,1.70755,5
0.13226,0.00000,44.87180,1.00000,1.69611,5
0.09806,0.00000,44.11542,1.00000,1.71182,5
0.09545,0.00000,44.48698,1.00000,1.70153,5
0.05998,0.00000,44.34684,1.00000,1.68294,5
0.05237,0.00000,44.81953,1.00000,1.70724,5
0.12392,0.00000,44.46649,1.00000,1.69343,5
0.09186,0.00000,45.86369,1.00000,1.68468,5
0.12332,0.00000,45.01257,1.00000,1.71341,5
0.12169,0.00000,45.60334,1.00000,1.68823,5
0.09034,0.00000,46.00977,1.00000,1.68992,5
0.09662,0.00000,45.67713,1.00000,1.70145,5
0.06466,0.00196,46.09656,1.00000,1.71698,5
0.06938,0.00000,45.40527,1.00000,1.70922,5
0.04937,0.00393,44.83135,1.00000,1.70332,5
0.12370,0.00000,46.23856,1.00000,1.72091,5
0.06302,0.00098,44.40534,1.00000,1.68682,5
0.11516,0.00098,45.47186,1.00000,1.71176,5
0.09359,0.00000,45.17680,1.00000,1.72034,5
0.07223,0.00000,44.64702,1.00000,1.68689,5
0.09961,0.00000,44.97304,1.00000,1.71429,5
0.08579,0.00000,46.38860,1.00000,1.68778,5
0.05795,0.00000,43.65667,1.00000,1.71096,5
0.12501,0.00000,44.29485,1.00000,1.73571,5
0.09328,0.00098,45.25358,1.00000,1.69566,5
0.04607,0.00098,45.40313,1.00000,1.71442,5
0.09953,0.00098,45.21025,1.00000,1.70976,5
0.08485,0.00098,45.73174,1.00000,1.68502,5
0.11753,0.00000,45.16780,1.00000,1.68032,5
0.12207,0.00000,45.21817,1.00000,1.70907,5
0.09993,0.00000,45.24931,1.00000,1.68145,5
0.05379,0.00098,46.00115,1.00000,1.68076,5
0.05070,0.00000,46.12306,1.00000,1.69982,5
0.12819,0.00098,45.06832,1.00000,1.72135,5
0.08078,0.00000,45.84962,1.00000,1.68655,5
0.08899,0.00000,45.05730,1.00000,1.68040,5
0.08349,0.00000,45.11086,1.00000,1.70813,5
0.10176,0.00000,45.22050,1.00000,1.68887,5
0.07147,0.00000,44.95416,1.00000,1.71737,5
0.11320,0.00000,45.09047,1.00000,1.69000,5
0.07826,0.00000,45.95597,1.00000,1.70767,5
0.12211,0.00000,44.77590,1.00000,1.72579,5
0.08284,0.00000,44.58271,1.00000,1.71395,5
0.05059,0.00000,44.96699,1.00000,1.70617,5
0.07869,0.00000,45.58875,1.00000,1.68568,5
0.07790,0.00000,45.63441,1.00000,1.71506,5
0.09354,0.00000,46.29072,1.00000,1.72292,5
0.04666,0.00000,45.65865,1.00000,1.68293,5
0.07360,0.00196,45.40792,1.00000,1.69145,5
0.10729,0.00000,45.42545,1.00000,1.71899,5
0.05768,0.00987,44.66662,1.00000,1.68836,5
0.08427,0.00098,45.72406,1.00000,1.69173,5
0.05660,0.00000,44.64503,1.00000,1.71297,5
0.12758,0.00098,45.60455,1.00000,1.70264,5
0.12029,0.00000,45.15920,1.00000,1.68178,5
0.05626,0.00000,45.45730,1.00000,1.71126,5
0.11253,0.00098,45.05231,1.00000,1.68271,5
0.11503,0.00000,45.30915,1.00000,1.70711,5
0.07262,0.00000,45.42988,1.00000,1.71480,5
0.13009,0.00000,46.10912,1.00000,1.70273,5
0.10921,0.00000,44.75997,1.00000,1.70978,5
0.06010,0.00000,46.65632,1.00000,1.68531,5
0.10547,0.00000,44.26594,1.00000,1.69989,5
0.12812,0.00000,44.62119,1.00000,1.67755,5
0.04881,0.00000,45.58447,1.00000,1.69873,5
0.08886,0.00000,45.03050,1.00000,1.68823,5
0.05248,0.00000,44.50017,1.00000,1.71312,5
0.10736,0.00098,45.50943,1.00000,1.68835,5
0.12740,0.00000,44.49030,1.00000,1.72601,5
0.07897,0.00000,44.75170,1.00000,1.68029,5
0.08565,0.00000,44.64727,1.00000,1.72873,5
0.06608,0.00000,44.67875,1.00000,1.69036,5
0.08476,0.00000,45.16662,1.00000,1.69746,5
0.09024,0.00000,45.55538,1.00000,1.70647,5
0.06490,0.00098,45.71153,1.00000,1.71355,5
0.10792,0.00000,45.23026,1.00000,1.69593,5
0.10531,0.00098,44.10401,1.00000,1.70406,5
0.09853,0.00000,46.18741,1.00000,1.72433,5
0.07184,0.00000,45.16824,1.00000,1.70525,5
0.06347,0.00196,45.59401,1.00000,1.68833,5
0.06243,0.00000,45.19995,1.00000,1.71737,5
0.13214,0.00000,45.56420,1.00000,1.69844,5
0.07579,0.00098,45.13759,1.00000,1.69859,5
0.08958,0.00000,45.99774,1.00000,1.67427,5
0.05770,0.00000,44.78023,1.00000,1.70322,5
0.10179,0.00000,44.79211,1.00000,1.71136,5
0.11058,0.00000,46.20865,1.00000,1.72724,5
0.11288,0.00000,45.33782,1.00000,1.68395,5
0.05563,0.00000,45.32760,1.00000,1.69177,5
0.07153,0.00098,44.98844,1.00000,1.68774,5
0.12354,0.00000,45.97862,1.00000,1.72630,5
0.07751,0.00000,45.45424,1.00000,1.68868,5
0.09023,0.00000,46.14182,1.00000,1.72224,5
0.08503,0.00294,45.65656,1.00000,1.69719,5
0.06782,0.00000,44.37154,1.00000,1.71583,5
0.13050,0.00000,45.65553,1.00000,1.70262,5
0.05777,0.00000,44.17537,1.00000,1.72066,5
0.08764,0.00000,44.68245,1.00000,1.70878,5
0.09320,0.00000,45.55108,1.00000,1.72237,5
0.08610,0.00000,45.75480,1.00000,1.70491,5
0.05612,0.00000,45.37702,1.00000,1.68078,5
0.07110,0.00000,44.70537,1.00000,1.70417,5
0.08709,0.00098,46.65679,1.00000,1.72054,5
0.08313,0.00000,46.93251,1.00000,1.72042,5
0.07253,0.00000,45.23850,1.00000,1.72630,5
0.07792,0.00196,45.78847,1.00000,1.68861,5
0.09300,0.00000,45.11037,1.00000,1.68607,5
0.06633,0.00000,46.44745,1.00000,1.70426,5
0.08065,0.00491,46.12962,1.00000,1.71273,5
0.10727,0.00000,45.80995,1.00000,1.71268,5
0.12609,0.00000,44.71296,1.00000,1.69259,5
0.07064,0.00000,46.11741,1.00000,1.67835,5
0.08581,0.00000,44.16289,1.00000,1.70351,5
0.12798,0.00098,43.99789,1.00000,1.70395,5
0.04709,0.00000,45.54378,1.00000,1.72154,5
0.11409,0.00000,45.61091,1.00000,1.66550,5
0.09341,0.00098,44.85644,1.00000,1.70426,5
0.05388,0.00098,45.93867,1.00000,1.70202,5
0.06037,0.00098,45.86053,1.00000,1.69927,5
0.09411,0.00098,44.08096,1.00000,1.69973,5
0.11314,0.00000,45.53572,1.00000,1.68171,5
0.07292,0.00000,44.56394,1.00000,1.69266,5
0.12120,0.00000,45.04629,1.00000,1.70654,5
0.13064,0.00000,44.34694,1.00000,1.72581,5
0.04807,0.00000,45.23076,1.00000,1.68889,5
0.11512,0.00000,44.52301,1.00000,1.65970,5
0.09768,0.00000,47.07896,1.00000,1.72827,5
0.06575,0.00000,44.50534,1.00000,1.73271,5
0.11076,0.00000,45.05256,1.00000,1.71456,5
0.12261,0.00000,45.35886,1.00000,1.70058,5
0.09020,0.00000,45.55042,1.00000,1.67896,5
0.09613,0.00000,46.06950,1.00000,1.71238,5
0.09092,0.00000,45.15523,1.00000,1.69558,5
0.10778,0.00000,44.37078,1.00000,1.71104,5
0.08495,0.00000,44.08974,1.00000,1.69930,5
0.07408,0.00000,45.98933,1.00000,1.68598,5
0.13138,0.00000,46.52690,1.00000,1.69478,5
0.07428,0.00000,47.11213,1.00000,1.69079,5
0.11546,0.00000,45.31994,1.00000,1.68024,5
0.11225,0.00000,45.79422,1.00000,1.67845,5
0.07067,0.00098,44.54091,1.00000,1.70398,5
0.06097,0.00294,44.83066,1.00000,1.72817,5
0.10840,0.00098,44.14687,1.00000,1.69087,5
0.12643,0.00000,44.55108,1.00000,1.66846,5
0.08698,0.00000,45.49914,1.00000,1.67370,5
0.10828,0.00000,46.00802,1.00000,1.70607,5
0.05256,0.00098,45.20475,1.00000,1.69397,5
0.10213,0.00000,45.02019,1.00000,1.71200,5
0.09251,0.00098,45.28675,1.00000,1.68625,5
0.11772,0.00000,44.66767,1.00000,1.71681,5
0.10838,0.00000,45.36086,1.00000,1.70209,5
0.07145,0.00000,44.12229,1.00000,1.70415,5
0.05367,0.00000,46.34514,1.00000,1.69317,5
0.11745,0.00000,45.81224,1.00000,1.66935,5
0.08269,0.00000,45.16352,1.00000,1.70634,5
0.07673,0.00196,45.28245,1.00000,1.72422,5
0.05967,0.00000,46.79668,1.00000,1.69794,5
0.09969,0.00000,43.76371,1.00000,1.69878,5
0.10348,0.00000,44.81173,1.00000,1.69517,5
0.12519,0.00098,45.10455,1.00000,1.72548,5
0.10234,0.00000,45.08951,1.00000,1.69513,5
0.09237,0.00000,46.45061,1.00000,1.72382,5
0.08184,0.00000,46.60751,1.00000,1.68001,5
0.05638,0.00000,45.97731,1.00000,1.70243,5
0.11117,0.00000,45.65853,1.00000,1.70221,5
0.05847,0.00000,45.73719,1.00000,1.67602,5
0.06527,0.00000,44.33095,1.00000,1.70824,5
0.05037,0.00098,44.53134,1.00000,1.69857,5
0.06768,0.00000,45.23109,1.00000,1.70801,5
0.07979,0.00000,45.11581,1.00000,1.69587,5
0.08910,0.00000,44.14373,1.00000,1.69796,5
0.06428,0.00000,43.86826,1.00000,1.68001,5
0.11177,0.00000,45.66993,1.00000,1.73527,5
0.10652,0.00000,44.82499,1.00000,1.74377,5
0.10393,0.00000,44.45305,1.00000,1.70391,5
0.11394,0.00000,44.92653,1.00000,1.69650,5
0.12291,0.00000,45.32864,1.00000,1.70441,5
0.07980,0.00000,44.99124,1.00000,1.71001,5
0.08057,0.00000,44.85767,1.00000,1.71622,5
0.06853,0.00000,45.10702,1.00000,1.70645,5
0.05229,0.00000,44.96445,1.00000,1.69443,5
0.05763,0.00098,44.76802,1.00000,1.70330,5
0.09124,0.00000,46.32949,1.00000,1.71567,5
0.09515,0.00000,44.76153,1.00000,1.71882,5
0.05480,0.00000,45.62942,1.00000,1.71028,5
0.13291,0.00000,45.84005,1.00000,1.71173,5
0.13091,0.00000,44.43728,1.00000,1.71795,5
0.11947,0.02814,45.82720,1.00000,1.70457,5
0.11812,0.00000,46.68817,1.00000,1.68441,5
0.05693,0.00000,45.91167,1.00000,1.70882,5
0.09297,0.00196,44.71839,1.00000,1.68383,5
0.04966,0.00000,46.55316,1.00000,1.69831,5
0.05524,0.00196,44.99702,1.00000,1.67827,5
0.10336,0.00000,45.55531,1.00000,1.70793,5
0.08344,0.00000,46.42819,1.00000,1.68810,5
0.11572,0.00000,44.59868,1.00000,1.71896,5
0.09871,0.00000,44.72969,1.00000,1.68577,5
0.08975,0.00000,44.08628,1.00000,1.74194,5
0.04707,0.00000,45.46272,1.00000,1.67133,5
0.05897,0.00000,45.78519,1.00000,1.73259,5
0.09616,0.00000,45.66792,1.00000,1.70121,5
0.09759,0.00098,44.84999,1.00000,1.71264,5
0.08450,0.00000,44.73908,1.00000,1.69343,5
0.06606,0.00098,44.85574,1.00000,1.70805,5
0.11755,0.00000,45.12404,1.00000,1.67719,5
0.11511,0.00000,45.51358,1.00000,1.68963,5
0.04847,0.00098,45.86635,1.00000,1.70969,5
0.05652,0.00000,45.87016,1.00000,1.72083,5
0.07210,0.00098,45.24894,1.00000,1.69183,5
0.08010,0.00000,45.48689,1.00000,1.68686,5
0.09348,0.00000,44.51768,1.00000,1.71652,5
0.08264,0.00000,44.12641,1.00000,1.67066,5
0.04581,0.00000,44.47496,1.00000,1.68113,5
0.10807,0.00000,44.50816,1.00000,1.70763,5
0.05640,0.00000,45.42074,1.00000,1.69013,5
0.05448,0.00000,44.66600,1.00000,1.71014,5
0.05638,0.00098,45.78336,1.00000,1.70746,5
0.08361,0.00000,45.89542,1.00000,1.71427,5
0.11502,0.00196,43.68733,1.00000,1.67965,5
0.11318,0.00000,46.10131,1.00000,1.68382,5
0.05383,0.00000,44.81387,1.00000,1.71008,5
0.11123,0.00000,46.08581,1.00000,1.69338,5
0.12658,0.00000,44.05216,1.00000,1.70779,5
0.08050,0.00000,44.22921,1.00000,1.70823,5
0.06998,0.00196,43.54026,1.00000,1.71584,5
0.08778,0.00000,46.00917,1.00000,1.70135,5
0.07053,0.00000,46.39122,1.00000,1.72775,5
0.09295,0.00000,45.83141,1.00000,1.71828,5
0.09707,0.00098,45.35078,1.00000,1.70948,5
0.12114,0.00000,45.54083,1.00000,1.69314,5
0.11524,0.00000,46.39354,1.00000,1.72817,5
0.09585,0.00000,46.03610,1.00000,1.71330,5
0.07747,0.00098,45.19820,1.00000,1.69778,5
0.09935,0.00098,45.65736,1.00000,1.69441,5
0.08736,0.00000,45.13862,1.00000,1.70146,5
0.05143,0.00196,45.32090,1.00000,1.68328,5
0.10570,0.00098,44.90815,1.00000,1.71289,5
0.13237,0.00098,45.38266,1.00000,1.70480,5
0.11217,0.00000,45.68087,1.00000,1.68666,5
0.09366,0.00000,45.80389,1.00000,1.71088,5
0.08371,0.00000,45.44575,1.00000,1.72184,5
0.08430,0.00000,45.20918,1.00000,1.70555,5
0.10446,0.00000,44.72030,1.00000,1.71185,5
0.10357,0.00098,45.09222,1.00000,1.69436,5
0.12155,0.00196,46.50645,1.00000,1.70677,5
0.09356,0.00000,45.10941,1.00000,1.72313,5
0.06725,0.00098,44.50271,1.00000,1.70521,5
0.06821,0.00098,46.02211,1.00000,1.70833,5
0.08925,0.00000,45.10332,1.00000,1.70387,5
0.07500,0.00491,45.05020,1.00000,1.69902,5
0.12914,0.00000,45.65284,1.00000,1.70816,5
0.10595,0.00000,45.64919,1.00000,1.71350,5
0.12760,0.00000,46.29541,1.00000,1.69086,5
0.08954,0.00098,45.57730,1.00000,1.67508,5
0.10982,0.00000,45.40645,1.00000,1.71030,5
0.09129,0.00000,45.29996,1.00000,1.68520,5
0.11776,0.00000,45.22513,1.00000,1.70620,5
0.09101,0.00000,46.00076,1.00000,1.70060,5
0.13270,0.00196,45.21928,1.00000,1.70507,5
0.10167,0.00000,43.87687,1.00000,1.71704,5
0.04906,0.00098,45.94650,1.00000,1.71963,5
0.08581,0.00000,44.49705,1.00000,1.71679,5
0.07642,0.00000,45.70566,1.00000,1.70588,5
0.08722,0.00000,44.30685,1.00000,1.69929,5
0.06917,0.00000,44.91188,1.00000,1.68977,5
0.05499,0.00000,44.57189,1.00000,1.68639,5
0.06268,0.00098,45.61776,1.00000,1.70045,5
0.09800,0.00000,43.93070,1.00000,1.67882,5
0.06985,0.00000,45.59265,1.00000,1.69837,5
0.07966,0.00098,46.80371,1.00000,1.70785,5
0.09476,0.00000,46.30949,1.00000,1.70154,5
0.10978,0.00098,45.81114,1.00000,1.68941,5
0.09879,0.00000,44.68056,1.00000,1.71210,5
0.09500,0.00000,45.03983,1.00000,1.71477,5
0.11605,0.00098,43.59983,1.00000,1.65524,5
0.11348,0.00000,45.45772,1.00000,1.72663,5
0.08067,0.00000,44.51055,1.00000,1.66720,5
0.10868,0.00000,45.72384,1.00000,1.71066,5
0.11030,0.00000,45.34715,1.00000,1.70379,5
0.05352,0.00098,44.70128,1.00000,1.68516,5
0.11591,0.00000,44.93542,1.00000,1.67695,5
0.06913,0.00000,44.77480,1.00000,1.73695,5
0.06655,0.00098,45.78932,1.00000,1.72113,5
0.05854,0.00000,45.08335,1.00000,1.69417,5
0.11231,0.00000,45.03587,1.00000,1.69233,5
0.08231,0.00000,44.86108,1.00000,1.65570,5
0.13211,0.00000,44.42072,1.00000,1.68523,5
0.10198,0.00000,45.94659,1.00000,1.70819,5
0.09051,0.00000,45.62025,1.00000,1.68429,5
0.13026,0.00000,45.33581,1.00000,1.72957,5
0.12748,0.00000,44.89499,1.00000,1.70723,5
0.13067,0.00000,45.24023,1.00000,1.70688,5
0.12136,0.00000,45.76937,1.00000,1.69466,5
0.10599,0.00000,45.79596,1.00000,1.69729,5
0.11439,0.00000,45.58246,1.00000,1.68285,5
0.09510,0.00000,44.13817,1.00000,1.70475,5
0.12868,0.00000,44.52148,1.00000,1.71827,5
0.06328,0.00000,44.66393,1.00000,1.72372,5
0.06878,0.00098,46.19427,1.00000,1.68982,5
0.09203,0.00098,45.16845,1.00000,1.72505,5
0.08122,0.00098,46.07273,1.00000,1.70679,5
0.09176,0.00000,44.73418,1.00000,1.71832,5
0.09685,0.00000,45.06138,1.00000,1.69024,5
0.09261,0.00098,44.96523,1.00000,1.67853,5
0.12828,0.00000,45.12115,1.00000,1.70130,5
0.12851,0.00000,45.77750,1.00000,1.69479,5
0.04760,0.00098,45.73682,1.00000,1.69918,5
0.13496,0.00196,44.83569,1.00000,1.66827,5
0.05615,0.00098,44.97134,1.00000,1.67263,5
0.12839,0.00000,46.15689,1.00000,1.68269,5
0.08090,0.00000,45.80035,1.00000,1.70256,5
0.06022,0.00000,45.50613,1.00000,1.68093,5
0.05025,0.00000,43.94141,1.00000,1.68970,5
0.07491,0.00000,44.60034,1.00000,1.70059,5
0.13094,0.00000,44.93669,1.00000,1.68046,5
0.08850,0.00000,46.48561,1.00000,1.70622,5
0.12377,0.00000,45.33649,1.00000,1.68745,5
0.11965,0.00000,45.41826,1.00000,1.71097,5
0.12295,0.00000,45.80072,1.00000,1.68814,5
0.05846,0.00000,45.73554,1.00000,1.71955,5
0.12607,0.00000,44.11711,1.00000,1.73886,5
0.09187,0.00000,45.64188,1.00000,1.70517,5
0.07619,0.00000,46.22114,1.00000,1.71198,5
0.06486,0.00393,45.06191,1.00000,1.72063,5
0.07269,0.00000,44.99282,1.00000,1.70698,5
0.08347,0.00000,45.74373,1.00000,1.70956,5
0.06897,0.00000,44.33830,1.00000,1.71881,5
0.07837,0.00000,45.98268,1.00000,1.71173,5
0.11473,0.00000,45.08959,1.00000,1.69705,5
0.07622,0.00000,44.94244,1.00000,1.68558,5
0.06739,0.00000,45.70132,1.00000,1.72905,5
0.08440,0.00393,45.25915,1.00000,1.69402,5
0.11167,0.00000,44.41603,1.00000,1.73222,5
0.07242,0.00000,45.68670,1.00000,1.69037,5
0.11818,0.00000,44.26158,1.00000,1.70632,5
0.10424,0.00000,45.95484,1.00000,1.71241,5
0.10709,0.00000,44.33756,1.00000,1.71342,5
0.09988,0.00000,45.80060,1.00000,1.71699,5
0.07255,0.00000,44.94025,1.00000,1.70035,5
0.11701,0.00000,45.17813,1.00000,1.68933,5
0.06544,0.00000,46.19014,1.00000,1.69856,5
0.12908,0.00000,45.57789,1.00000,1.69180,5
0.08089,0.00000,44.54167,1.00000,1.70490,5
0.09156,0.00098,44.29842,1.00000,1.71007,5
0.12744,0.00098,45.78673,1.00000,1.67563,5
0.05029,0.00000,43.52812,1.00000,1.64623,5
0.13175,0.00000,46.61555,1.00000,1.70241,5
0.11699,0.00000,45.54417,1.00000,1.71762,5
0.05303,0.00000,44.30863,1.00000,1.70771,5
0.05978,0.00000,45.49258,1.00000,1.71307,5
0.10055,0.00000,45.37134,1.00000,1.69440,5
0.08368,0.00000,45.20391,1.00000,1.69934,5
0.05453,0.00098,44.71907,1.00000,1.69525,5
0.09471,0.00000,45.68574,1.00000,1.72048,5
0.09097,0.00000,44.22567,1.00000,1.71402,5
0.05584,0.00000,45.27725,1.00000,1.68647,5
0.10603,0.00000,43.40792,1.00000,1.69085,5
0.10802,0.00000,45.16931,1.00000,1.70063,5
0.11250,0.00000,45.37679,1.00000,1.70393,5
0.12080,0.00000,45.70022,1.00000,1.71419,5
0.11612,0.00000,44.75198,1.00000,1.71432,5
0.08426,0.00098,44.73686,1.00000,1.67812,5
0.06796,0.00000,46.36981,1.00000,1.70621,5
0.11537,0.00000,44.57910,1.00000,1.70902,5
0.11789,0.00000,44.44806,1.00000,1.68929,5
0.08004,0.00098,45.63189,1.00000,1.70633,5
0.05727,0.00000,44.52011,1.00000,1.69128,5
0.09726,0.00000,45.31083,1.00000,1.72283,5
0.05186,0.00000,45.56260,1.00000,1.69088,5
0.11470,0.00000,44.09852,1.00000,1.68634,5
0.08929,0.00000,45.27887,1.00000,1.71342,5
0.05624,0.00000,43.93472,1.00000,1.71276,5
0.09290,0.00000,45.67721,1.00000,1.67938,5
0.06927,0.00098,45.08650,1.00000,1.72155,5
0.11535,0.00689,45.20577,1.00000,1.72286,5
0.08290,0.00000,46.06891,1.00000,1.70000,5
0.11169,0.00000,45.95555,1.00000,1.70108,5
0.11528,0.00000,44.56745,1.00000,1.70492,5
0.12322,0.00000,45.80613,1.00000,1.71492,5
0.07397,0.00000,46.46233,1.00000,1.69385,5
0.09082,0.00590,45.78104,1.00000,1.72009,5
0.08839,0.00000,45.71861,1.00000,1.72126,5
0.08536,0.00000,46.47586,1.00000,1.71373,5
0.09466,0.00000,45.24436,1.00000,1.72604,5
0.06712,0.00000,45.47919,1.00000,1.71328,5
0.08942,0.00000,45.18360,1.00000,1.70568,5
0.07039,0.00000,45.23219,1.00000,1.70041,5
0.05961,0.00000,45.21534,1.00000,1.68603,5
0.10372,0.00294,45.26118,1.00000,1.72174,5
0.09710,0.00000,44.27720,1.00000,1.68936,5
0.09608,0.00000,45.44029,1.00000,1.69126,5
0.10631,0.00000,44.06586,1.00000,1.69366,5
0.07859,0.00098,46.31924,1.00000,1.69095,5
0.07932,0.00098,46.17266,1.00000,1.71211,5
0.11344,0.00000,45.35777,1.00000,1.70103,5
0.09527,0.00000,45.44433,1.00000,1.69645,5
0.09610,0.00098,44.91137,1.00000,1.71759,5
0.05165,0.00098,44.97657,1.00000,1.70374,5
0.10444,0.00000,44.84445,1.00000,1.71785,5
0.10165,0.00000,45.46945,1.00000,1.70635,5
0.07934,0.00000,45.43503,1.00000,1.72811,5
0.10638,0.00000,44.62226,1.00000,1.70225,5
0.05167,0.00196,45.12133,1.00000,1.70434,5
0.05339,0.00000,44.32805,1.00000,1.71310,5
0.08424,0.00196,45.72324,1.00000,1.67659,5
0.06797,0.00000,45.16511,1.00000,1.68433,5
0.04777,0.00000,45.85959,1.00000,1.68749,5
0.06294,0.00196,45.05569,1.00000,1.68461,5
0.05449,0.00000,45.52604,1.00000,1.72055,5
0.09951,0.00000,45.00148,1.00000,1.70570,5
0.07438,0.00000,45.97574,1.00000,1.69892,5
0.07498,0.00000,44.96750,1.00000,1.70027,5
0.12515,0.00000,43.79666,1.00000,1.71706,5
0.08054,0.00000,43.95452,1.00000,1.71092,5
0.09587,0.00000,46.29267,1.00000,1.67506,5
0.04987,0.00098,45.44090,1.00000,1.71409,5
0.04885,0.00000,46.05449,1.00000,1.67405,5
0.10033,0.00000,43.69792,1.00000,1.71026,5
0.13028,0.00000,45.56693,1.00000,1.70321,5
0.08333,0.00098,44.69573,1.00000,1.70047,5
0.04900,0.00000,45.34744,1.00000,1.70660,5
0.09665,0.00000,44.81371,1.00000,1.70525,5
0.09312,0.00000,44.82056,1.00000,1.70032,5
0.12600,0.00000,44.45252,1.00000,1.70257,5
0.09128,0.00000,47.31313,1.00000,1.71331,5
0.12060,0.00000,45.82169,1.00000,1.67719,5
0.13010,0.00000,46.27043,1.00000,1.71581,5
0.07394,0.00000,44.95808,1.00000,1.73183,5
0.09154,0.00000,45.21028,1.00000,1.71514,5
0.05911,0.00098,45.70421,1.00000,1.73131,5
0.06242,0.00098,44.18024,1.00000,1.72412,5
0.12625,0.00098,44.53574,1.00000,1.70230,5
0.07925,0.00000,45.35514,1.00000,1.68890,5
0.10915,0.00000,45.48145,1.00000,1.72877,5
0.11021,0.00689,45.38963,1.00000,1.69538,5
0.11870,0.00098,44.38046,1.00000,1.69135,5
0.07260,0.00000,45.75123,1.00000,1.72056,5
0.13037,0.00000,45.18558,1.00000,1.69264,5
0.08756,0.00000,44.12566,1.00000,1.72886,5
0.08201,0.00098,45.41451,1.00000,1.68266,5
0.10927,0.00000,46.27527,1.00000,1.69106,5
0.09768,0.00000,46.73793,1.00000,1.73932,5
0.07915,0.00000,46.66817,1.00000,1.69416,5
0.10502,0.00000,44.96594,1.00000,1.70595,5
0.10611,0.00000,45.78582,1.00000,1.69702,5
0.09880,0.00000,45.58569,1.00000,1.71125,5
0.12044,0.00196,46.09775,1.00000,1.73096,5
0.11332,0.00000,45.08292,1.00000,1.72689,5
0.11175,0.00098,46.10660,1.00000,1.69131,5
0.07210,0.00098,44.86730,1.00000,1.70064,5
0.08900,0.00000,44.84403,1.00000,1.70982,5
0.08207,0.00000,44.37085,1.00000,1.69970,5
0.11475,0.00000,44.57194,1.00000,1.68042,5
0.12629,0.00000,44.25421,1.00000,1.68270,5
0.11808,0.00000,45.73660,1.00000,1.70514,5
0.06276,0.00000,44.73895,1.00000,1.70964,5
0.10323,0.00000,44.29832,1.00000,1.72593,5
0.09709,0.00098,44.03760,1.00000,1.70300,5
0.06402,0.00000,46.28110,1.00000,1.70463,5
0.05591,0.00000,45.97055,1.00000,1.67588,5
0.05630,0.00000,45.61000,1.00000,1.69746,5
0.07627,0.00000,45.86195,1.00000,1.69628,5
0.11096,0.00000,45.17986,1.00000,1.71898,5
0.09692,0.00000,45.18941,1.00000,1.69480,5
0.12672,0.00000,45.02898,1.00000,1.70135,5
0.05578,0.00098,45.77994,1.00000,1.70882,5
0.06624,0.00000,45.76492,1.00000,1.69903,5
0.11732,0.00000,44.87421,1.00000,1.68825,5
0.07975,0.00000,44.86445,1.00000,1.70800,5
0.10873,0.00000,45.90969,1.00000,1.67843,5
0.07657,0.00000,45.67320,1.00000,1.71816,5
0.07565,0.00000,45.38922,1.00000,1.70596,5
0.05760,0.00000,45.32598,1.00000,1.72895,5
0.10098,0.00000,44.84926,1.00000,1.70156,5
0.12429,0.00000,44.69821,1.00000,1.70908,5
0.06425,0.00098,46.42856,1.00000,1.69288,5
0.05028,0.00000,44.20730,1.00000,1.68736,5
0.08328,0.00000,45.83473,1.00000,1.70703,5
0.10201,0.00000,44.75761,1.00000,1.71125,5
0.09043,0.00000,47.24277,1.00000,1.70386,5
0.09335,0.00000,45.52549,1.00000,1.69434,5
0.13109,0.00000,46.06493,1.00000,1.72516,5
0.07544,0.00000,43.12964,1.00000,1.68113,5
0.10853,0.00000,44.91573,1.00000,1.70410,5
0.13040,0.00000,44.53598,1.00000,1.71271,5
0.08278,0.00098,45.19467,1.00000,1.69061,5
0.05314,0.00098,45.76057,1.00000,1.66699,5
0.13153,0.00000,44.51374,1.00000,1.69016,5
0.06925,0.00000,45.75589,1.00000,1.68891,5
0.05455,0.00000,44.35436,1.00000,1.69449,5
0.09910,0.00000,45.34878,1.00000,1.68837,5
0.10807,0.00000,47.02344,1.00000,1.70298,5
0.10894,0.00000,45.44291,1.00000,1.71805,5
0.11648,0.00000,45.58747,1.00000,1.70248,5
0.12155,0.00000,45.35574,1.00000,1.71588,5
0.08845,0.00000,45.14260,1.00000,1.72650,5
0.05755,0.00196,45.48376,1.00000,1.67145,5
0.07393,0.00000,45.75519,1.00000,1.71293,5
0.07675,0.00000,43.86012,1.00000,1.71454,5
0.09129,0.00000,44.14072,1.00000,1.71453,5
0.11034,0.00000,45.71050,1.00000,1.71564,5
0.10259,0.00000,45.16977,1.00000,1.69693,5
0.05300,0.00000,46.83645,1.00000,1.70079,5
0.05855,0.00000,45.34471,1.00000,1.70102,5
0.09548,0.00000,44.34755,1.00000,1.69454,5
0.06865,0.00000,44.87310,1.00000,1.69545,5
0.06289,0.00000,45.12173,1.00000,1.68859,5
0.11839,0.00000,45.55493,1.00000,1.71528,5
0.12488,0.00000,44.44083,1.00000,1.70295,5
0.06964,0.00000,45.85889,1.00000,1.67341,5
0.05088,0.00000,44.16450,1.00000,1.69198,5
0.05481,0.00000,44.85977,1.00000,1.66668,5
0.07791,0.00000,47.08262,1.00000,1.70299,5
0.07325,0.00000,44.93390,1.00000,1.71292,5
0.08124,0.00098,44.27438,1.00000,1.71256,5
0.06402,0.00000,44.69816,1.00000,1.69308,5
0.09279,0.00000,45.20218,1.00000,1.69989,5
0.06675,0.00000,45.16505,1.00000,1.70429,5
0.09079,0.00000,45.03998,1.00000,1.70812,5
0.12979,0.00000,44.43732,1.00000,1.68917,5
0.06073,0.00098,44.36834,1.00000,1.75025,5
0.05918,0.00000,44.69377,1.00000,1.68005,5
0.09435,0.00000,44.90271,1.00000,1.71488,5
0.06801,0.00000,45.22878,1.00000,1.70516,5
0.13071,0.00000,43.40995,1.00000,1.70492,5
0.08156,0.00000,45.37336,1.00000,1.69034,5
0.05063,0.00000,45.92804,1.00000,1.68172,5
0.10935,0.00000,45.44486,1.00000,1.69910,5
0.07039,0.00000,44.80490,1.00000,1.67434,5
0.12961,0.00000,46.08241,1.00000,1.70110,5
0.07159,0.00098,43.94910,1.00000,1.68931,5
0.05168,0.00098,44.43604,1.00000,1.66871,5
0.09942,0.00000,45.63398,1.00000,1.69610,5
0.12466,0.00000,43.68311,1.00000,1.72096,5
0.06834,0.00000,45.42312,1.00000,1.69973,5
0.05312,0.00000,44.39989,1.00000,1.73797,5
0.13204,0.00000,45.72641,1.00000,1.70982,5
0.09357,0.00000,44.20314,1.00000,1.69042,5
0.08829,0.00000,46.17799,1.00000,1.71840,5
0.08743,0.00000,45.34776,1.00000,1.71822,5
0.05040,0.00000,45.08968,1.00000,1.69643,5
0.12313,0.00000,46.31355,1.00000,1.70527,5
0.04602,0.00000,45.17290,1.00000,1.72298,5
0.08310,0.00000,45.83108,1.00000,1.69783,5
0.12050,0.00000,44.83053,1.00000,1.70181,5
0.10316,0.00000,44.32872,1.00000,1.70647,5
0.04980,0.00098,44.02789,1.00000,1.71516,5
0.12908,0.00000,43.91088,1.00000,1.70690,5
0.04907,0.00393,45.83637,1.00000,1.70250,5
0.07379,0.00000,45.59549,1.00000,1.72998,5
0.09938,0.00000,45.46900,1.00000,1.73579,5
0.07558,0.00098,44.84810,1.00000,1.72613,5
0.06865,0.00000,45.62487,1.00000,1.70363,5
0.10542,0.00000,45.68692,1.00000,1.68989,5
0.09778,0.00098,45.31471,1.00000,1.70196,5
0.12770,0.00000,45.05125,1.00000,1.71396,5
0.10953,0.00000,44.58964,1.00000,1.69365,5
0.06431,0.00000,45.17322,1.00000,1.73235,5
0.11780,0.00000,45.55641,1.00000,1.70643,5
0.06820,0.00000,44.27340,1.00000,1.69079,5
0.12628,0.00000,43.74308,1.00000,1.71621,5
0.10070,0.00098,45.00126,1.00000,1.72931,5
0.12952,0.00000,45.78268,1.00000,1.70026,5
0.13019,0.00000,45.67910,1.00000,1.72294,5
0.12017,0.00000,44.98053,1.00000,1.71742,5
0.08648,0.00000,45.26291,1.00000,1.71704,5
0.09639,0.00000,45.15304,1.00000,1.68940,5
0.09946,0.00098,43.62780,1.00000,1.69614,5
0.08031,0.00000,44.79575,1.00000,1.71389,5
0.09429,0.00000,44.70537,1.00000,1.68868,5
0.09699,0.00000,45.76814,1.00000,1.69593,5
0.10364,0.00000,45.89045,1.00000,1.70591,5
0.05778,0.00000,44.77695,1.00000,1.72392,5
0.12671,0.00000,46.21713,1.00000,1.71258,5
0.06098,0.00000,44.03607,1.00000,1.68894,5
0.11447,0.00098,46.00051,1.00000,1.71018,5
0.12887,0.00000,44.42632,1.00000,1.70527,5
0.06366,0.00000,45.79047,1.00000,1.68427,5
0.10609,0.00000,45.43217,1.00000,1.69391,5
0.11040,0.00000,44.22894,1.00000,1.68449,5
0.08128,0.00196,45.81025,1.00000,1.71799,5
0.05408,0.00000,45.43433,1.00000,1.72734,5
0.10892,0.00098,45.91896,1.00000,1.68064,5
0.08900,0.00098,45.64660,1.00000,1.71270,5
0.12759,0.00098,45.91234,1.00000,1.69630,5
0.07701,0.00000,44.63122,1.00000,1.70429,5
0.11599,0.00000,44.51823,1.00000,1.68970,5
0.05694,0.00000,45.62303,1.00000,1.70758,5
0.10517,0.00000,46.41304,1.00000,1.70295,5
0.05759,0.00000,44.85516,1.00000,1.73905,5
0.06033,0.00000,44.03995,1.00000,1.70117,5
0.08234,0.00000,45.69088,1.00000,1.70102,5
0.09509,0.00000,45.07922,1.00000,1.70162,5
0.12310,0.00000,46.02452,1.00000,1.71419,5
0.04917,0.00000,45.02358,1.00000,1.70610,5
0.06500,0.00000,44.70082,1.00000,1.70287,5
0.09490,0.00098,43.54307,1.00000,1.71500,5
0.05120,0.00000,45.30582,1.00000,1.69185,5
0.12592,0.00000,43.96952,1.00000,1.68355,5
0.13191,0.00000,45.85109,1.00000,1.68655,5
0.10670,0.00000,43.21742,1.00000,1.68081,5
0.07455,0.00000,45.70177,1.00000,1.71787,5
0.12442,0.00000,44.96468,1.00000,1.68688,5
0.13130,0.00000,45.21539,1.00000,1.68229,5
0.06782,0.00000,46.15302,1.00000,1.69671,5
0.12252,0.00000,44.54848,1.00000,1.70657,5
0.04705,0.00000,44.49337,1.00000,1.70199,5
0.08722,0.00000,45.18512,1.00000,1.68236,5
0.09688,0.00000,45.61976,1.00000,1.67190,5
0.08728,0.00000,45.56979,1.00000,1.70747,5
0.09684,0.00000,44.80172,1.00000,1.70396,5
0.05008,0.00098,44.80335,1.00000,1.72468,5
0.13115,0.00000,44.66849,1.00000,1.71290,5
0.07268,0.00000,44.25529,1.00000,1.72578,5
0.10594,0.00000,45.12087,1.00000,1.69595,5
0.12520,0.00196,46.18285,1.00000,1.69918,5
0.08103,0.00000,44.88399,1.00000,1.70216,5
0.10047,0.00000,45.82903,1.00000,1.69563,5
0.09517,0.00000,45.16143,1.00000,1.69460,5
0.07066,0.00000,43.44357,1.00000,1.70980,5
0.12640,0.00000,45.37023,1.00000,1.71130,5
0.08156,0.00098,45.12812,1.00000,1.69997,5
0.09999,0.00000,45.29977,1.00000,1.68627,5
0.10659,0.00000,43.59614,1.00000,1.70666,5
0.05693,0.00098,44.01847,1.00000,1.69723,5
0.06557,0.00000,44.68335,1.00000,1.70614,5
0.11926,0.00098,45.42682,1.00000,1.70967,5
0.05699,0.00098,45.74597,1.00000,1.72442,5
0.05292,0.00098,45.09719,1.00000,1.72203,5
0.10121,0.00000,46.43461,1.00000,1.72784,5
0.10739,0.00000,45.51031,1.00000,1.72353,5
0.05301,0.00098,45.34003,1.00000,1.69789,5
0.11386,0.00196,44.64465,1.00000,1.72866,5
0.11750,0.00000,43.90488,1.00000,1.70405,5
0.10124,0.00196,45.59582,1.00000,1.71468,5
0.07631,0.00000,43.65312,1.00000,1.72934,5
0.13047,0.00000,45.04396,1.00000,1.69308,5
0.12519,0.00000,45.80338,1.00000,1.67906,5
0.06383,0.00000,45.57573,1.00000,1.69060,5
0.12125,0.00000,45.49466,1.00000,1.69552,5
0.09544,0.00000,43.49452,1.00000,1.69002,5
0.11370,0.00000,44.36855,1.00000,1.72364,5
0.05510,0.00000,45.19400,1.00000,1.68604,5
0.13080,0.00000,46.27783,1.00000,1.70640,5
0.05316,0.00000,44.69221,1.00000,1.69889,5
0.07813,0.00000,45.69869,1.00000,1.69747,5
0.10903,0.00196,45.75106,1.00000,1.71554,5
0.10759,0.00000,45.05491,1.00000,1.70943,5
0.12095,0.00000,45.34328,1.00000,1.70600,5
0.11378,0.00000,45.84049,1.00000,1.67331,5
0.12016,0.00000,45.90383,1.00000,1.70752,5
0.09582,0.00000,44.18664,1.00000,1.71161,5
0.08975,0.00000,44.46916,1.00000,1.71791,5
0.07525,0.00000,44.37388,1.00000,1.72104,5
0.12207,0.00000,44.42527,1.00000,1.70898,5
0.11394,0.01692,45.22589,1.00000,1.69844,5
0.09569,0.00000,45.03364,1.00000,1.67931,5
0.05567,0.00294,45.21481,1.00000,1.69305,5
0.05941,0.00000,45.02559,1.00000,1.72390,5
0.12487,0.00000,44.22988,1.00000,1.69191,5
0.10609,0.00000,45.37073,1.00000,1.70627,5
0.07237,0.00000,45.25746,1.00000,1.69097,5
0.08453,0.00098,44.33657,1.00000,1.69221,5
0.11678,0.00000,44.42293,1.00000,1.69716,5
0.07575,0.00000,45.44254,1.00000,1.72839,5
0.11964,0.00098,46.60315,1.00000,1.69848,5
0.08473,0.00098,45.94826,1.00000,1.70958,5
0.09975,0.00000,45.67002,1.00000,1.71276,5
0.11604,0.00196,45.45235,1.00000,1.70040,5
0.07137,0.00098,43.66350,1.00000,1.69519,5
0.10802,0.00000,44.80085,1.00000,1.71012,5
0.05423,0.00000,45.68926,1.00000,1.71257,5
0.08366,0.00000,45.71676,1.00000,1.67590,5
0.08962,0.00294,45.10702,1.00000,1.68633,5
0.12178,0.00000,44.89955,1.00000,1.71591,5
0.08029,0.00000,45.16199,1.00000,1.71272,5
0.07153,0.00000,45.35023,1.00000,1.73195,5
0.05936,0.00000,44.82051,1.00000,1.67474,5
0.08445,0.00000,45.90318,1.00000,1.70481,5
0.13043,0.00000,44.25467,1.00000,1.69424,5
0.10659,0.00000,46.64082,1.00000,1.69103,5
0.08799,0.00000,46.05105,1.00000,1.69399,5
0.09753,0.00000,44.71698,1.00000,1.70287,5
0.07567,0.00000,45.50027,1.00000,1.73085,5
0.09945,0.00000,45.00569,1.00000,1.64653,5
0.07865,0.00000,45.24018,1.00000,1.69713,5
0.04835,0.00000,45.49085,1.00000,1.70107,5
0.05051,0.00000,44.80173,1.00000,1.68673,5
0.08863,0.00000,44.86277,1.00000,1.69250,5
0.12594,0.00000,43.77346,1.00000,1.69150,5
0.08258,0.00000,46.12916,1.00000,1.69137,5
0.07716,0.00000,46.17198,1.00000,1.70852,5
0.13197,0.00000,45.59561,1.00000,1.70597,5
0.12428,0.00000,44.66136,1.00000,1.70337,5
0.04920,0.00000,45.60353,1.00000,1.68748,5
0.05614,0.00000,44.38824,1.00000,1.71684,5
0.11000,0.00689,43.86288,1.00000,1.72453,5
0.07050,0.00000,45.18553,1.00000,1.68559,5
0.06437,0.00000,44.85724,1.00000,1.69241,5
0.12927,0.00000,44.95715,1.00000,1.69632,5
0.10058,0.00196,45.22918,1.00000,1.67323,5
0.09484,0.00000,45.15548,1.00000,1.70694,5
0.11970,0.00000,45.92364,1.00000,1.70612,5
0.05285,0.00000,44.50581,1.00000,1.71183,5
0.09806,0.00000,44.33102,1.00000,1.70159,5
0.10323,0.00000,45.69560,1.00000,1.69014,5
0.09650,0.00000,46.30559,1.00000,1.70210,5
0.07486,0.00000,45.58391,1.00000,1.71298,5
0.08920,0.00000,45.45836,1.00000,1.70803,5
0.05610,0.00000,45.35698,1.00000,1.70341,5
0.06411,0.00098,44.77376,1.00000,1.71737,5
0.12157,0.00000,45.73757,1.00000,1.71033,5
0.10379,0.00000,45.93918,1.00000,1.68375,5
0.08592,0.00098,45.48524,1.00000,1.69509,5
0.10947,0.00000,44.91670,1.00000,1.71263,5
0.06620,0.00000,45.11768,1.00000,1.72276,5
0.09364,0.00000,45.43571,1.00000,1.73539,5
0.10079,0.00000,44.77784,1.00000,1.70230,5
0.07133,0.00098,43.79729,1.00000,1.69614,5
0.05819,0.00000,44.38324,1.00000,1.70746,5
0.09145,0.00000,46.02726,1.00000,1.71804,5
0.13164,0.00000,45.16850,1.00000,1.69121,5
0.11487,0.00000,45.54998,1.00000,1.70429,5
0.08554,0.00098,44.43642,1.00000,1.69307,5
0.06894,0.00000,46.33470,1.00000,1.68544,5
0.05504,0.00000,45.27972,1.00000,1.69587,5
0.07503,0.00000,45.02721,1.00000,1.72706,5
0.05034,0.00000,45.66470,1.00000,1.70750,5
0.11793,0.00000,46.73692,1.00000,1.65826,5
0.08001,0.00000,45.25981,1.00000,1.71385,5
0.08667,0.00000,44.56920,1.00000,1.70277,5
0.10380,0.00000,45.11226,1.00000,1.71525,5
0.09960,0.00000,45.13606,1.00000,1.69818,5
0.07326,0.00098,44.52102,1.00000,1.71192,5
0.09754,0.00000,45.77960,1.00000,1.67706,5
0.11171,0.00000,45.14984,1.00000,1.70495,5
0.07387,0.00000,44.61275,1.00000,1.68707,5
0.08995,0.00000,46.46458,1.00000,1.68167,5
0.11048,0.00000,44.30319,1.00000,1.71152,5
0.07279,0.00987,45.81180,1.00000,1.73142,5
0.09134,0.00098,43.84485,1.00000,1.70514,5
0.05463,0.00000,43.87944,1.00000,1.71155,5
0.06880,0.00000,45.39732,1.00000,1.71998,5
0.12322,0.00000,46.26506,1.00000,1.69613,5
0.07808,0.00000,46.00734,1.00000,1.69726,5
0.04648,0.00000,46.02920,1.00000,1.69729,5
0.08175,0.00000,46.26887,1.00000,1.71244,5
0.06419,0.00000,46.34789,1.00000,1.70244,5
0.12941,0.00000,45.48579,1.00000,1.71536,5
0.10579,0.00098,46.50188,1.00000,1.72552,5
0.07185,0.00000,44.06935,1.00000,1.71878,5
0.05174,0.00098,45.80838,1.00000,1.69506,5
0.10031,0.00098,44.82779,1.00000,1.71065,5
0.06810,0.00000,45.20456,1.00000,1.70738,5
0.10275,0.00000,45.26633,1.00000,1.69580,5
0.08302,0.00000,44.28922,1.00000,1.69324,5
0.11641,0.00000,44.17729,1.00000,1.69434,5
0.07651,0.00000,46.05077,1.00000,1.71871,5
0.05602,0.00000,45.15649,1.00000,1.70459,5
0.12238,0.00000,44.99414,1.00000,1.68796,5
0.07002,0.00000,45.26203,1.00000,1.67742,5
0.07969,0.00000,45.80072,1.00000,1.68596,5
0.12791,0.00000,46.15092,1.00000,1.69378,5
0.12247,0.00000,44.83392,1.00000,1.68748,5
0.11932,0.00098,44.96435,1.00000,1.70397,5
0.05809,0.00000,44.69852,1.00000,1.73279,5
0.08571,0.00000,45.82911,1.00000,1.70245,5
0.06797,0.00098,44.63225,1.00000,1.68865,5
0.05432,0.00788,45.15301,1.00000,1.70275,5
0.07721,0.00000,46.40715,1.00000,1.67710,5
0.11971,0.00000,44.65905,1.00000,1.73239,5
0.11640,0.00000,45.61220,1.00000,1.72564,5
0.13043,0.00000,44.54601,1.00000,1.71299,5
0.06821,0.00393,45.78390,1.00000,1.67922,5
0.04771,0.00000,45.97850,1.00000,1.69128,5
0.09174,0.00000,45.61357,1.00000,1.68989,5
0.11898,0.00000,45.69767,1.00000,1.69916,5
0.10828,0.00000,46.23979,1.00000,1.70554,5
0.10287,0.00000,45.97737,1.00000,1.67660,5
0.07541,0.00196,44.67638,1.00000,1.67778,5
0.08409,0.00000,44.92168,1.00000,1.70394,5
0.07820,0.00000,45.94011,1.00000,1.75270,5
0.06521,0.00000,44.60076,1.00000,1.70862,5
0.07887,0.00000,45.76295,1.00000,1.70037,5
0.06668,0.00000,45.30013,1.00000,1.70754,5
0.07196,0.00000,45.01622,1.00000,1.70903,5
0.11176,0.00000,45.64489,1.00000,1.69881,5
0.08920,0.00000,45.53507,1.00000,1.69577,5
0.05162,0.00098,45.47781,1.00000,1.72457,5
0.12596,0.00196,45.13555,1.00000,1.68812,5
0.06447,0.00000,45.17363,1.00000,1.71019,5
0.05676,0.00000,44.73278,1.00000,1.66548,5
0.11125,0.00098,45.60984,1.00000,1.70649,5
0.12790,0.00000,44.90691,1.00000,1.66476,5
0.08488,0.00000,44.64701,1.00000,1.68272,5
0.05111,0.00000,45.55054,1.00000,1.69627,5
0.10625,0.00000,45.69693,1.00000,1.70878,5
0.09705,0.00000,45.28156,1.00000,1.70386,5
0.09816,0.00000,45.69305,1.00000,1.70053,5
0.05301,0.00000,45.74486,1.00000,1.73326,5
0.10314,0.00000,44.73181,1.00000,1.70039,5
0.06841,0.00000,44.08626,1.00000,1.68692,5
0.06213,0.00098,45.50431,1.00000,1.70337,5
0.05660,0.00000,45.06757,1.00000,1.70396,5
0.12904,0.00000,45.78191,1.00000,1.70427,5
0.08839,0.00000,45.53129,1.00000,1.68416,5
0.08317,0.00000,45.39817,1.00000,1.72771,5
0.09540,0.00000,43.91840,1.00000,1.68374,5
0.12766,0.00000,45.65223,1.00000,1.69453,5
0.06447,0.00000,45.09204,1.00000,1.71529,5
0.10286,0.00788,45.26285,1.00000,1.73089,5
0.06312,0.00098,44.48763,1.00000,1.70791,5
0.05056,0.00000,46.40476,1.00000,1.69532,5
0.04759,0.00000,44.93109,1.00000,1.69469,5
0.10732,0.00098,45.73832,1.00000,1.70254,5
0.10097,0.00000,45.18014,1.00000,1.69959,5
0.10912,0.00000,44.95038,1.00000,1.69699,5
0.09771,0.00000,45.24636,1.00000,1.71413,5
0.07626,0.00000,45.43264,1.00000,1.70909,5
0.11824,0.00098,45.58219,1.00000,1.69572,5
0.06290,0.00000,46.06662,1.00000,1.68058,5
0.12596,0.00000,45.35881,1.00000,1.71069,5
0.07662,0.00000,43.45295,1.00000,1.68384,5
0.04766,0.00393,45.13519,1.00000,1.70455,5
0.12592,0.00000,46.22339,1.00000,1.70499,5
0.11134,0.00000,44.43052,1.00000,1.68657,5
0.08693,0.00098,44.32759,1.00000,1.71478,5
0.11196,0.00000,46.73246,1.00000,1.71671,5
0.06109,0.00000,44.57167,1.00000,1.70492,5
0.09454,0.00000,45.84472,1.00000,1.67247,5
0.07079,0.00000,45.29668,1.00000,1.70221,5
0.07619,0.01287,45.82169,1.00000,1.71030,5
0.11524,0.00000,45.73177,1.00000,1.67607,5
0.08202,0.00000,44.73420,1.00000,1.71756,5
0.06071,0.00196,46.64101,1.00000,1.69757,5
0.09376,0.00098,44.80026,1.00000,1.65948,5
0.08029,0.00000,45.32728,1.00000,1.71946,5
0.13055,0.00000,45.47088,1.00000,1.71034,5
0.11486,0.00000,45.31722,1.00000,1.68761,5
0.10780,0.00000,44.80672,1.00000,1.70595,5
0.06165,0.00000,45.59176,1.00000,1.71030,5
0.09214,0.00000,44.94849,1.00000,1.70527,5
0.11231,0.00098,45.36792,1.00000,1.69893,5
0.10489,0.00000,45.11328,1.00000,1.70558,5
0.10973,0.00000,45.12759,1.00000,1.68739,5
0.12856,0.00000,44.72786,1.00000,1.68441,5
0.06543,0.00000,43.64365,1.00000,1.70461,5
0.13294,0.00000,46.05400,1.00000,1.69680,5
0.07874,0.00000,45.21138,1.00000,1.70437,5
0.06598,0.00000,46.29284,1.00000,1.71465,5
0.05882,0.00000,44.36204,1.00000,1.70638,5
0.07720,0.00000,46.05923,1.00000,1.69637,5
0.07692,0.00000,44.69913,1.00000,1.69789,5
0.05226,0.00000,44.42417,1.00000,1.71332,5
0.11753,0.00000,45.18224,1.00000,1.72778,5
0.07296,0.00000,45.05555,1.00000,1.69135,5
0.09110,0.00000,43.99077,1.00000,1.69573,5
0.07084,0.00000,44.89895,1.00000,1.68122,5
0.08859,0.00098,44.31399,1.00000,1.69757,5
0.12510,0.00000,45.38629,1.00000,1.70931,5
0.09962,0.00000,44.63305,1.00000,1.70796,5
0.06466,0.00000,46.08562,1.00000,1.70359,5
0.07241,0.00000,44.66625,1.00000,1.71238,5
0.09376,0.00000,45.18921,1.00000,1.69043,5
0.05407,0.00000,44.49707,1.00000,1.70752,5
0.12553,0.00000,45.33820,1.00000,1.69974,5
0.12718,0.00098,44.51656,1.00000,1.70651,5
0.05988,0.00000,45.81575,1.00000,1.69560,5
0.06555,0.00000,44.85641,1.00000,1.72425,5
0.05275,0.00000,46.24714,1.00000,1.66861,5
0.07791,0.00000,45.67350,1.00000,1.72514,5
0.07011,0.00000,45.56210,1.00000,1.69343,5
0.06580,0.00000,45.58474,1.00000,1.70023,5
0.12518,0.00000,45.54674,1.00000,1.68734,5
0.09613,0.00000,45.01634,1.00000,1.70494,5
0.10752,0.00000,45.28967,1.00000,1.69960,5
0.08039,0.00000,44.50709,1.00000,1.69379,5
0.12911,0.00000,44.92752,1.00000,1.68251,5
0.05266,0.00000,45.34251,1.00000,1.69247,5
0.04756,0.00000,44.74442,1.00000,1.71412,5
0.10646,0.00000,45.63098,1.00000,1.72113,5
0.06656,0.00000,45.15189,1.00000,1.68748,5
0.04907,0.00000,45.25867,1.00000,1.71233,5
0.05118,0.00098,45.79857,1.00000,1.68585,5
0.10238,0.00098,45.61216,1.00000,1.70102,5
0.11699,0.00000,45.75278,1.00000,1.71593,5
0.12694,0.00000,43.52396,1.00000,1.70512,5
0.05014,0.00000,45.44946,1.00000,1.69146,5
0.05750,0.00000,46.20997,1.00000,1.69515,5
0.09684,0.00000,44.67838,1.00000,1.69521,5
0.07298,0.00000,45.19973,1.00000,1.69790,5
0.09940,0.00000,45.32899,1.00000,1.70799,5
0.11773,0.00000,45.05387,1.00000,1.71229,5
0.10836,0.00000,45.74988,1.00000,1.72844,5
0.04870,0.00000,45.75286,1.00000,1.71479,5
0.10364,0.00000,44.70387,1.00000,1.69916,5
0.07806,0.00000,46.25037,1.00000,1.70567,5
0.11652,0.00000,45.27154,1.00000,1.70242,5
0.06568,0.00000,44.28691,1.00000,1.67535,5
0.07197,0.00000,45.16452,1.00000,1.69560,5
0.07470,0.00000,45.47977,1.00000,1.68832,5
0.09706,0.00000,46.93774,1.00000,1.69442,5
0.11489,0.00000,45.34392,1.00000,1.67834,5
0.08865,0.00000,45.63267,1.00000,1.71046,5
0.11004,0.00000,44.26985,1.00000,1.69678,5
0.06624,0.00000,45.82678,1.00000,1.71560,5
0.10923,0.00098,46.58843,1.00000,1.68781,5
0.12403,0.00000,45.47674,1.00000,1.70723,5
0.09376,0.00000,44.88417,1.00000,1.68160,5
0.08137,0.00000,45.32346,1.00000,1.70276,5
0.12603,0.00000,44.43648,1.00000,1.72411,5
0.11087,0.00000,45.00248,1.00000,1.70832,5
0.11959,0.00000,45.13723,1.00000,1.72840,5
0.05801,0.00000,46.31119,1.00000,1.69664,5
0.10765,0.00196,45.50344,1.00000,1.71006,5
0.05175,0.00000,46.43460,1.00000,1.72310,5
0.09031,0.00000,45.50652,1.00000,1.69994,5
0.12765,0.00000,45.07175,1.00000,1.68181,5
0.10829,0.00098,45.46023,1.00000,1.70881,5
0.09118,0.00098,43.49938,1.00000,1.70544,5
0.11312,0.00000,46.07257,1.00000,1.70955,5
0.07634,0.00000,45.76214,1.00000,1.67839,5
0.07178,0.00000,44.15442,1.00000,1.70654,5
0.06352,0.00000,44.74597,1.00000,1.68621,5
0.07208,0.00000,45.92219,1.00000,1.71954,5
0.13202,0.00000,45.93336,1.00000,1.70552,5
0.07160,0.00000,45.62121,1.00000,1.70297,5
0.09039,0.00000,44.64661,1.00000,1.69242,5
0.13244,0.00000,44.46625,1.00000,1.70710,5
0.10482,0.00098,45.57363,1.00000,1.68229,5
0.12942,0.00000,45.25241,1.00000,1.70602,5
0.11035,0.00000,45.21668,1.00000,1.71765,5
0.06045,0.00000,43.94182,1.00000,1.69009,5
0.08810,0.00000,44.68140,1.00000,1.69404,5
0.12499,0.00000,46.33690,1.00000,1.73496,5
0.11119,0.00000,46.00620,1.00000,1.68827,5
0.07795,0.00000,44.52983,1.00000,1.69826,5
0.09948,0.00000,45.64528,1.00000,1.68372,5
0.07815,0.00098,45.94060,1.00000,1.69173,5
0.07990,0.00000,46.01005,1.00000,1.71740,5
0.08878,0.00000,45.81566,1.00000,1.69234,5
0.11411,0.00098,45.36932,1.00000,1.68386,5
0.09677,0.00000,45.03740,1.00000,1.69901,5
0.05993,0.00098,44.88388,1.00000,1.72397,5
0.05487,0.00098,45.80229,1.00000,1.72582,5
0.08132,0.00000,45.88105,1.00000,1.70488,5
0.11185,0.00000,44.57578,1.00000,1.72764,5
0.11146,0.00098,45.43973,1.00000,1.68307,5
0.04708,0.00098,44.26566,1.00000,1.70111,5
0.08849,0.00098,44.91600,1.00000,1.67628,5
0.11021,0.00000,44.16901,1.00000,1.69114,5
0.05546,0.00788,45.52299,1.00000,1.73478,5
0.12219,0.00000,46.07246,1.00000,1.69662,5
0.05918,0.00000,43.95197,1.00000,1.72103,5
0.06183,0.00000,44.48676,1.00000,1.70786,5
0.08929,0.00000,45.26698,1.00000,1.70223,5
0.09373,0.00000,45.85795,1.00000,1.71188,5
0.07580,0.00000,44.96944,1.00000,1.69806,5
0.12616,0.00098,44.07944,1.00000,1.70699,5
0.11455,0.00000,45.30913,1.00000,1.69544,5
0.05381,0.00000,45.54249,1.00000,1.72779,5
0.09466,0.00000,44.97631,1.00000,1.71235,5
0.06723,0.00000,45.74511,1.00000,1.68738,5
0.10294,0.00000,45.38567,1.00000,1.71127,5
0.06707,0.00000,45.37863,1.00000,1.70700,5
0.13291,0.00000,45.44758,1.00000,1.69195,5
0.11217,0.00000,45.70864,1.00000,1.72841,5
0.10473,0.00000,45.75913,1.00000,1.69678,5
0.12388,0.00098,45.50377,1.00000,1.72336,5
0.10549,0.00098,44.88021,1.00000,1.71156,5
0.11583,0.00000,44.14421,1.00000,1.71746,5
0.12558,0.00000,45.62697,1.00000,1.69963,5
0.04977,0.00000,44.84390,1.00000,1.71777,5
0.08927,0.00000,44.22109,1.00000,1.68934,5
0.11380,0.00000,45.46750,1.00000,1.68849,5
0.07429,0.00000,45.10152,1.00000,1.73489,5
0.11050,0.00000,44.02398,1.00000,1.71496,5
0.05983,0.00000,44.56441,1.00000,1.71749,5
0.05316,0.00000,45.44571,1.00000,1.70922,5
0.10534,0.00000,44.66781,1.00000,1.70118,5
0.07993,0.00000,46.61352,1.00000,1.70388,5
0.05396,0.00000,45.19154,1.00000,1.70261,5
0.06647,0.00000,45.24763,1.00000,1.67193,5
0.07393,0.00000,45.11642,1.00000,1.70918,5
0.07254,0.00000,44.93820,1.00000,1.69993,5
0.05456,0.00098,45.45075,1.00000,1.67081,5
0.05765,0.00000,45.05407,1.00000,1.69665,5
0.11402,0.00196,45.58493,1.00000,1.68038,5
0.05642,0.00000,44.95552,1.00000,1.67834,5
0.10391,0.00000,45.71584,1.00000,1.70793,5
0.08363,0.00098,44.31015,1.00000,1.70745,5
0.10171,0.00000,46.27243,1.00000,1.71247,5
0.04848,0.00000,44.85176,1.00000,1.71468,5
0.11904,0.00000,44.62170,1.00000,1.69584,5
0.07441,0.00098,45.48867,1.00000,1.71228,5
0.05741,0.00000,45.83202,1.00000,1.70956,5
0.09500,0.00000,44.19612,1.00000,1.72522,5
0.06342,0.00000,44.94303,1.00000,1.72200,5
0.09061,0.00294,44.84724,1.00000,1.68191,5
0.09752,0.00000,44.89649,1.00000,1.70303,5
0.12996,0.00000,44.45788,1.00000,1.71663,5
0.07834,0.00098,44.48133,1.00000,1.68534,5
0.06905,0.00098,44.99647,1.00000,1.69965,5
0.05833,0.00000,45.88042,1.00000,1.70630,5
0.05255,0.00689,44.80245,1.00000,1.72915,5
0.09252,0.00000,45.55727,1.00000,1.71160,5
0.08354,0.00000,44.08355,1.00000,1.73273,5
0.05233,0.00000,47.50141,1.00000,1.69859,5
0.09455,0.00000,45.50785,1.00000,1.70146,5
0.06989,0.00000,45.79745,1.00000,1.70810,5
0.12983,0.00000,45.25072,1.00000,1.68193,5
0.07073,0.00098,44.25236,1.00000,1.68730,5
0.05758,0.00294,45.07101,1.00000,1.70325,5
0.11586,0.00000,45.64310,1.00000,1.71344,5
0.12653,0.00000,44.36210,1.00000,1.71053,5
0.04921,0.00000,45.10555,1.00000,1.70490,5
0.12986,0.00000,44.84692,1.00000,1.72749,5
0.06703,0.00000,45.97351,1.00000,1.73052,5
0.10877,0.00098,45.31126,1.00000,1.70788,5
0.07987,0.00000,45.45046,1.00000,1.70553,5
0.06683,0.00000,45.25862,1.00000,1.68724,5
0.10316,0.00000,45.13359,1.00000,1.69502,5
0.07955,0.00000,44.27655,1.00000,1.70463,5
0.10620,0.00000,44.45421,1.00000,1.71562,5
0.06572,0.00000,46.06509,1.00000,1.70740,5
0.10533,0.00098,44.04100,1.00000,1.71112,5
0.05159,0.00098,44.54624,1.00000,1.70727,5
0.08852,0.00000,44.78306,1.00000,1.69899,5
0.08108,0.00000,44.29287,1.00000,1.70732,5
0.11865,0.00000,45.04981,1.00000,1.69539,5
0.12974,0.00689,44.91382,1.00000,1.66755,5
0.08057,0.00000,45.24293,1.00000,1.71781,5
0.05762,0.00000,45.53079,1.00000,1.72413,5
0.05180,0.00098,45.31452,1.00000,1.70190,5
0.07511,0.00000,46.63606,1.00000,1.70060,5
0.12631,0.00000,46.06000,1.00000,1.69930,5
0.08058,0.00000,44.14964,1.00000,1.69280,5
0.10369,0.00000,44.42197,1.00000,1.69697,5
0.06908,0.00000,45.95377,1.00000,1.73517,5
0.09012,0.00000,45.14521,1.00000,1.68340,5
0.07592,0.00000,44.96579,1.00000,1.72208,5
0.12620,0.00098,45.68068,1.00000,1.71931,5
0.05781,0.00000,46.08683,1.00000,1.70167,5
0.07148,0.00000,45.08494,1.00000,1.74581,5
0.09583,0.00000,43.92916,1.00000,1.67767,5
0.09797,0.00000,44.91562,1.00000,1.69671,5
0.11322,0.00000,46.06205,1.00000,1.68455,5
0.11950,0.00000,44.12726,1.00000,1.70897,5
0.08302,0.00098,44.03392,1.00000,1.69757,5
0.07747,0.00000,45.37728,1.00000,1.70616,5
0.07118,0.00000,45.99623,1.00000,1.67573,5
0.10672,0.00000,44.65479,1.00000,1.71377,5
0.12578,0.00000,45.19608,1.00000,1.68383,5
0.06189,0.00000,45.92595,1.00000,1.67402,5
0.07404,0.00000,45.04152,1.00000,1.69470,5
0.10223,0.00196,44.93588,1.00000,1.72391,5
0.08054,0.00000,43.97329,1.00000,1.70233,5
0.08717,0.00000,45.45598,1.00000,1.71339,5
0.08176,0.00098,45.54784,1.00000,1.70955,5
0.06608,0.00000,45.89089,1.00000,1.68115,5
0.11553,0.00000,46.34232,1.00000,1.67462,5
0.12395,0.00000,45.92969,1.00000,1.72391,5
0.11446,0.00098,45.67918,1.00000,1.72587,5
0.11307,0.00000,44.77969,1.00000,1.68923,5
0.05531,0.00000,44.63704,1.00000,1.70190,5
0.10780,0.00000,46.92964,1.00000,1.69840,5
0.06035,0.00196,46.55850,1.00000,1.69158,5
0.10121,0.00098,45.23131,1.00000,1.70814,5
0.10844,0.00000,44.88295,1.00000,1.70367,5
0.10801,0.00000,43.93767,1.00000,1.69329,5
0.04904,0.00098,45.91359,1.00000,1.69058,5
0.06063,0.00000,45.74004,1.00000,1.70489,5
0.04781,0.00000,45.02535,1.00000,1.70034,5
0.10862,0.00000,45.20438,1.00000,1.69862,5
0.06045,0.00000,45.35828,1.00000,1.70801,5
0.09199,0.00000,45.84879,1.00000,1.70115,5
0.05651,0.00000,44.87836,1.00000,1.71632,5
0.05944,0.00000,44.00339,1.00000,1.68476,5
0.11131,0.00000,44.97954,1.00000,1.68948,5
0.06263,0.00000,44.72863,1.00000,1.72377,5
0.07956,0.00000,45.25047,1.00000,1.73367,5
0.05336,0.00000,45.04633,1.00000,1.69715,5
0.11330,0.00098,45.27290,1.00000,1.69100,5
0.06612,0.00196,43.33942,1.00000,1.67358,5
0.08551,0.00000,45.46929,1.00000,1.69502,5
0.05146,0.00000,45.57953,1.00000,1.67911,5
0.10507,0.00000,47.08557,1.00000,1.71016,5
0.12577,0.00000,45.58167,1.00000,1.72777,5
0.06657,0.00000,45.83921,1.00000,1.70377,5
0.05759,0.00098,45.19940,1.00000,1.68956,5
0.07236,0.00000,44.98004,1.00000,1.69993,5
0.08581,0.00098,45.22181,1.00000,1.69923,5
0.09358,0.00000,44.82696,1.00000,1.66666,5
0.11894,0.00098,44.72721,1.00000,1.67523,5
0.04787,0.00000,43.54720,1.00000,1.69091,5
0.08028,0.00000,45.77478,1.00000,1.70524,5
0.12273,0.00000,43.96538,1.00000,1.73122,5
0.05043,0.00098,44.96196,1.00000,1.69849,5
0.10014,0.00000,45.77628,1.00000,1.70509,5
0.10689,0.00098,44.20326,1.00000,1.73366,5
0.09786,0.00000,44.29395,1.00000,1.71561,5
0.10148,0.00000,45.42789,1.00000,1.72919,5
0.07227,0.00000,45.30926,1.00000,1.73368,5
0.07285,0.00000,45.47348,1.00000,1.69979,5
0.06240,0.00000,44.15753,1.00000,1.71946,5
0.08274,0.00000,46.27653,1.00000,1.71074,5
0.08657,0.00000,44.39629,1.00000,1.69324,5
0.12140,0.00000,45.78655,1.00000,1.70499,5
0.07011,0.00000,45.37245,1.00000,1.70880,5
0.10200,0.00000,45.58804,1.00000,1.72693,5
0.08944,0.00000,44.83583,1.00000,1.69505,5
0.08907,0.00000,44.42301,1.00000,1.70028,5
0.06534,0.00098,45.64770,1.00000,1.72053,5
0.06682,0.00098,44.98961,1.00000,1.70026,5
0.08050,0.00000,45.24992,1.00000,1.70541,5
0.13149,0.00000,44.60953,1.00000,1.69550,5
0.07512,0.00000,45.71064,1.00000,1.68859,5
0.11057,0.00000,44.79775,1.00000,1.67247,5
0.05003,0.00000,44.63117,1.00000,1.71346,5
0.09031,0.00000,44.63239,1.00000,1.69814,5
0.11584,0.00000,45.61479,1.00000,1.69059,5
0.08610,0.00000,45.37454,1.00000,1.70146,5
0.08834,0.00000,45.26476,1.00000,1.72868,5
0.11483,0.00000,46.03715,1.00000,1.69560,5
0.09683,0.00196,45.79655,1.00000,1.72333,5
0.05910,0.00000,44.54086,1.00000,1.72935,5
0.07377,0.00000,46.65900,1.00000,1.70256,5
0.10888,0.00098,44.95045,1.00000,1.70455,5
0.08848,0.00000,45.31074,1.00000,1.72710,5
0.11652,0.00000,45.47224,1.00000,1.73364,5
0.13406,0.00000,44.91248,1.00000,1.69264,5
0.09827,0.00000,43.73688,1.00000,1.70137,5
0.05276,0.00000,45.27337,1.00000,1.67898,5
0.11883,0.00000,45.05151,1.00000,1.72950,5
0.08422,0.00098,44.23988,1.00000,1.69257,5
0.13104,0.00000,46.30398,1.00000,1.67670,5
